[2026-09-21 05:32:06] INFO     main: PixelClick starting…
[2026-09-21 05:32:07] INFO     main_window: Global hotkeys registered.
[2026-09-21 05:32:07] INFO     main_window: MainWindow initialized.
[2026-09-21 05:33:07] INFO     main: PixelClick starting…
[2026-09-21 05:33:07] INFO     main_window: Global hotkeys registered.
[2026-09-21 05:33:07] INFO     main_window: MainWindow initialized.
[2026-09-21 05:33:36] DEBUG    main_window: Mode changed to: Color Detection
[2026-09-21 05:33:37] DEBUG    main_window: Mode changed to: Template Matching
[2026-09-21 05:35:46] INFO     main_window: Region selected: (886,728) 123×74
[2026-09-21 05:36:00] INFO     main_window: Template selected: D:/Projects/PixelClick/img_test/imgtest.jpg
[2026-09-21 05:36:37] INFO     template_match: Template loaded: D:\Projects\PixelClick\img_test\imgtest.jpg  (938×1136)
[2026-09-21 05:36:37] INFO     worker: Detection worker started.
[2026-09-21 05:36:37] INFO     main_window: Detection started.
[2026-09-21 05:36:37] WARNING  template_match: Template is larger than the capture region.
[2026-09-21 05:36:37] WARNING  template_match: Template is larger than the capture region.
[2026-09-21 05:36:37] WARNING  template_match: Template is larger than the capture region.
[2026-09-21 05:36:37] WARNING  template_match: Template is larger than the capture region.
[2026-09-21 05:36:37] WARNING  template_match: Template is larger than the capture region.
[2026-09-21 05:36:38] WARNING  template_match: Template is larger than the capture region.
[2026-09-21 05:36:38] WARNING  template_match: Template is larger than the capture region.
[2026-09-21 05:36:38] WARNING  template_match: Template is larger than the capture region.
[2026-09-21 05:36:38] WARNING  template_match: Template is larger than the capture region.
[2026-09-21 05:36:38] WARNING  template_match: Template is larger than the capture region.
[2026-09-21 05:36:38] WARNING  template_match: Template is larger than the capture region.
[2026-09-21 05:36:38] WARNING  template_match: Template is larger than the capture region.
[2026-09-21 05:36:38] WARNING  template_match: Template is larger than the capture region.
[2026-09-21 05:36:38] WARNING  template_match: Template is larger than the capture region.
[2026-09-21 05:36:38] WARNING  template_match: Template is larger than the capture region.
[2026-09-21 05:36:38] WARNING  template_match: Template is larger than the capture region.
[2026-09-21 05:36:38] WARNING  template_match: Template is larger than the capture region.
[2026-09-21 05:36:38] WARNING  template_match: Template is larger than the capture region.
[2026-09-21 05:36:38] WARNING  template_match: Template is larger than the capture region.
[2026-09-21 05:36:38] WARNING  template_match: Template is larger than the capture region.
[2026-09-21 05:36:38] WARNING  template_match: Template is larger than the capture region.
[2026-09-21 05:36:38] WARNING  template_match: Template is larger than the capture region.
[2026-09-21 05:36:38] WARNING  template_match: Template is larger than the capture region.
[2026-09-21 05:36:38] WARNING  template_match: Template is larger than the capture region.
[2026-09-21 05:36:38] WARNING  template_match: Template is larger than the capture region.
[2026-09-21 05:36:39] WARNING  template_match: Template is larger than the capture region.
[2026-09-21 05:36:39] WARNING  template_match: Template is larger than the capture region.
[2026-09-21 05:36:39] WARNING  template_match: Template is larger than the capture region.
[2026-09-21 05:36:39] WARNING  template_match: Template is larger than the capture region.
[2026-09-21 05:36:39] WARNING  template_match: Template is larger than the capture region.
[2026-09-21 05:36:39] WARNING  template_match: Template is larger than the capture region.
[2026-09-21 05:36:39] WARNING  template_match: Template is larger than the capture region.
[2026-09-21 05:36:39] WARNING  template_match: Template is larger than the capture region.
[2026-09-21 05:36:39] WARNING  template_match: Template is larger than the capture region.
[2026-09-21 05:36:39] WARNING  template_match: Template is larger than the capture region.
[2026-09-21 05:36:39] WARNING  template_match: Template is larger than the capture region.
[2026-09-21 05:36:39] WARNING  template_match: Template is larger than the capture region.
[2026-09-21 05:36:39] WARNING  template_match: Template is larger than the capture region.
[2026-09-21 05:36:39] WARNING  template_match: Template is larger than the capture region.
[2026-09-21 05:36:39] WARNING  template_match: Template is larger than the capture region.
[2026-09-21 05:36:39] WARNING  template_match: Template is larger than the capture region.
[2026-09-21 05:36:39] WARNING  template_match: Template is larger than the capture region.
[2026-09-21 05:36:39] WARNING  template_match: Template is larger than the capture region.
[2026-09-21 05:36:39] WARNING  template_match: Template is larger than the capture region.
[2026-09-21 05:36:39] WARNING  template_match: Template is larger than the capture region.
[2026-09-21 05:36:40] WARNING  template_match: Template is larger than the capture region.
[2026-09-21 05:36:40] WARNING  template_match: Template is larger than the capture region.
[2026-09-21 05:36:40] WARNING  template_match: Template is larger than the capture region.
[2026-09-21 05:36:40] WARNING  template_match: Template is larger than the capture region.
[2026-09-21 05:36:40] WARNING  template_match: Template is larger than the capture region.
[2026-09-21 05:36:40] WARNING  template_match: Template is larger than the capture region.
[2026-09-21 05:36:40] WARNING  template_match: Template is larger than the capture region.
[2026-09-21 05:36:40] WARNING  template_match: Template is larger than the capture region.
[2026-09-21 05:36:40] WARNING  template_match: Template is larger than the capture region.
[2026-09-21 05:36:40] WARNING  template_match: Template is larger than the capture region.
[2026-09-21 05:36:40] WARNING  template_match: Template is larger than the capture region.
[2026-09-21 05:36:40] WARNING  template_match: Template is larger than the capture region.
[2026-09-21 05:36:40] WARNING  template_match: Template is larger than the capture region.
[2026-09-21 05:36:40] WARNING  template_match: Template is larger than the capture region.
[2026-09-21 05:36:40] WARNING  template_match: Template is larger than the capture region.
[2026-09-21 05:36:40] WARNING  template_match: Template is larger than the capture region.
[2026-09-21 05:36:40] WARNING  template_match: Template is larger than the capture region.
[2026-09-21 05:36:40] WARNING  template_match: Template is larger than the capture region.
[2026-09-21 05:36:40] WARNING  template_match: Template is larger than the capture region.
[2026-09-21 05:36:40] WARNING  template_match: Template is larger than the capture region.
[2026-09-21 05:36:41] WARNING  template_match: Template is larger than the capture region.
[2026-09-21 05:36:41] WARNING  template_match: Template is larger than the capture region.
[2026-09-21 05:36:41] WARNING  template_match: Template is larger than the capture region.
[2026-09-21 05:36:41] WARNING  template_match: Template is larger than the capture region.
[2026-09-21 05:36:41] WARNING  template_match: Template is larger than the capture region.
[2026-09-21 05:36:41] WARNING  template_match: Template is larger than the capture region.
[2026-09-21 05:36:41] WARNING  template_match: Template is larger than the capture region.
[2026-09-21 05:36:41] WARNING  template_match: Template is larger than the capture region.
[2026-09-21 05:36:41] WARNING  template_match: Template is larger than the capture region.
[2026-09-21 05:36:41] WARNING  template_match: Template is larger than the capture region.
[2026-09-21 05:36:41] WARNING  template_match: Template is larger than the capture region.
[2026-09-21 05:36:41] WARNING  template_match: Template is larger than the capture region.
[2026-09-21 05:36:41] WARNING  template_match: Template is larger than the capture region.
[2026-09-21 05:36:41] WARNING  template_match: Template is larger than the capture region.
[2026-09-21 05:36:41] WARNING  template_match: Template is larger than the capture region.
[2026-09-21 05:36:41] WARNING  template_match: Template is larger than the capture region.
[2026-09-21 05:36:41] WARNING  template_match: Template is larger than the capture region.
[2026-09-21 05:36:41] WARNING  template_match: Template is larger than the capture region.
[2026-09-21 05:36:41] WARNING  template_match: Template is larger than the capture region.
[2026-09-21 05:36:41] WARNING  template_match: Template is larger than the capture region.
[2026-09-21 05:36:42] WARNING  template_match: Template is larger than the capture region.
[2026-09-21 05:36:42] WARNING  template_match: Template is larger than the capture region.
[2026-09-21 05:36:42] WARNING  template_match: Template is larger than the capture region.
[2026-09-21 05:36:42] WARNING  template_match: Template is larger than the capture region.
[2026-09-21 05:36:42] WARNING  template_match: Template is larger than the capture region.
[2026-09-21 05:36:42] WARNING  template_match: Template is larger than the capture region.
[2026-09-21 05:36:42] WARNING  template_match: Template is larger than the capture region.
[2026-09-21 05:36:42] WARNING  template_match: Template is larger than the capture region.
[2026-09-21 05:36:42] WARNING  template_match: Template is larger than the capture region.
[2026-09-21 05:36:42] WARNING  template_match: Template is larger than the capture region.
[2026-09-21 05:36:42] WARNING  template_match: Template is larger than the capture region.
[2026-09-21 05:36:42] WARNING  template_match: Template is larger than the capture region.
[2026-09-21 05:36:42] WARNING  template_match: Template is larger than the capture region.
[2026-09-21 05:36:42] WARNING  template_match: Template is larger than the capture region.
[2026-09-21 05:36:42] WARNING  template_match: Template is larger than the capture region.
[2026-09-21 05:36:42] WARNING  template_match: Template is larger than the capture region.
[2026-09-21 05:36:42] WARNING  template_match: Template is larger than the capture region.
[2026-09-21 05:36:42] WARNING  template_match: Template is larger than the capture region.
[2026-09-21 05:36:42] WARNING  template_match: Template is larger than the capture region.
[2026-09-21 05:36:42] WARNING  template_match: Template is larger than the capture region.
[2026-09-21 05:36:43] WARNING  template_match: Template is larger than the capture region.
[2026-09-21 05:36:43] WARNING  template_match: Template is larger than the capture region.
[2026-09-21 05:36:43] WARNING  template_match: Template is larger than the capture region.
[2026-09-21 05:36:43] WARNING  template_match: Template is larger than the capture region.
[2026-09-21 05:36:43] WARNING  template_match: Template is larger than the capture region.
[2026-09-21 05:36:43] WARNING  template_match: Template is larger than the capture region.
[2026-09-21 05:36:43] WARNING  template_match: Template is larger than the capture region.
[2026-09-21 05:36:43] WARNING  template_match: Template is larger than the capture region.
[2026-09-21 05:36:43] WARNING  template_match: Template is larger than the capture region.
[2026-09-21 05:36:43] WARNING  template_match: Template is larger than the capture region.
[2026-09-21 05:36:43] WARNING  template_match: Template is larger than the capture region.
[2026-09-21 05:36:43] WARNING  template_match: Template is larger than the capture region.
[2026-09-21 05:36:43] WARNING  template_match: Template is larger than the capture region.
[2026-09-21 05:36:43] WARNING  template_match: Template is larger than the capture region.
[2026-09-21 05:36:43] WARNING  template_match: Template is larger than the capture region.
[2026-09-21 05:36:43] WARNING  template_match: Template is larger than the capture region.
[2026-09-21 05:36:43] WARNING  template_match: Template is larger than the capture region.
[2026-09-21 05:36:43] WARNING  template_match: Template is larger than the capture region.
[2026-09-21 05:36:43] WARNING  template_match: Template is larger than the capture region.
[2026-09-21 05:36:43] WARNING  template_match: Template is larger than the capture region.
[2026-09-21 05:36:44] WARNING  template_match: Template is larger than the capture region.
[2026-09-21 05:36:44] WARNING  template_match: Template is larger than the capture region.
[2026-09-21 05:36:44] WARNING  template_match: Template is larger than the capture region.
[2026-09-21 05:36:44] WARNING  template_match: Template is larger than the capture region.
[2026-09-21 05:36:44] WARNING  template_match: Template is larger than the capture region.
[2026-09-21 05:36:44] WARNING  template_match: Template is larger than the capture region.
[2026-09-21 05:36:44] WARNING  template_match: Template is larger than the capture region.
[2026-09-21 05:36:44] WARNING  template_match: Template is larger than the capture region.
[2026-09-21 05:36:44] WARNING  template_match: Template is larger than the capture region.
[2026-09-21 05:36:44] WARNING  template_match: Template is larger than the capture region.
[2026-09-21 05:36:44] WARNING  template_match: Template is larger than the capture region.
[2026-09-21 05:36:44] WARNING  template_match: Template is larger than the capture region.
[2026-09-21 05:36:44] WARNING  template_match: Template is larger than the capture region.
[2026-09-21 05:36:44] WARNING  template_match: Template is larger than the capture region.
[2026-09-21 05:36:44] WARNING  template_match: Template is larger than the capture region.
[2026-09-21 05:36:44] WARNING  template_match: Template is larger than the capture region.
[2026-09-21 05:36:44] WARNING  template_match: Template is larger than the capture region.
[2026-09-21 05:36:44] WARNING  template_match: Template is larger than the capture region.
[2026-09-21 05:36:44] WARNING  template_match: Template is larger than the capture region.
[2026-09-21 05:36:45] WARNING  template_match: Template is larger than the capture region.
[2026-09-21 05:36:45] WARNING  template_match: Template is larger than the capture region.
[2026-09-21 05:36:45] WARNING  template_match: Template is larger than the capture region.
[2026-09-21 05:36:45] WARNING  template_match: Template is larger than the capture region.
[2026-09-21 05:36:45] WARNING  template_match: Template is larger than the capture region.
[2026-09-21 05:36:45] WARNING  template_match: Template is larger than the capture region.
[2026-09-21 05:36:45] WARNING  template_match: Template is larger than the capture region.
[2026-09-21 05:36:45] WARNING  template_match: Template is larger than the capture region.
[2026-09-21 05:36:45] WARNING  template_match: Template is larger than the capture region.
[2026-09-21 05:36:45] WARNING  template_match: Template is larger than the capture region.
[2026-09-21 05:36:45] WARNING  template_match: Template is larger than the capture region.
[2026-09-21 05:36:45] WARNING  template_match: Template is larger than the capture region.
[2026-09-21 05:36:45] WARNING  template_match: Template is larger than the capture region.
[2026-09-21 05:36:45] WARNING  template_match: Template is larger than the capture region.
[2026-09-21 05:36:45] WARNING  template_match: Template is larger than the capture region.
[2026-09-21 05:36:45] WARNING  template_match: Template is larger than the capture region.
[2026-09-21 05:36:45] WARNING  template_match: Template is larger than the capture region.
[2026-09-21 05:36:45] WARNING  template_match: Template is larger than the capture region.
[2026-09-21 05:36:45] WARNING  template_match: Template is larger than the capture region.
[2026-09-21 05:36:45] WARNING  template_match: Template is larger than the capture region.
[2026-09-21 05:36:46] WARNING  template_match: Template is larger than the capture region.
[2026-09-21 05:36:46] WARNING  template_match: Template is larger than the capture region.
[2026-09-21 05:36:46] WARNING  template_match: Template is larger than the capture region.
[2026-09-21 05:36:46] WARNING  template_match: Template is larger than the capture region.
[2026-09-21 05:36:46] WARNING  template_match: Template is larger than the capture region.
[2026-09-21 05:36:46] WARNING  template_match: Template is larger than the capture region.
[2026-09-21 05:36:46] WARNING  template_match: Template is larger than the capture region.
[2026-09-21 05:36:46] WARNING  template_match: Template is larger than the capture region.
[2026-09-21 05:36:46] WARNING  template_match: Template is larger than the capture region.
[2026-09-21 05:36:46] WARNING  template_match: Template is larger than the capture region.
[2026-09-21 05:36:46] WARNING  template_match: Template is larger than the capture region.
[2026-09-21 05:36:46] WARNING  template_match: Template is larger than the capture region.
[2026-09-21 05:36:46] WARNING  template_match: Template is larger than the capture region.
[2026-09-21 05:36:46] WARNING  template_match: Template is larger than the capture region.
[2026-09-21 05:36:46] WARNING  template_match: Template is larger than the capture region.
[2026-09-21 05:36:46] WARNING  template_match: Template is larger than the capture region.
[2026-09-21 05:36:46] WARNING  template_match: Template is larger than the capture region.
[2026-09-21 05:36:46] WARNING  template_match: Template is larger than the capture region.
[2026-09-21 05:36:46] WARNING  template_match: Template is larger than the capture region.
[2026-09-21 05:36:46] WARNING  template_match: Template is larger than the capture region.
[2026-09-21 05:36:47] WARNING  template_match: Template is larger than the capture region.
[2026-09-21 05:36:47] WARNING  template_match: Template is larger than the capture region.
[2026-09-21 05:36:47] WARNING  template_match: Template is larger than the capture region.
[2026-09-21 05:36:47] WARNING  template_match: Template is larger than the capture region.
[2026-09-21 05:36:47] WARNING  template_match: Template is larger than the capture region.
[2026-09-21 05:36:47] WARNING  template_match: Template is larger than the capture region.
[2026-09-21 05:36:47] WARNING  template_match: Template is larger than the capture region.
[2026-09-21 05:36:47] WARNING  template_match: Template is larger than the capture region.
[2026-09-21 05:36:47] WARNING  template_match: Template is larger than the capture region.
[2026-09-21 05:36:47] WARNING  template_match: Template is larger than the capture region.
[2026-09-21 05:36:47] WARNING  template_match: Template is larger than the capture region.
[2026-09-21 05:36:47] WARNING  template_match: Template is larger than the capture region.
[2026-09-21 05:36:47] WARNING  template_match: Template is larger than the capture region.
[2026-09-21 05:36:47] WARNING  template_match: Template is larger than the capture region.
[2026-09-21 05:36:47] WARNING  template_match: Template is larger than the capture region.
[2026-09-21 05:36:47] INFO     worker: Detection worker stopped.
[2026-09-21 05:36:47] INFO     main_window: Detection stopped.
[2026-09-21 05:36:48] INFO     template_match: Template loaded: D:\Projects\PixelClick\img_test\imgtest.jpg  (938×1136)
[2026-09-21 05:36:48] INFO     worker: Detection worker started.
[2026-09-21 05:36:48] ERROR    worker: Worker loop error: Windows graphics function failed (no error provided): BitBlt
Traceback (most recent call last):
  File "d:\Projects\PixelClick\detection_worker.py", line 142, in _run
    frame = self._capture_frame()
  File "d:\Projects\PixelClick\detection_worker.py", line 171, in _capture_frame
    return self._capture.capture_region(r["x"], r["y"], r["width"], r["height"])
           ~~~~~~~~~~~~~~~~~~~~~~~~~~~~^^^^^^^^^^^^^^^^^^^^^^^^^^^^^^^^^^^^^^^^^
  File "d:\Projects\PixelClick\capture\screen_capture.py", line 36, in capture_region
    return self._grab_to_bgr(sct, monitor)
           ~~~~~~~~~~~~~~~~~^^^^^^^^^^^^^^
  File "d:\Projects\PixelClick\capture\screen_capture.py", line 47, in _grab_to_bgr
    raw = sct.grab(monitor)
  File "C:\Users\thitopp\AppData\Local\Python\pythoncore-3.14-64\Lib\site-packages\mss\base.py", line 312, in grab
    img_data_and_maybe_size = self._impl.grab(monitor)
  File "C:\Users\thitopp\AppData\Local\Python\pythoncore-3.14-64\Lib\site-packages\mss\windows\gdi.py", line 380, in grab
    gdi.BitBlt(memdc, 0, 0, width, height, srcdc, monitor["left"], monitor["top"], SRCCOPY | CAPTUREBLT)
    ~~~~~~~~~~^^^^^^^^^^^^^^^^^^^^^^^^^^^^^^^^^^^^^^^^^^^^^^^^^^^^^^^^^^^^^^^^^^^^^^^^^^^^^^^^^^^^^^^^^^
  File "C:\Users\thitopp\AppData\Local\Python\pythoncore-3.14-64\Lib\site-packages\mss\windows\gdi.py", line 127, in _errcheck
    raise ScreenShotError(msg, details=details)
mss.exception.ScreenShotError: Windows graphics function failed (no error provided): BitBlt
[2026-09-21 05:36:48] INFO     main_window: Detection started.
[2026-09-21 05:36:48] ERROR    worker: Worker loop error: Windows graphics function failed (no error provided): BitBlt
Traceback (most recent call last):
  File "d:\Projects\PixelClick\detection_worker.py", line 142, in _run
    frame = self._capture_frame()
  File "d:\Projects\PixelClick\detection_worker.py", line 171, in _capture_frame
    return self._capture.capture_region(r["x"], r["y"], r["width"], r["height"])
           ~~~~~~~~~~~~~~~~~~~~~~~~~~~~^^^^^^^^^^^^^^^^^^^^^^^^^^^^^^^^^^^^^^^^^
  File "d:\Projects\PixelClick\capture\screen_capture.py", line 36, in capture_region
    return self._grab_to_bgr(sct, monitor)
           ~~~~~~~~~~~~~~~~~^^^^^^^^^^^^^^
  File "d:\Projects\PixelClick\capture\screen_capture.py", line 47, in _grab_to_bgr
    raw = sct.grab(monitor)
  File "C:\Users\thitopp\AppData\Local\Python\pythoncore-3.14-64\Lib\site-packages\mss\base.py", line 312, in grab
    img_data_and_maybe_size = self._impl.grab(monitor)
  File "C:\Users\thitopp\AppData\Local\Python\pythoncore-3.14-64\Lib\site-packages\mss\windows\gdi.py", line 380, in grab
    gdi.BitBlt(memdc, 0, 0, width, height, srcdc, monitor["left"], monitor["top"], SRCCOPY | CAPTUREBLT)
    ~~~~~~~~~~^^^^^^^^^^^^^^^^^^^^^^^^^^^^^^^^^^^^^^^^^^^^^^^^^^^^^^^^^^^^^^^^^^^^^^^^^^^^^^^^^^^^^^^^^^
  File "C:\Users\thitopp\AppData\Local\Python\pythoncore-3.14-64\Lib\site-packages\mss\windows\gdi.py", line 127, in _errcheck
    raise ScreenShotError(msg, details=details)
mss.exception.ScreenShotError: Windows graphics function failed (no error provided): BitBlt
[2026-09-21 05:36:48] ERROR    worker: Worker loop error: Windows graphics function failed (no error provided): BitBlt
Traceback (most recent call last):
  File "d:\Projects\PixelClick\detection_worker.py", line 142, in _run
    frame = self._capture_frame()
  File "d:\Projects\PixelClick\detection_worker.py", line 171, in _capture_frame
    return self._capture.capture_region(r["x"], r["y"], r["width"], r["height"])
           ~~~~~~~~~~~~~~~~~~~~~~~~~~~~^^^^^^^^^^^^^^^^^^^^^^^^^^^^^^^^^^^^^^^^^
  File "d:\Projects\PixelClick\capture\screen_capture.py", line 36, in capture_region
    return self._grab_to_bgr(sct, monitor)
           ~~~~~~~~~~~~~~~~~^^^^^^^^^^^^^^
  File "d:\Projects\PixelClick\capture\screen_capture.py", line 47, in _grab_to_bgr
    raw = sct.grab(monitor)
  File "C:\Users\thitopp\AppData\Local\Python\pythoncore-3.14-64\Lib\site-packages\mss\base.py", line 312, in grab
    img_data_and_maybe_size = self._impl.grab(monitor)
  File "C:\Users\thitopp\AppData\Local\Python\pythoncore-3.14-64\Lib\site-packages\mss\windows\gdi.py", line 380, in grab
    gdi.BitBlt(memdc, 0, 0, width, height, srcdc, monitor["left"], monitor["top"], SRCCOPY | CAPTUREBLT)
    ~~~~~~~~~~^^^^^^^^^^^^^^^^^^^^^^^^^^^^^^^^^^^^^^^^^^^^^^^^^^^^^^^^^^^^^^^^^^^^^^^^^^^^^^^^^^^^^^^^^^
  File "C:\Users\thitopp\AppData\Local\Python\pythoncore-3.14-64\Lib\site-packages\mss\windows\gdi.py", line 127, in _errcheck
    raise ScreenShotError(msg, details=details)
mss.exception.ScreenShotError: Windows graphics function failed (no error provided): BitBlt
[2026-09-21 05:36:48] ERROR    worker: Worker loop error: Windows graphics function failed (no error provided): BitBlt
Traceback (most recent call last):
  File "d:\Projects\PixelClick\detection_worker.py", line 142, in _run
    frame = self._capture_frame()
  File "d:\Projects\PixelClick\detection_worker.py", line 171, in _capture_frame
    return self._capture.capture_region(r["x"], r["y"], r["width"], r["height"])
           ~~~~~~~~~~~~~~~~~~~~~~~~~~~~^^^^^^^^^^^^^^^^^^^^^^^^^^^^^^^^^^^^^^^^^
  File "d:\Projects\PixelClick\capture\screen_capture.py", line 36, in capture_region
    return self._grab_to_bgr(sct, monitor)
           ~~~~~~~~~~~~~~~~~^^^^^^^^^^^^^^
  File "d:\Projects\PixelClick\capture\screen_capture.py", line 47, in _grab_to_bgr
    raw = sct.grab(monitor)
  File "C:\Users\thitopp\AppData\Local\Python\pythoncore-3.14-64\Lib\site-packages\mss\base.py", line 312, in grab
    img_data_and_maybe_size = self._impl.grab(monitor)
  File "C:\Users\thitopp\AppData\Local\Python\pythoncore-3.14-64\Lib\site-packages\mss\windows\gdi.py", line 380, in grab
    gdi.BitBlt(memdc, 0, 0, width, height, srcdc, monitor["left"], monitor["top"], SRCCOPY | CAPTUREBLT)
    ~~~~~~~~~~^^^^^^^^^^^^^^^^^^^^^^^^^^^^^^^^^^^^^^^^^^^^^^^^^^^^^^^^^^^^^^^^^^^^^^^^^^^^^^^^^^^^^^^^^^
  File "C:\Users\thitopp\AppData\Local\Python\pythoncore-3.14-64\Lib\site-packages\mss\windows\gdi.py", line 127, in _errcheck
    raise ScreenShotError(msg, details=details)
mss.exception.ScreenShotError: Windows graphics function failed (no error provided): BitBlt
[2026-09-21 05:36:48] ERROR    worker: Worker loop error: Windows graphics function failed (no error provided): BitBlt
Traceback (most recent call last):
  File "d:\Projects\PixelClick\detection_worker.py", line 142, in _run
    frame = self._capture_frame()
  File "d:\Projects\PixelClick\detection_worker.py", line 171, in _capture_frame
    return self._capture.capture_region(r["x"], r["y"], r["width"], r["height"])
           ~~~~~~~~~~~~~~~~~~~~~~~~~~~~^^^^^^^^^^^^^^^^^^^^^^^^^^^^^^^^^^^^^^^^^
  File "d:\Projects\PixelClick\capture\screen_capture.py", line 36, in capture_region
    return self._grab_to_bgr(sct, monitor)
           ~~~~~~~~~~~~~~~~~^^^^^^^^^^^^^^
  File "d:\Projects\PixelClick\capture\screen_capture.py", line 47, in _grab_to_bgr
    raw = sct.grab(monitor)
  File "C:\Users\thitopp\AppData\Local\Python\pythoncore-3.14-64\Lib\site-packages\mss\base.py", line 312, in grab
    img_data_and_maybe_size = self._impl.grab(monitor)
  File "C:\Users\thitopp\AppData\Local\Python\pythoncore-3.14-64\Lib\site-packages\mss\windows\gdi.py", line 380, in grab
    gdi.BitBlt(memdc, 0, 0, width, height, srcdc, monitor["left"], monitor["top"], SRCCOPY | CAPTUREBLT)
    ~~~~~~~~~~^^^^^^^^^^^^^^^^^^^^^^^^^^^^^^^^^^^^^^^^^^^^^^^^^^^^^^^^^^^^^^^^^^^^^^^^^^^^^^^^^^^^^^^^^^
  File "C:\Users\thitopp\AppData\Local\Python\pythoncore-3.14-64\Lib\site-packages\mss\windows\gdi.py", line 127, in _errcheck
    raise ScreenShotError(msg, details=details)
mss.exception.ScreenShotError: Windows graphics function failed (no error provided): BitBlt
[2026-09-21 05:36:48] ERROR    worker: Worker loop error: Windows graphics function failed (no error provided): BitBlt
Traceback (most recent call last):
  File "d:\Projects\PixelClick\detection_worker.py", line 142, in _run
    frame = self._capture_frame()
  File "d:\Projects\PixelClick\detection_worker.py", line 171, in _capture_frame
    return self._capture.capture_region(r["x"], r["y"], r["width"], r["height"])
           ~~~~~~~~~~~~~~~~~~~~~~~~~~~~^^^^^^^^^^^^^^^^^^^^^^^^^^^^^^^^^^^^^^^^^
  File "d:\Projects\PixelClick\capture\screen_capture.py", line 36, in capture_region
    return self._grab_to_bgr(sct, monitor)
           ~~~~~~~~~~~~~~~~~^^^^^^^^^^^^^^
  File "d:\Projects\PixelClick\capture\screen_capture.py", line 47, in _grab_to_bgr
    raw = sct.grab(monitor)
  File "C:\Users\thitopp\AppData\Local\Python\pythoncore-3.14-64\Lib\site-packages\mss\base.py", line 312, in grab
    img_data_and_maybe_size = self._impl.grab(monitor)
  File "C:\Users\thitopp\AppData\Local\Python\pythoncore-3.14-64\Lib\site-packages\mss\windows\gdi.py", line 380, in grab
    gdi.BitBlt(memdc, 0, 0, width, height, srcdc, monitor["left"], monitor["top"], SRCCOPY | CAPTUREBLT)
    ~~~~~~~~~~^^^^^^^^^^^^^^^^^^^^^^^^^^^^^^^^^^^^^^^^^^^^^^^^^^^^^^^^^^^^^^^^^^^^^^^^^^^^^^^^^^^^^^^^^^
  File "C:\Users\thitopp\AppData\Local\Python\pythoncore-3.14-64\Lib\site-packages\mss\windows\gdi.py", line 127, in _errcheck
    raise ScreenShotError(msg, details=details)
mss.exception.ScreenShotError: Windows graphics function failed (no error provided): BitBlt
[2026-09-21 05:36:48] ERROR    worker: Worker loop error: Windows graphics function failed (no error provided): BitBlt
Traceback (most recent call last):
  File "d:\Projects\PixelClick\detection_worker.py", line 142, in _run
    frame = self._capture_frame()
  File "d:\Projects\PixelClick\detection_worker.py", line 171, in _capture_frame
    return self._capture.capture_region(r["x"], r["y"], r["width"], r["height"])
           ~~~~~~~~~~~~~~~~~~~~~~~~~~~~^^^^^^^^^^^^^^^^^^^^^^^^^^^^^^^^^^^^^^^^^
  File "d:\Projects\PixelClick\capture\screen_capture.py", line 36, in capture_region
    return self._grab_to_bgr(sct, monitor)
           ~~~~~~~~~~~~~~~~~^^^^^^^^^^^^^^
  File "d:\Projects\PixelClick\capture\screen_capture.py", line 47, in _grab_to_bgr
    raw = sct.grab(monitor)
  File "C:\Users\thitopp\AppData\Local\Python\pythoncore-3.14-64\Lib\site-packages\mss\base.py", line 312, in grab
    img_data_and_maybe_size = self._impl.grab(monitor)
  File "C:\Users\thitopp\AppData\Local\Python\pythoncore-3.14-64\Lib\site-packages\mss\windows\gdi.py", line 380, in grab
    gdi.BitBlt(memdc, 0, 0, width, height, srcdc, monitor["left"], monitor["top"], SRCCOPY | CAPTUREBLT)
    ~~~~~~~~~~^^^^^^^^^^^^^^^^^^^^^^^^^^^^^^^^^^^^^^^^^^^^^^^^^^^^^^^^^^^^^^^^^^^^^^^^^^^^^^^^^^^^^^^^^^
  File "C:\Users\thitopp\AppData\Local\Python\pythoncore-3.14-64\Lib\site-packages\mss\windows\gdi.py", line 127, in _errcheck
    raise ScreenShotError(msg, details=details)
mss.exception.ScreenShotError: Windows graphics function failed (no error provided): BitBlt
[2026-09-21 05:36:48] ERROR    worker: Worker loop error: Windows graphics function failed (no error provided): BitBlt
Traceback (most recent call last):
  File "d:\Projects\PixelClick\detection_worker.py", line 142, in _run
    frame = self._capture_frame()
  File "d:\Projects\PixelClick\detection_worker.py", line 171, in _capture_frame
    return self._capture.capture_region(r["x"], r["y"], r["width"], r["height"])
           ~~~~~~~~~~~~~~~~~~~~~~~~~~~~^^^^^^^^^^^^^^^^^^^^^^^^^^^^^^^^^^^^^^^^^
  File "d:\Projects\PixelClick\capture\screen_capture.py", line 36, in capture_region
    return self._grab_to_bgr(sct, monitor)
           ~~~~~~~~~~~~~~~~~^^^^^^^^^^^^^^
  File "d:\Projects\PixelClick\capture\screen_capture.py", line 47, in _grab_to_bgr
    raw = sct.grab(monitor)
  File "C:\Users\thitopp\AppData\Local\Python\pythoncore-3.14-64\Lib\site-packages\mss\base.py", line 312, in grab
    img_data_and_maybe_size = self._impl.grab(monitor)
  File "C:\Users\thitopp\AppData\Local\Python\pythoncore-3.14-64\Lib\site-packages\mss\windows\gdi.py", line 380, in grab
    gdi.BitBlt(memdc, 0, 0, width, height, srcdc, monitor["left"], monitor["top"], SRCCOPY | CAPTUREBLT)
    ~~~~~~~~~~^^^^^^^^^^^^^^^^^^^^^^^^^^^^^^^^^^^^^^^^^^^^^^^^^^^^^^^^^^^^^^^^^^^^^^^^^^^^^^^^^^^^^^^^^^
  File "C:\Users\thitopp\AppData\Local\Python\pythoncore-3.14-64\Lib\site-packages\mss\windows\gdi.py", line 127, in _errcheck
    raise ScreenShotError(msg, details=details)
mss.exception.ScreenShotError: Windows graphics function failed (no error provided): BitBlt
[2026-09-21 05:36:48] ERROR    worker: Worker loop error: Windows graphics function failed (no error provided): BitBlt
Traceback (most recent call last):
  File "d:\Projects\PixelClick\detection_worker.py", line 142, in _run
    frame = self._capture_frame()
  File "d:\Projects\PixelClick\detection_worker.py", line 171, in _capture_frame
    return self._capture.capture_region(r["x"], r["y"], r["width"], r["height"])
           ~~~~~~~~~~~~~~~~~~~~~~~~~~~~^^^^^^^^^^^^^^^^^^^^^^^^^^^^^^^^^^^^^^^^^
  File "d:\Projects\PixelClick\capture\screen_capture.py", line 36, in capture_region
    return self._grab_to_bgr(sct, monitor)
           ~~~~~~~~~~~~~~~~~^^^^^^^^^^^^^^
  File "d:\Projects\PixelClick\capture\screen_capture.py", line 47, in _grab_to_bgr
    raw = sct.grab(monitor)
  File "C:\Users\thitopp\AppData\Local\Python\pythoncore-3.14-64\Lib\site-packages\mss\base.py", line 312, in grab
    img_data_and_maybe_size = self._impl.grab(monitor)
  File "C:\Users\thitopp\AppData\Local\Python\pythoncore-3.14-64\Lib\site-packages\mss\windows\gdi.py", line 380, in grab
    gdi.BitBlt(memdc, 0, 0, width, height, srcdc, monitor["left"], monitor["top"], SRCCOPY | CAPTUREBLT)
    ~~~~~~~~~~^^^^^^^^^^^^^^^^^^^^^^^^^^^^^^^^^^^^^^^^^^^^^^^^^^^^^^^^^^^^^^^^^^^^^^^^^^^^^^^^^^^^^^^^^^
  File "C:\Users\thitopp\AppData\Local\Python\pythoncore-3.14-64\Lib\site-packages\mss\windows\gdi.py", line 127, in _errcheck
    raise ScreenShotError(msg, details=details)
mss.exception.ScreenShotError: Windows graphics function failed (no error provided): BitBlt
[2026-09-21 05:36:48] ERROR    worker: Worker loop error: Windows graphics function failed (no error provided): BitBlt
Traceback (most recent call last):
  File "d:\Projects\PixelClick\detection_worker.py", line 142, in _run
    frame = self._capture_frame()
  File "d:\Projects\PixelClick\detection_worker.py", line 171, in _capture_frame
    return self._capture.capture_region(r["x"], r["y"], r["width"], r["height"])
           ~~~~~~~~~~~~~~~~~~~~~~~~~~~~^^^^^^^^^^^^^^^^^^^^^^^^^^^^^^^^^^^^^^^^^
  File "d:\Projects\PixelClick\capture\screen_capture.py", line 36, in capture_region
    return self._grab_to_bgr(sct, monitor)
           ~~~~~~~~~~~~~~~~~^^^^^^^^^^^^^^
  File "d:\Projects\PixelClick\capture\screen_capture.py", line 47, in _grab_to_bgr
    raw = sct.grab(monitor)
  File "C:\Users\thitopp\AppData\Local\Python\pythoncore-3.14-64\Lib\site-packages\mss\base.py", line 312, in grab
    img_data_and_maybe_size = self._impl.grab(monitor)
  File "C:\Users\thitopp\AppData\Local\Python\pythoncore-3.14-64\Lib\site-packages\mss\windows\gdi.py", line 380, in grab
    gdi.BitBlt(memdc, 0, 0, width, height, srcdc, monitor["left"], monitor["top"], SRCCOPY | CAPTUREBLT)
    ~~~~~~~~~~^^^^^^^^^^^^^^^^^^^^^^^^^^^^^^^^^^^^^^^^^^^^^^^^^^^^^^^^^^^^^^^^^^^^^^^^^^^^^^^^^^^^^^^^^^
  File "C:\Users\thitopp\AppData\Local\Python\pythoncore-3.14-64\Lib\site-packages\mss\windows\gdi.py", line 127, in _errcheck
    raise ScreenShotError(msg, details=details)
mss.exception.ScreenShotError: Windows graphics function failed (no error provided): BitBlt
[2026-09-21 05:36:49] ERROR    worker: Worker loop error: Windows graphics function failed (no error provided): BitBlt
Traceback (most recent call last):
  File "d:\Projects\PixelClick\detection_worker.py", line 142, in _run
    frame = self._capture_frame()
  File "d:\Projects\PixelClick\detection_worker.py", line 171, in _capture_frame
    return self._capture.capture_region(r["x"], r["y"], r["width"], r["height"])
           ~~~~~~~~~~~~~~~~~~~~~~~~~~~~^^^^^^^^^^^^^^^^^^^^^^^^^^^^^^^^^^^^^^^^^
  File "d:\Projects\PixelClick\capture\screen_capture.py", line 36, in capture_region
    return self._grab_to_bgr(sct, monitor)
           ~~~~~~~~~~~~~~~~~^^^^^^^^^^^^^^
  File "d:\Projects\PixelClick\capture\screen_capture.py", line 47, in _grab_to_bgr
    raw = sct.grab(monitor)
  File "C:\Users\thitopp\AppData\Local\Python\pythoncore-3.14-64\Lib\site-packages\mss\base.py", line 312, in grab
    img_data_and_maybe_size = self._impl.grab(monitor)
  File "C:\Users\thitopp\AppData\Local\Python\pythoncore-3.14-64\Lib\site-packages\mss\windows\gdi.py", line 380, in grab
    gdi.BitBlt(memdc, 0, 0, width, height, srcdc, monitor["left"], monitor["top"], SRCCOPY | CAPTUREBLT)
    ~~~~~~~~~~^^^^^^^^^^^^^^^^^^^^^^^^^^^^^^^^^^^^^^^^^^^^^^^^^^^^^^^^^^^^^^^^^^^^^^^^^^^^^^^^^^^^^^^^^^
  File "C:\Users\thitopp\AppData\Local\Python\pythoncore-3.14-64\Lib\site-packages\mss\windows\gdi.py", line 127, in _errcheck
    raise ScreenShotError(msg, details=details)
mss.exception.ScreenShotError: Windows graphics function failed (no error provided): BitBlt
[2026-09-21 05:36:49] ERROR    worker: Worker loop error: Windows graphics function failed (no error provided): BitBlt
Traceback (most recent call last):
  File "d:\Projects\PixelClick\detection_worker.py", line 142, in _run
    frame = self._capture_frame()
  File "d:\Projects\PixelClick\detection_worker.py", line 171, in _capture_frame
    return self._capture.capture_region(r["x"], r["y"], r["width"], r["height"])
           ~~~~~~~~~~~~~~~~~~~~~~~~~~~~^^^^^^^^^^^^^^^^^^^^^^^^^^^^^^^^^^^^^^^^^
  File "d:\Projects\PixelClick\capture\screen_capture.py", line 36, in capture_region
    return self._grab_to_bgr(sct, monitor)
           ~~~~~~~~~~~~~~~~~^^^^^^^^^^^^^^
  File "d:\Projects\PixelClick\capture\screen_capture.py", line 47, in _grab_to_bgr
    raw = sct.grab(monitor)
  File "C:\Users\thitopp\AppData\Local\Python\pythoncore-3.14-64\Lib\site-packages\mss\base.py", line 312, in grab
    img_data_and_maybe_size = self._impl.grab(monitor)
  File "C:\Users\thitopp\AppData\Local\Python\pythoncore-3.14-64\Lib\site-packages\mss\windows\gdi.py", line 380, in grab
    gdi.BitBlt(memdc, 0, 0, width, height, srcdc, monitor["left"], monitor["top"], SRCCOPY | CAPTUREBLT)
    ~~~~~~~~~~^^^^^^^^^^^^^^^^^^^^^^^^^^^^^^^^^^^^^^^^^^^^^^^^^^^^^^^^^^^^^^^^^^^^^^^^^^^^^^^^^^^^^^^^^^
  File "C:\Users\thitopp\AppData\Local\Python\pythoncore-3.14-64\Lib\site-packages\mss\windows\gdi.py", line 127, in _errcheck
    raise ScreenShotError(msg, details=details)
mss.exception.ScreenShotError: Windows graphics function failed (no error provided): BitBlt
[2026-09-21 05:36:49] ERROR    worker: Worker loop error: Windows graphics function failed (no error provided): BitBlt
Traceback (most recent call last):
  File "d:\Projects\PixelClick\detection_worker.py", line 142, in _run
    frame = self._capture_frame()
  File "d:\Projects\PixelClick\detection_worker.py", line 171, in _capture_frame
    return self._capture.capture_region(r["x"], r["y"], r["width"], r["height"])
           ~~~~~~~~~~~~~~~~~~~~~~~~~~~~^^^^^^^^^^^^^^^^^^^^^^^^^^^^^^^^^^^^^^^^^
  File "d:\Projects\PixelClick\capture\screen_capture.py", line 36, in capture_region
    return self._grab_to_bgr(sct, monitor)
           ~~~~~~~~~~~~~~~~~^^^^^^^^^^^^^^
  File "d:\Projects\PixelClick\capture\screen_capture.py", line 47, in _grab_to_bgr
    raw = sct.grab(monitor)
  File "C:\Users\thitopp\AppData\Local\Python\pythoncore-3.14-64\Lib\site-packages\mss\base.py", line 312, in grab
    img_data_and_maybe_size = self._impl.grab(monitor)
  File "C:\Users\thitopp\AppData\Local\Python\pythoncore-3.14-64\Lib\site-packages\mss\windows\gdi.py", line 380, in grab
    gdi.BitBlt(memdc, 0, 0, width, height, srcdc, monitor["left"], monitor["top"], SRCCOPY | CAPTUREBLT)
    ~~~~~~~~~~^^^^^^^^^^^^^^^^^^^^^^^^^^^^^^^^^^^^^^^^^^^^^^^^^^^^^^^^^^^^^^^^^^^^^^^^^^^^^^^^^^^^^^^^^^
  File "C:\Users\thitopp\AppData\Local\Python\pythoncore-3.14-64\Lib\site-packages\mss\windows\gdi.py", line 127, in _errcheck
    raise ScreenShotError(msg, details=details)
mss.exception.ScreenShotError: Windows graphics function failed (no error provided): BitBlt
[2026-09-21 05:36:49] ERROR    worker: Worker loop error: Windows graphics function failed (no error provided): BitBlt
Traceback (most recent call last):
  File "d:\Projects\PixelClick\detection_worker.py", line 142, in _run
    frame = self._capture_frame()
  File "d:\Projects\PixelClick\detection_worker.py", line 171, in _capture_frame
    return self._capture.capture_region(r["x"], r["y"], r["width"], r["height"])
           ~~~~~~~~~~~~~~~~~~~~~~~~~~~~^^^^^^^^^^^^^^^^^^^^^^^^^^^^^^^^^^^^^^^^^
  File "d:\Projects\PixelClick\capture\screen_capture.py", line 36, in capture_region
    return self._grab_to_bgr(sct, monitor)
           ~~~~~~~~~~~~~~~~~^^^^^^^^^^^^^^
  File "d:\Projects\PixelClick\capture\screen_capture.py", line 47, in _grab_to_bgr
    raw = sct.grab(monitor)
  File "C:\Users\thitopp\AppData\Local\Python\pythoncore-3.14-64\Lib\site-packages\mss\base.py", line 312, in grab
    img_data_and_maybe_size = self._impl.grab(monitor)
  File "C:\Users\thitopp\AppData\Local\Python\pythoncore-3.14-64\Lib\site-packages\mss\windows\gdi.py", line 380, in grab
    gdi.BitBlt(memdc, 0, 0, width, height, srcdc, monitor["left"], monitor["top"], SRCCOPY | CAPTUREBLT)
    ~~~~~~~~~~^^^^^^^^^^^^^^^^^^^^^^^^^^^^^^^^^^^^^^^^^^^^^^^^^^^^^^^^^^^^^^^^^^^^^^^^^^^^^^^^^^^^^^^^^^
  File "C:\Users\thitopp\AppData\Local\Python\pythoncore-3.14-64\Lib\site-packages\mss\windows\gdi.py", line 127, in _errcheck
    raise ScreenShotError(msg, details=details)
mss.exception.ScreenShotError: Windows graphics function failed (no error provided): BitBlt
[2026-09-21 05:36:49] ERROR    worker: Worker loop error: Windows graphics function failed (no error provided): BitBlt
Traceback (most recent call last):
  File "d:\Projects\PixelClick\detection_worker.py", line 142, in _run
    frame = self._capture_frame()
  File "d:\Projects\PixelClick\detection_worker.py", line 171, in _capture_frame
    return self._capture.capture_region(r["x"], r["y"], r["width"], r["height"])
           ~~~~~~~~~~~~~~~~~~~~~~~~~~~~^^^^^^^^^^^^^^^^^^^^^^^^^^^^^^^^^^^^^^^^^
  File "d:\Projects\PixelClick\capture\screen_capture.py", line 36, in capture_region
    return self._grab_to_bgr(sct, monitor)
           ~~~~~~~~~~~~~~~~~^^^^^^^^^^^^^^
  File "d:\Projects\PixelClick\capture\screen_capture.py", line 47, in _grab_to_bgr
    raw = sct.grab(monitor)
  File "C:\Users\thitopp\AppData\Local\Python\pythoncore-3.14-64\Lib\site-packages\mss\base.py", line 312, in grab
    img_data_and_maybe_size = self._impl.grab(monitor)
  File "C:\Users\thitopp\AppData\Local\Python\pythoncore-3.14-64\Lib\site-packages\mss\windows\gdi.py", line 380, in grab
    gdi.BitBlt(memdc, 0, 0, width, height, srcdc, monitor["left"], monitor["top"], SRCCOPY | CAPTUREBLT)
    ~~~~~~~~~~^^^^^^^^^^^^^^^^^^^^^^^^^^^^^^^^^^^^^^^^^^^^^^^^^^^^^^^^^^^^^^^^^^^^^^^^^^^^^^^^^^^^^^^^^^
  File "C:\Users\thitopp\AppData\Local\Python\pythoncore-3.14-64\Lib\site-packages\mss\windows\gdi.py", line 127, in _errcheck
    raise ScreenShotError(msg, details=details)
mss.exception.ScreenShotError: Windows graphics function failed (no error provided): BitBlt
[2026-09-21 05:36:49] ERROR    worker: Worker loop error: Windows graphics function failed (no error provided): BitBlt
Traceback (most recent call last):
  File "d:\Projects\PixelClick\detection_worker.py", line 142, in _run
    frame = self._capture_frame()
  File "d:\Projects\PixelClick\detection_worker.py", line 171, in _capture_frame
    return self._capture.capture_region(r["x"], r["y"], r["width"], r["height"])
           ~~~~~~~~~~~~~~~~~~~~~~~~~~~~^^^^^^^^^^^^^^^^^^^^^^^^^^^^^^^^^^^^^^^^^
  File "d:\Projects\PixelClick\capture\screen_capture.py", line 36, in capture_region
    return self._grab_to_bgr(sct, monitor)
           ~~~~~~~~~~~~~~~~~^^^^^^^^^^^^^^
  File "d:\Projects\PixelClick\capture\screen_capture.py", line 47, in _grab_to_bgr
    raw = sct.grab(monitor)
  File "C:\Users\thitopp\AppData\Local\Python\pythoncore-3.14-64\Lib\site-packages\mss\base.py", line 312, in grab
    img_data_and_maybe_size = self._impl.grab(monitor)
  File "C:\Users\thitopp\AppData\Local\Python\pythoncore-3.14-64\Lib\site-packages\mss\windows\gdi.py", line 380, in grab
    gdi.BitBlt(memdc, 0, 0, width, height, srcdc, monitor["left"], monitor["top"], SRCCOPY | CAPTUREBLT)
    ~~~~~~~~~~^^^^^^^^^^^^^^^^^^^^^^^^^^^^^^^^^^^^^^^^^^^^^^^^^^^^^^^^^^^^^^^^^^^^^^^^^^^^^^^^^^^^^^^^^^
  File "C:\Users\thitopp\AppData\Local\Python\pythoncore-3.14-64\Lib\site-packages\mss\windows\gdi.py", line 127, in _errcheck
    raise ScreenShotError(msg, details=details)
mss.exception.ScreenShotError: Windows graphics function failed (no error provided): BitBlt
[2026-09-21 05:36:49] ERROR    worker: Worker loop error: Windows graphics function failed (no error provided): BitBlt
Traceback (most recent call last):
  File "d:\Projects\PixelClick\detection_worker.py", line 142, in _run
    frame = self._capture_frame()
  File "d:\Projects\PixelClick\detection_worker.py", line 171, in _capture_frame
    return self._capture.capture_region(r["x"], r["y"], r["width"], r["height"])
           ~~~~~~~~~~~~~~~~~~~~~~~~~~~~^^^^^^^^^^^^^^^^^^^^^^^^^^^^^^^^^^^^^^^^^
  File "d:\Projects\PixelClick\capture\screen_capture.py", line 36, in capture_region
    return self._grab_to_bgr(sct, monitor)
           ~~~~~~~~~~~~~~~~~^^^^^^^^^^^^^^
  File "d:\Projects\PixelClick\capture\screen_capture.py", line 47, in _grab_to_bgr
    raw = sct.grab(monitor)
  File "C:\Users\thitopp\AppData\Local\Python\pythoncore-3.14-64\Lib\site-packages\mss\base.py", line 312, in grab
    img_data_and_maybe_size = self._impl.grab(monitor)
  File "C:\Users\thitopp\AppData\Local\Python\pythoncore-3.14-64\Lib\site-packages\mss\windows\gdi.py", line 380, in grab
    gdi.BitBlt(memdc, 0, 0, width, height, srcdc, monitor["left"], monitor["top"], SRCCOPY | CAPTUREBLT)
    ~~~~~~~~~~^^^^^^^^^^^^^^^^^^^^^^^^^^^^^^^^^^^^^^^^^^^^^^^^^^^^^^^^^^^^^^^^^^^^^^^^^^^^^^^^^^^^^^^^^^
  File "C:\Users\thitopp\AppData\Local\Python\pythoncore-3.14-64\Lib\site-packages\mss\windows\gdi.py", line 127, in _errcheck
    raise ScreenShotError(msg, details=details)
mss.exception.ScreenShotError: Windows graphics function failed (no error provided): BitBlt
[2026-09-21 05:36:49] ERROR    worker: Worker loop error: Windows graphics function failed (no error provided): BitBlt
Traceback (most recent call last):
  File "d:\Projects\PixelClick\detection_worker.py", line 142, in _run
    frame = self._capture_frame()
  File "d:\Projects\PixelClick\detection_worker.py", line 171, in _capture_frame
    return self._capture.capture_region(r["x"], r["y"], r["width"], r["height"])
           ~~~~~~~~~~~~~~~~~~~~~~~~~~~~^^^^^^^^^^^^^^^^^^^^^^^^^^^^^^^^^^^^^^^^^
  File "d:\Projects\PixelClick\capture\screen_capture.py", line 36, in capture_region
    return self._grab_to_bgr(sct, monitor)
           ~~~~~~~~~~~~~~~~~^^^^^^^^^^^^^^
  File "d:\Projects\PixelClick\capture\screen_capture.py", line 47, in _grab_to_bgr
    raw = sct.grab(monitor)
  File "C:\Users\thitopp\AppData\Local\Python\pythoncore-3.14-64\Lib\site-packages\mss\base.py", line 312, in grab
    img_data_and_maybe_size = self._impl.grab(monitor)
  File "C:\Users\thitopp\AppData\Local\Python\pythoncore-3.14-64\Lib\site-packages\mss\windows\gdi.py", line 380, in grab
    gdi.BitBlt(memdc, 0, 0, width, height, srcdc, monitor["left"], monitor["top"], SRCCOPY | CAPTUREBLT)
    ~~~~~~~~~~^^^^^^^^^^^^^^^^^^^^^^^^^^^^^^^^^^^^^^^^^^^^^^^^^^^^^^^^^^^^^^^^^^^^^^^^^^^^^^^^^^^^^^^^^^
  File "C:\Users\thitopp\AppData\Local\Python\pythoncore-3.14-64\Lib\site-packages\mss\windows\gdi.py", line 127, in _errcheck
    raise ScreenShotError(msg, details=details)
mss.exception.ScreenShotError: Windows graphics function failed (no error provided): BitBlt
[2026-09-21 05:36:49] ERROR    worker: Worker loop error: Windows graphics function failed (no error provided): BitBlt
Traceback (most recent call last):
  File "d:\Projects\PixelClick\detection_worker.py", line 142, in _run
    frame = self._capture_frame()
  File "d:\Projects\PixelClick\detection_worker.py", line 171, in _capture_frame
    return self._capture.capture_region(r["x"], r["y"], r["width"], r["height"])
           ~~~~~~~~~~~~~~~~~~~~~~~~~~~~^^^^^^^^^^^^^^^^^^^^^^^^^^^^^^^^^^^^^^^^^
  File "d:\Projects\PixelClick\capture\screen_capture.py", line 36, in capture_region
    return self._grab_to_bgr(sct, monitor)
           ~~~~~~~~~~~~~~~~~^^^^^^^^^^^^^^
  File "d:\Projects\PixelClick\capture\screen_capture.py", line 47, in _grab_to_bgr
    raw = sct.grab(monitor)
  File "C:\Users\thitopp\AppData\Local\Python\pythoncore-3.14-64\Lib\site-packages\mss\base.py", line 312, in grab
    img_data_and_maybe_size = self._impl.grab(monitor)
  File "C:\Users\thitopp\AppData\Local\Python\pythoncore-3.14-64\Lib\site-packages\mss\windows\gdi.py", line 380, in grab
    gdi.BitBlt(memdc, 0, 0, width, height, srcdc, monitor["left"], monitor["top"], SRCCOPY | CAPTUREBLT)
    ~~~~~~~~~~^^^^^^^^^^^^^^^^^^^^^^^^^^^^^^^^^^^^^^^^^^^^^^^^^^^^^^^^^^^^^^^^^^^^^^^^^^^^^^^^^^^^^^^^^^
  File "C:\Users\thitopp\AppData\Local\Python\pythoncore-3.14-64\Lib\site-packages\mss\windows\gdi.py", line 127, in _errcheck
    raise ScreenShotError(msg, details=details)
mss.exception.ScreenShotError: Windows graphics function failed (no error provided): BitBlt
[2026-09-21 05:36:49] ERROR    worker: Worker loop error: Windows graphics function failed (no error provided): BitBlt
Traceback (most recent call last):
  File "d:\Projects\PixelClick\detection_worker.py", line 142, in _run
    frame = self._capture_frame()
  File "d:\Projects\PixelClick\detection_worker.py", line 171, in _capture_frame
    return self._capture.capture_region(r["x"], r["y"], r["width"], r["height"])
           ~~~~~~~~~~~~~~~~~~~~~~~~~~~~^^^^^^^^^^^^^^^^^^^^^^^^^^^^^^^^^^^^^^^^^
  File "d:\Projects\PixelClick\capture\screen_capture.py", line 36, in capture_region
    return self._grab_to_bgr(sct, monitor)
           ~~~~~~~~~~~~~~~~~^^^^^^^^^^^^^^
  File "d:\Projects\PixelClick\capture\screen_capture.py", line 47, in _grab_to_bgr
    raw = sct.grab(monitor)
  File "C:\Users\thitopp\AppData\Local\Python\pythoncore-3.14-64\Lib\site-packages\mss\base.py", line 312, in grab
    img_data_and_maybe_size = self._impl.grab(monitor)
  File "C:\Users\thitopp\AppData\Local\Python\pythoncore-3.14-64\Lib\site-packages\mss\windows\gdi.py", line 380, in grab
    gdi.BitBlt(memdc, 0, 0, width, height, srcdc, monitor["left"], monitor["top"], SRCCOPY | CAPTUREBLT)
    ~~~~~~~~~~^^^^^^^^^^^^^^^^^^^^^^^^^^^^^^^^^^^^^^^^^^^^^^^^^^^^^^^^^^^^^^^^^^^^^^^^^^^^^^^^^^^^^^^^^^
  File "C:\Users\thitopp\AppData\Local\Python\pythoncore-3.14-64\Lib\site-packages\mss\windows\gdi.py", line 127, in _errcheck
    raise ScreenShotError(msg, details=details)
mss.exception.ScreenShotError: Windows graphics function failed (no error provided): BitBlt
[2026-09-21 05:36:49] ERROR    worker: Worker loop error: Windows graphics function failed (no error provided): BitBlt
Traceback (most recent call last):
  File "d:\Projects\PixelClick\detection_worker.py", line 142, in _run
    frame = self._capture_frame()
  File "d:\Projects\PixelClick\detection_worker.py", line 171, in _capture_frame
    return self._capture.capture_region(r["x"], r["y"], r["width"], r["height"])
           ~~~~~~~~~~~~~~~~~~~~~~~~~~~~^^^^^^^^^^^^^^^^^^^^^^^^^^^^^^^^^^^^^^^^^
  File "d:\Projects\PixelClick\capture\screen_capture.py", line 36, in capture_region
    return self._grab_to_bgr(sct, monitor)
           ~~~~~~~~~~~~~~~~~^^^^^^^^^^^^^^
  File "d:\Projects\PixelClick\capture\screen_capture.py", line 47, in _grab_to_bgr
    raw = sct.grab(monitor)
  File "C:\Users\thitopp\AppData\Local\Python\pythoncore-3.14-64\Lib\site-packages\mss\base.py", line 312, in grab
    img_data_and_maybe_size = self._impl.grab(monitor)
  File "C:\Users\thitopp\AppData\Local\Python\pythoncore-3.14-64\Lib\site-packages\mss\windows\gdi.py", line 380, in grab
    gdi.BitBlt(memdc, 0, 0, width, height, srcdc, monitor["left"], monitor["top"], SRCCOPY | CAPTUREBLT)
    ~~~~~~~~~~^^^^^^^^^^^^^^^^^^^^^^^^^^^^^^^^^^^^^^^^^^^^^^^^^^^^^^^^^^^^^^^^^^^^^^^^^^^^^^^^^^^^^^^^^^
  File "C:\Users\thitopp\AppData\Local\Python\pythoncore-3.14-64\Lib\site-packages\mss\windows\gdi.py", line 127, in _errcheck
    raise ScreenShotError(msg, details=details)
mss.exception.ScreenShotError: Windows graphics function failed (no error provided): BitBlt
[2026-09-21 05:36:49] ERROR    worker: Worker loop error: Windows graphics function failed (no error provided): BitBlt
Traceback (most recent call last):
  File "d:\Projects\PixelClick\detection_worker.py", line 142, in _run
    frame = self._capture_frame()
  File "d:\Projects\PixelClick\detection_worker.py", line 171, in _capture_frame
    return self._capture.capture_region(r["x"], r["y"], r["width"], r["height"])
           ~~~~~~~~~~~~~~~~~~~~~~~~~~~~^^^^^^^^^^^^^^^^^^^^^^^^^^^^^^^^^^^^^^^^^
  File "d:\Projects\PixelClick\capture\screen_capture.py", line 36, in capture_region
    return self._grab_to_bgr(sct, monitor)
           ~~~~~~~~~~~~~~~~~^^^^^^^^^^^^^^
  File "d:\Projects\PixelClick\capture\screen_capture.py", line 47, in _grab_to_bgr
    raw = sct.grab(monitor)
  File "C:\Users\thitopp\AppData\Local\Python\pythoncore-3.14-64\Lib\site-packages\mss\base.py", line 312, in grab
    img_data_and_maybe_size = self._impl.grab(monitor)
  File "C:\Users\thitopp\AppData\Local\Python\pythoncore-3.14-64\Lib\site-packages\mss\windows\gdi.py", line 380, in grab
    gdi.BitBlt(memdc, 0, 0, width, height, srcdc, monitor["left"], monitor["top"], SRCCOPY | CAPTUREBLT)
    ~~~~~~~~~~^^^^^^^^^^^^^^^^^^^^^^^^^^^^^^^^^^^^^^^^^^^^^^^^^^^^^^^^^^^^^^^^^^^^^^^^^^^^^^^^^^^^^^^^^^
  File "C:\Users\thitopp\AppData\Local\Python\pythoncore-3.14-64\Lib\site-packages\mss\windows\gdi.py", line 127, in _errcheck
    raise ScreenShotError(msg, details=details)
mss.exception.ScreenShotError: Windows graphics function failed (no error provided): BitBlt
[2026-09-21 05:36:49] ERROR    worker: Worker loop error: Windows graphics function failed (no error provided): BitBlt
Traceback (most recent call last):
  File "d:\Projects\PixelClick\detection_worker.py", line 142, in _run
    frame = self._capture_frame()
  File "d:\Projects\PixelClick\detection_worker.py", line 171, in _capture_frame
    return self._capture.capture_region(r["x"], r["y"], r["width"], r["height"])
           ~~~~~~~~~~~~~~~~~~~~~~~~~~~~^^^^^^^^^^^^^^^^^^^^^^^^^^^^^^^^^^^^^^^^^
  File "d:\Projects\PixelClick\capture\screen_capture.py", line 36, in capture_region
    return self._grab_to_bgr(sct, monitor)
           ~~~~~~~~~~~~~~~~~^^^^^^^^^^^^^^
  File "d:\Projects\PixelClick\capture\screen_capture.py", line 47, in _grab_to_bgr
    raw = sct.grab(monitor)
  File "C:\Users\thitopp\AppData\Local\Python\pythoncore-3.14-64\Lib\site-packages\mss\base.py", line 312, in grab
    img_data_and_maybe_size = self._impl.grab(monitor)
  File "C:\Users\thitopp\AppData\Local\Python\pythoncore-3.14-64\Lib\site-packages\mss\windows\gdi.py", line 380, in grab
    gdi.BitBlt(memdc, 0, 0, width, height, srcdc, monitor["left"], monitor["top"], SRCCOPY | CAPTUREBLT)
    ~~~~~~~~~~^^^^^^^^^^^^^^^^^^^^^^^^^^^^^^^^^^^^^^^^^^^^^^^^^^^^^^^^^^^^^^^^^^^^^^^^^^^^^^^^^^^^^^^^^^
  File "C:\Users\thitopp\AppData\Local\Python\pythoncore-3.14-64\Lib\site-packages\mss\windows\gdi.py", line 127, in _errcheck
    raise ScreenShotError(msg, details=details)
mss.exception.ScreenShotError: Windows graphics function failed (no error provided): BitBlt
[2026-09-21 05:36:49] ERROR    worker: Worker loop error: Windows graphics function failed (no error provided): BitBlt
Traceback (most recent call last):
  File "d:\Projects\PixelClick\detection_worker.py", line 142, in _run
    frame = self._capture_frame()
  File "d:\Projects\PixelClick\detection_worker.py", line 171, in _capture_frame
    return self._capture.capture_region(r["x"], r["y"], r["width"], r["height"])
           ~~~~~~~~~~~~~~~~~~~~~~~~~~~~^^^^^^^^^^^^^^^^^^^^^^^^^^^^^^^^^^^^^^^^^
  File "d:\Projects\PixelClick\capture\screen_capture.py", line 36, in capture_region
    return self._grab_to_bgr(sct, monitor)
           ~~~~~~~~~~~~~~~~~^^^^^^^^^^^^^^
  File "d:\Projects\PixelClick\capture\screen_capture.py", line 47, in _grab_to_bgr
    raw = sct.grab(monitor)
  File "C:\Users\thitopp\AppData\Local\Python\pythoncore-3.14-64\Lib\site-packages\mss\base.py", line 312, in grab
    img_data_and_maybe_size = self._impl.grab(monitor)
  File "C:\Users\thitopp\AppData\Local\Python\pythoncore-3.14-64\Lib\site-packages\mss\windows\gdi.py", line 380, in grab
    gdi.BitBlt(memdc, 0, 0, width, height, srcdc, monitor["left"], monitor["top"], SRCCOPY | CAPTUREBLT)
    ~~~~~~~~~~^^^^^^^^^^^^^^^^^^^^^^^^^^^^^^^^^^^^^^^^^^^^^^^^^^^^^^^^^^^^^^^^^^^^^^^^^^^^^^^^^^^^^^^^^^
  File "C:\Users\thitopp\AppData\Local\Python\pythoncore-3.14-64\Lib\site-packages\mss\windows\gdi.py", line 127, in _errcheck
    raise ScreenShotError(msg, details=details)
mss.exception.ScreenShotError: Windows graphics function failed (no error provided): BitBlt
[2026-09-21 05:36:49] ERROR    worker: Worker loop error: Windows graphics function failed (no error provided): BitBlt
Traceback (most recent call last):
  File "d:\Projects\PixelClick\detection_worker.py", line 142, in _run
    frame = self._capture_frame()
  File "d:\Projects\PixelClick\detection_worker.py", line 171, in _capture_frame
    return self._capture.capture_region(r["x"], r["y"], r["width"], r["height"])
           ~~~~~~~~~~~~~~~~~~~~~~~~~~~~^^^^^^^^^^^^^^^^^^^^^^^^^^^^^^^^^^^^^^^^^
  File "d:\Projects\PixelClick\capture\screen_capture.py", line 36, in capture_region
    return self._grab_to_bgr(sct, monitor)
           ~~~~~~~~~~~~~~~~~^^^^^^^^^^^^^^
  File "d:\Projects\PixelClick\capture\screen_capture.py", line 47, in _grab_to_bgr
    raw = sct.grab(monitor)
  File "C:\Users\thitopp\AppData\Local\Python\pythoncore-3.14-64\Lib\site-packages\mss\base.py", line 312, in grab
    img_data_and_maybe_size = self._impl.grab(monitor)
  File "C:\Users\thitopp\AppData\Local\Python\pythoncore-3.14-64\Lib\site-packages\mss\windows\gdi.py", line 380, in grab
    gdi.BitBlt(memdc, 0, 0, width, height, srcdc, monitor["left"], monitor["top"], SRCCOPY | CAPTUREBLT)
    ~~~~~~~~~~^^^^^^^^^^^^^^^^^^^^^^^^^^^^^^^^^^^^^^^^^^^^^^^^^^^^^^^^^^^^^^^^^^^^^^^^^^^^^^^^^^^^^^^^^^
  File "C:\Users\thitopp\AppData\Local\Python\pythoncore-3.14-64\Lib\site-packages\mss\windows\gdi.py", line 127, in _errcheck
    raise ScreenShotError(msg, details=details)
mss.exception.ScreenShotError: Windows graphics function failed (no error provided): BitBlt
[2026-09-21 05:36:49] ERROR    worker: Worker loop error: Windows graphics function failed (no error provided): BitBlt
Traceback (most recent call last):
  File "d:\Projects\PixelClick\detection_worker.py", line 142, in _run
    frame = self._capture_frame()
  File "d:\Projects\PixelClick\detection_worker.py", line 171, in _capture_frame
    return self._capture.capture_region(r["x"], r["y"], r["width"], r["height"])
           ~~~~~~~~~~~~~~~~~~~~~~~~~~~~^^^^^^^^^^^^^^^^^^^^^^^^^^^^^^^^^^^^^^^^^
  File "d:\Projects\PixelClick\capture\screen_capture.py", line 36, in capture_region
    return self._grab_to_bgr(sct, monitor)
           ~~~~~~~~~~~~~~~~~^^^^^^^^^^^^^^
  File "d:\Projects\PixelClick\capture\screen_capture.py", line 47, in _grab_to_bgr
    raw = sct.grab(monitor)
  File "C:\Users\thitopp\AppData\Local\Python\pythoncore-3.14-64\Lib\site-packages\mss\base.py", line 312, in grab
    img_data_and_maybe_size = self._impl.grab(monitor)
  File "C:\Users\thitopp\AppData\Local\Python\pythoncore-3.14-64\Lib\site-packages\mss\windows\gdi.py", line 380, in grab
    gdi.BitBlt(memdc, 0, 0, width, height, srcdc, monitor["left"], monitor["top"], SRCCOPY | CAPTUREBLT)
    ~~~~~~~~~~^^^^^^^^^^^^^^^^^^^^^^^^^^^^^^^^^^^^^^^^^^^^^^^^^^^^^^^^^^^^^^^^^^^^^^^^^^^^^^^^^^^^^^^^^^
  File "C:\Users\thitopp\AppData\Local\Python\pythoncore-3.14-64\Lib\site-packages\mss\windows\gdi.py", line 127, in _errcheck
    raise ScreenShotError(msg, details=details)
mss.exception.ScreenShotError: Windows graphics function failed (no error provided): BitBlt
[2026-09-21 05:36:49] ERROR    worker: Worker loop error: Windows graphics function failed (no error provided): BitBlt
Traceback (most recent call last):
  File "d:\Projects\PixelClick\detection_worker.py", line 142, in _run
    frame = self._capture_frame()
  File "d:\Projects\PixelClick\detection_worker.py", line 171, in _capture_frame
    return self._capture.capture_region(r["x"], r["y"], r["width"], r["height"])
           ~~~~~~~~~~~~~~~~~~~~~~~~~~~~^^^^^^^^^^^^^^^^^^^^^^^^^^^^^^^^^^^^^^^^^
  File "d:\Projects\PixelClick\capture\screen_capture.py", line 36, in capture_region
    return self._grab_to_bgr(sct, monitor)
           ~~~~~~~~~~~~~~~~~^^^^^^^^^^^^^^
  File "d:\Projects\PixelClick\capture\screen_capture.py", line 47, in _grab_to_bgr
    raw = sct.grab(monitor)
  File "C:\Users\thitopp\AppData\Local\Python\pythoncore-3.14-64\Lib\site-packages\mss\base.py", line 312, in grab
    img_data_and_maybe_size = self._impl.grab(monitor)
  File "C:\Users\thitopp\AppData\Local\Python\pythoncore-3.14-64\Lib\site-packages\mss\windows\gdi.py", line 380, in grab
    gdi.BitBlt(memdc, 0, 0, width, height, srcdc, monitor["left"], monitor["top"], SRCCOPY | CAPTUREBLT)
    ~~~~~~~~~~^^^^^^^^^^^^^^^^^^^^^^^^^^^^^^^^^^^^^^^^^^^^^^^^^^^^^^^^^^^^^^^^^^^^^^^^^^^^^^^^^^^^^^^^^^
  File "C:\Users\thitopp\AppData\Local\Python\pythoncore-3.14-64\Lib\site-packages\mss\windows\gdi.py", line 127, in _errcheck
    raise ScreenShotError(msg, details=details)
mss.exception.ScreenShotError: Windows graphics function failed (no error provided): BitBlt
[2026-09-21 05:36:49] ERROR    worker: Worker loop error: Windows graphics function failed (no error provided): BitBlt
Traceback (most recent call last):
  File "d:\Projects\PixelClick\detection_worker.py", line 142, in _run
    frame = self._capture_frame()
  File "d:\Projects\PixelClick\detection_worker.py", line 171, in _capture_frame
    return self._capture.capture_region(r["x"], r["y"], r["width"], r["height"])
           ~~~~~~~~~~~~~~~~~~~~~~~~~~~~^^^^^^^^^^^^^^^^^^^^^^^^^^^^^^^^^^^^^^^^^
  File "d:\Projects\PixelClick\capture\screen_capture.py", line 36, in capture_region
    return self._grab_to_bgr(sct, monitor)
           ~~~~~~~~~~~~~~~~~^^^^^^^^^^^^^^
  File "d:\Projects\PixelClick\capture\screen_capture.py", line 47, in _grab_to_bgr
    raw = sct.grab(monitor)
  File "C:\Users\thitopp\AppData\Local\Python\pythoncore-3.14-64\Lib\site-packages\mss\base.py", line 312, in grab
    img_data_and_maybe_size = self._impl.grab(monitor)
  File "C:\Users\thitopp\AppData\Local\Python\pythoncore-3.14-64\Lib\site-packages\mss\windows\gdi.py", line 380, in grab
    gdi.BitBlt(memdc, 0, 0, width, height, srcdc, monitor["left"], monitor["top"], SRCCOPY | CAPTUREBLT)
    ~~~~~~~~~~^^^^^^^^^^^^^^^^^^^^^^^^^^^^^^^^^^^^^^^^^^^^^^^^^^^^^^^^^^^^^^^^^^^^^^^^^^^^^^^^^^^^^^^^^^
  File "C:\Users\thitopp\AppData\Local\Python\pythoncore-3.14-64\Lib\site-packages\mss\windows\gdi.py", line 127, in _errcheck
    raise ScreenShotError(msg, details=details)
mss.exception.ScreenShotError: Windows graphics function failed (no error provided): BitBlt
[2026-09-21 05:36:49] ERROR    worker: Worker loop error: Windows graphics function failed (no error provided): BitBlt
Traceback (most recent call last):
  File "d:\Projects\PixelClick\detection_worker.py", line 142, in _run
    frame = self._capture_frame()
  File "d:\Projects\PixelClick\detection_worker.py", line 171, in _capture_frame
    return self._capture.capture_region(r["x"], r["y"], r["width"], r["height"])
           ~~~~~~~~~~~~~~~~~~~~~~~~~~~~^^^^^^^^^^^^^^^^^^^^^^^^^^^^^^^^^^^^^^^^^
  File "d:\Projects\PixelClick\capture\screen_capture.py", line 36, in capture_region
    return self._grab_to_bgr(sct, monitor)
           ~~~~~~~~~~~~~~~~~^^^^^^^^^^^^^^
  File "d:\Projects\PixelClick\capture\screen_capture.py", line 47, in _grab_to_bgr
    raw = sct.grab(monitor)
  File "C:\Users\thitopp\AppData\Local\Python\pythoncore-3.14-64\Lib\site-packages\mss\base.py", line 312, in grab
    img_data_and_maybe_size = self._impl.grab(monitor)
  File "C:\Users\thitopp\AppData\Local\Python\pythoncore-3.14-64\Lib\site-packages\mss\windows\gdi.py", line 380, in grab
    gdi.BitBlt(memdc, 0, 0, width, height, srcdc, monitor["left"], monitor["top"], SRCCOPY | CAPTUREBLT)
    ~~~~~~~~~~^^^^^^^^^^^^^^^^^^^^^^^^^^^^^^^^^^^^^^^^^^^^^^^^^^^^^^^^^^^^^^^^^^^^^^^^^^^^^^^^^^^^^^^^^^
  File "C:\Users\thitopp\AppData\Local\Python\pythoncore-3.14-64\Lib\site-packages\mss\windows\gdi.py", line 127, in _errcheck
    raise ScreenShotError(msg, details=details)
mss.exception.ScreenShotError: Windows graphics function failed (no error provided): BitBlt
[2026-09-21 05:36:49] ERROR    worker: Worker loop error: Windows graphics function failed (no error provided): BitBlt
Traceback (most recent call last):
  File "d:\Projects\PixelClick\detection_worker.py", line 142, in _run
    frame = self._capture_frame()
  File "d:\Projects\PixelClick\detection_worker.py", line 171, in _capture_frame
    return self._capture.capture_region(r["x"], r["y"], r["width"], r["height"])
           ~~~~~~~~~~~~~~~~~~~~~~~~~~~~^^^^^^^^^^^^^^^^^^^^^^^^^^^^^^^^^^^^^^^^^
  File "d:\Projects\PixelClick\capture\screen_capture.py", line 36, in capture_region
    return self._grab_to_bgr(sct, monitor)
           ~~~~~~~~~~~~~~~~~^^^^^^^^^^^^^^
  File "d:\Projects\PixelClick\capture\screen_capture.py", line 47, in _grab_to_bgr
    raw = sct.grab(monitor)
  File "C:\Users\thitopp\AppData\Local\Python\pythoncore-3.14-64\Lib\site-packages\mss\base.py", line 312, in grab
    img_data_and_maybe_size = self._impl.grab(monitor)
  File "C:\Users\thitopp\AppData\Local\Python\pythoncore-3.14-64\Lib\site-packages\mss\windows\gdi.py", line 380, in grab
    gdi.BitBlt(memdc, 0, 0, width, height, srcdc, monitor["left"], monitor["top"], SRCCOPY | CAPTUREBLT)
    ~~~~~~~~~~^^^^^^^^^^^^^^^^^^^^^^^^^^^^^^^^^^^^^^^^^^^^^^^^^^^^^^^^^^^^^^^^^^^^^^^^^^^^^^^^^^^^^^^^^^
  File "C:\Users\thitopp\AppData\Local\Python\pythoncore-3.14-64\Lib\site-packages\mss\windows\gdi.py", line 127, in _errcheck
    raise ScreenShotError(msg, details=details)
mss.exception.ScreenShotError: Windows graphics function failed (no error provided): BitBlt
[2026-09-21 05:36:50] ERROR    worker: Worker loop error: Windows graphics function failed (no error provided): BitBlt
Traceback (most recent call last):
  File "d:\Projects\PixelClick\detection_worker.py", line 142, in _run
    frame = self._capture_frame()
  File "d:\Projects\PixelClick\detection_worker.py", line 171, in _capture_frame
    return self._capture.capture_region(r["x"], r["y"], r["width"], r["height"])
           ~~~~~~~~~~~~~~~~~~~~~~~~~~~~^^^^^^^^^^^^^^^^^^^^^^^^^^^^^^^^^^^^^^^^^
  File "d:\Projects\PixelClick\capture\screen_capture.py", line 36, in capture_region
    return self._grab_to_bgr(sct, monitor)
           ~~~~~~~~~~~~~~~~~^^^^^^^^^^^^^^
  File "d:\Projects\PixelClick\capture\screen_capture.py", line 47, in _grab_to_bgr
    raw = sct.grab(monitor)
  File "C:\Users\thitopp\AppData\Local\Python\pythoncore-3.14-64\Lib\site-packages\mss\base.py", line 312, in grab
    img_data_and_maybe_size = self._impl.grab(monitor)
  File "C:\Users\thitopp\AppData\Local\Python\pythoncore-3.14-64\Lib\site-packages\mss\windows\gdi.py", line 380, in grab
    gdi.BitBlt(memdc, 0, 0, width, height, srcdc, monitor["left"], monitor["top"], SRCCOPY | CAPTUREBLT)
    ~~~~~~~~~~^^^^^^^^^^^^^^^^^^^^^^^^^^^^^^^^^^^^^^^^^^^^^^^^^^^^^^^^^^^^^^^^^^^^^^^^^^^^^^^^^^^^^^^^^^
  File "C:\Users\thitopp\AppData\Local\Python\pythoncore-3.14-64\Lib\site-packages\mss\windows\gdi.py", line 127, in _errcheck
    raise ScreenShotError(msg, details=details)
mss.exception.ScreenShotError: Windows graphics function failed (no error provided): BitBlt
[2026-09-21 05:36:50] ERROR    worker: Worker loop error: Windows graphics function failed (no error provided): BitBlt
Traceback (most recent call last):
  File "d:\Projects\PixelClick\detection_worker.py", line 142, in _run
    frame = self._capture_frame()
  File "d:\Projects\PixelClick\detection_worker.py", line 171, in _capture_frame
    return self._capture.capture_region(r["x"], r["y"], r["width"], r["height"])
           ~~~~~~~~~~~~~~~~~~~~~~~~~~~~^^^^^^^^^^^^^^^^^^^^^^^^^^^^^^^^^^^^^^^^^
  File "d:\Projects\PixelClick\capture\screen_capture.py", line 36, in capture_region
    return self._grab_to_bgr(sct, monitor)
           ~~~~~~~~~~~~~~~~~^^^^^^^^^^^^^^
  File "d:\Projects\PixelClick\capture\screen_capture.py", line 47, in _grab_to_bgr
    raw = sct.grab(monitor)
  File "C:\Users\thitopp\AppData\Local\Python\pythoncore-3.14-64\Lib\site-packages\mss\base.py", line 312, in grab
    img_data_and_maybe_size = self._impl.grab(monitor)
  File "C:\Users\thitopp\AppData\Local\Python\pythoncore-3.14-64\Lib\site-packages\mss\windows\gdi.py", line 380, in grab
    gdi.BitBlt(memdc, 0, 0, width, height, srcdc, monitor["left"], monitor["top"], SRCCOPY | CAPTUREBLT)
    ~~~~~~~~~~^^^^^^^^^^^^^^^^^^^^^^^^^^^^^^^^^^^^^^^^^^^^^^^^^^^^^^^^^^^^^^^^^^^^^^^^^^^^^^^^^^^^^^^^^^
  File "C:\Users\thitopp\AppData\Local\Python\pythoncore-3.14-64\Lib\site-packages\mss\windows\gdi.py", line 127, in _errcheck
    raise ScreenShotError(msg, details=details)
mss.exception.ScreenShotError: Windows graphics function failed (no error provided): BitBlt
[2026-09-21 05:36:50] ERROR    worker: Worker loop error: Windows graphics function failed (no error provided): BitBlt
Traceback (most recent call last):
  File "d:\Projects\PixelClick\detection_worker.py", line 142, in _run
    frame = self._capture_frame()
  File "d:\Projects\PixelClick\detection_worker.py", line 171, in _capture_frame
    return self._capture.capture_region(r["x"], r["y"], r["width"], r["height"])
           ~~~~~~~~~~~~~~~~~~~~~~~~~~~~^^^^^^^^^^^^^^^^^^^^^^^^^^^^^^^^^^^^^^^^^
  File "d:\Projects\PixelClick\capture\screen_capture.py", line 36, in capture_region
    return self._grab_to_bgr(sct, monitor)
           ~~~~~~~~~~~~~~~~~^^^^^^^^^^^^^^
  File "d:\Projects\PixelClick\capture\screen_capture.py", line 47, in _grab_to_bgr
    raw = sct.grab(monitor)
  File "C:\Users\thitopp\AppData\Local\Python\pythoncore-3.14-64\Lib\site-packages\mss\base.py", line 312, in grab
    img_data_and_maybe_size = self._impl.grab(monitor)
  File "C:\Users\thitopp\AppData\Local\Python\pythoncore-3.14-64\Lib\site-packages\mss\windows\gdi.py", line 380, in grab
    gdi.BitBlt(memdc, 0, 0, width, height, srcdc, monitor["left"], monitor["top"], SRCCOPY | CAPTUREBLT)
    ~~~~~~~~~~^^^^^^^^^^^^^^^^^^^^^^^^^^^^^^^^^^^^^^^^^^^^^^^^^^^^^^^^^^^^^^^^^^^^^^^^^^^^^^^^^^^^^^^^^^
  File "C:\Users\thitopp\AppData\Local\Python\pythoncore-3.14-64\Lib\site-packages\mss\windows\gdi.py", line 127, in _errcheck
    raise ScreenShotError(msg, details=details)
mss.exception.ScreenShotError: Windows graphics function failed (no error provided): BitBlt
[2026-09-21 05:36:50] ERROR    worker: Worker loop error: Windows graphics function failed (no error provided): BitBlt
Traceback (most recent call last):
  File "d:\Projects\PixelClick\detection_worker.py", line 142, in _run
    frame = self._capture_frame()
  File "d:\Projects\PixelClick\detection_worker.py", line 171, in _capture_frame
    return self._capture.capture_region(r["x"], r["y"], r["width"], r["height"])
           ~~~~~~~~~~~~~~~~~~~~~~~~~~~~^^^^^^^^^^^^^^^^^^^^^^^^^^^^^^^^^^^^^^^^^
  File "d:\Projects\PixelClick\capture\screen_capture.py", line 36, in capture_region
    return self._grab_to_bgr(sct, monitor)
           ~~~~~~~~~~~~~~~~~^^^^^^^^^^^^^^
  File "d:\Projects\PixelClick\capture\screen_capture.py", line 47, in _grab_to_bgr
    raw = sct.grab(monitor)
  File "C:\Users\thitopp\AppData\Local\Python\pythoncore-3.14-64\Lib\site-packages\mss\base.py", line 312, in grab
    img_data_and_maybe_size = self._impl.grab(monitor)
  File "C:\Users\thitopp\AppData\Local\Python\pythoncore-3.14-64\Lib\site-packages\mss\windows\gdi.py", line 380, in grab
    gdi.BitBlt(memdc, 0, 0, width, height, srcdc, monitor["left"], monitor["top"], SRCCOPY | CAPTUREBLT)
    ~~~~~~~~~~^^^^^^^^^^^^^^^^^^^^^^^^^^^^^^^^^^^^^^^^^^^^^^^^^^^^^^^^^^^^^^^^^^^^^^^^^^^^^^^^^^^^^^^^^^
  File "C:\Users\thitopp\AppData\Local\Python\pythoncore-3.14-64\Lib\site-packages\mss\windows\gdi.py", line 127, in _errcheck
    raise ScreenShotError(msg, details=details)
mss.exception.ScreenShotError: Windows graphics function failed (no error provided): BitBlt
[2026-09-21 05:36:50] ERROR    worker: Worker loop error: Windows graphics function failed (no error provided): BitBlt
Traceback (most recent call last):
  File "d:\Projects\PixelClick\detection_worker.py", line 142, in _run
    frame = self._capture_frame()
  File "d:\Projects\PixelClick\detection_worker.py", line 171, in _capture_frame
    return self._capture.capture_region(r["x"], r["y"], r["width"], r["height"])
           ~~~~~~~~~~~~~~~~~~~~~~~~~~~~^^^^^^^^^^^^^^^^^^^^^^^^^^^^^^^^^^^^^^^^^
  File "d:\Projects\PixelClick\capture\screen_capture.py", line 36, in capture_region
    return self._grab_to_bgr(sct, monitor)
           ~~~~~~~~~~~~~~~~~^^^^^^^^^^^^^^
  File "d:\Projects\PixelClick\capture\screen_capture.py", line 47, in _grab_to_bgr
    raw = sct.grab(monitor)
  File "C:\Users\thitopp\AppData\Local\Python\pythoncore-3.14-64\Lib\site-packages\mss\base.py", line 312, in grab
    img_data_and_maybe_size = self._impl.grab(monitor)
  File "C:\Users\thitopp\AppData\Local\Python\pythoncore-3.14-64\Lib\site-packages\mss\windows\gdi.py", line 380, in grab
    gdi.BitBlt(memdc, 0, 0, width, height, srcdc, monitor["left"], monitor["top"], SRCCOPY | CAPTUREBLT)
    ~~~~~~~~~~^^^^^^^^^^^^^^^^^^^^^^^^^^^^^^^^^^^^^^^^^^^^^^^^^^^^^^^^^^^^^^^^^^^^^^^^^^^^^^^^^^^^^^^^^^
  File "C:\Users\thitopp\AppData\Local\Python\pythoncore-3.14-64\Lib\site-packages\mss\windows\gdi.py", line 127, in _errcheck
    raise ScreenShotError(msg, details=details)
mss.exception.ScreenShotError: Windows graphics function failed (no error provided): BitBlt
[2026-09-21 05:36:50] ERROR    worker: Worker loop error: Windows graphics function failed (no error provided): BitBlt
Traceback (most recent call last):
  File "d:\Projects\PixelClick\detection_worker.py", line 142, in _run
    frame = self._capture_frame()
  File "d:\Projects\PixelClick\detection_worker.py", line 171, in _capture_frame
    return self._capture.capture_region(r["x"], r["y"], r["width"], r["height"])
           ~~~~~~~~~~~~~~~~~~~~~~~~~~~~^^^^^^^^^^^^^^^^^^^^^^^^^^^^^^^^^^^^^^^^^
  File "d:\Projects\PixelClick\capture\screen_capture.py", line 36, in capture_region
    return self._grab_to_bgr(sct, monitor)
           ~~~~~~~~~~~~~~~~~^^^^^^^^^^^^^^
  File "d:\Projects\PixelClick\capture\screen_capture.py", line 47, in _grab_to_bgr
    raw = sct.grab(monitor)
  File "C:\Users\thitopp\AppData\Local\Python\pythoncore-3.14-64\Lib\site-packages\mss\base.py", line 312, in grab
    img_data_and_maybe_size = self._impl.grab(monitor)
  File "C:\Users\thitopp\AppData\Local\Python\pythoncore-3.14-64\Lib\site-packages\mss\windows\gdi.py", line 380, in grab
    gdi.BitBlt(memdc, 0, 0, width, height, srcdc, monitor["left"], monitor["top"], SRCCOPY | CAPTUREBLT)
    ~~~~~~~~~~^^^^^^^^^^^^^^^^^^^^^^^^^^^^^^^^^^^^^^^^^^^^^^^^^^^^^^^^^^^^^^^^^^^^^^^^^^^^^^^^^^^^^^^^^^
  File "C:\Users\thitopp\AppData\Local\Python\pythoncore-3.14-64\Lib\site-packages\mss\windows\gdi.py", line 127, in _errcheck
    raise ScreenShotError(msg, details=details)
mss.exception.ScreenShotError: Windows graphics function failed (no error provided): BitBlt
[2026-09-21 05:36:50] ERROR    worker: Worker loop error: Windows graphics function failed (no error provided): BitBlt
Traceback (most recent call last):
  File "d:\Projects\PixelClick\detection_worker.py", line 142, in _run
    frame = self._capture_frame()
  File "d:\Projects\PixelClick\detection_worker.py", line 171, in _capture_frame
    return self._capture.capture_region(r["x"], r["y"], r["width"], r["height"])
           ~~~~~~~~~~~~~~~~~~~~~~~~~~~~^^^^^^^^^^^^^^^^^^^^^^^^^^^^^^^^^^^^^^^^^
  File "d:\Projects\PixelClick\capture\screen_capture.py", line 36, in capture_region
    return self._grab_to_bgr(sct, monitor)
           ~~~~~~~~~~~~~~~~~^^^^^^^^^^^^^^
  File "d:\Projects\PixelClick\capture\screen_capture.py", line 47, in _grab_to_bgr
    raw = sct.grab(monitor)
  File "C:\Users\thitopp\AppData\Local\Python\pythoncore-3.14-64\Lib\site-packages\mss\base.py", line 312, in grab
    img_data_and_maybe_size = self._impl.grab(monitor)
  File "C:\Users\thitopp\AppData\Local\Python\pythoncore-3.14-64\Lib\site-packages\mss\windows\gdi.py", line 380, in grab
    gdi.BitBlt(memdc, 0, 0, width, height, srcdc, monitor["left"], monitor["top"], SRCCOPY | CAPTUREBLT)
    ~~~~~~~~~~^^^^^^^^^^^^^^^^^^^^^^^^^^^^^^^^^^^^^^^^^^^^^^^^^^^^^^^^^^^^^^^^^^^^^^^^^^^^^^^^^^^^^^^^^^
  File "C:\Users\thitopp\AppData\Local\Python\pythoncore-3.14-64\Lib\site-packages\mss\windows\gdi.py", line 127, in _errcheck
    raise ScreenShotError(msg, details=details)
mss.exception.ScreenShotError: Windows graphics function failed (no error provided): BitBlt
[2026-09-21 05:36:50] ERROR    worker: Worker loop error: Windows graphics function failed (no error provided): BitBlt
Traceback (most recent call last):
  File "d:\Projects\PixelClick\detection_worker.py", line 142, in _run
    frame = self._capture_frame()
  File "d:\Projects\PixelClick\detection_worker.py", line 171, in _capture_frame
    return self._capture.capture_region(r["x"], r["y"], r["width"], r["height"])
           ~~~~~~~~~~~~~~~~~~~~~~~~~~~~^^^^^^^^^^^^^^^^^^^^^^^^^^^^^^^^^^^^^^^^^
  File "d:\Projects\PixelClick\capture\screen_capture.py", line 36, in capture_region
    return self._grab_to_bgr(sct, monitor)
           ~~~~~~~~~~~~~~~~~^^^^^^^^^^^^^^
  File "d:\Projects\PixelClick\capture\screen_capture.py", line 47, in _grab_to_bgr
    raw = sct.grab(monitor)
  File "C:\Users\thitopp\AppData\Local\Python\pythoncore-3.14-64\Lib\site-packages\mss\base.py", line 312, in grab
    img_data_and_maybe_size = self._impl.grab(monitor)
  File "C:\Users\thitopp\AppData\Local\Python\pythoncore-3.14-64\Lib\site-packages\mss\windows\gdi.py", line 380, in grab
    gdi.BitBlt(memdc, 0, 0, width, height, srcdc, monitor["left"], monitor["top"], SRCCOPY | CAPTUREBLT)
    ~~~~~~~~~~^^^^^^^^^^^^^^^^^^^^^^^^^^^^^^^^^^^^^^^^^^^^^^^^^^^^^^^^^^^^^^^^^^^^^^^^^^^^^^^^^^^^^^^^^^
  File "C:\Users\thitopp\AppData\Local\Python\pythoncore-3.14-64\Lib\site-packages\mss\windows\gdi.py", line 127, in _errcheck
    raise ScreenShotError(msg, details=details)
mss.exception.ScreenShotError: Windows graphics function failed (no error provided): BitBlt
[2026-09-21 05:36:50] ERROR    worker: Worker loop error: Windows graphics function failed (no error provided): BitBlt
Traceback (most recent call last):
  File "d:\Projects\PixelClick\detection_worker.py", line 142, in _run
    frame = self._capture_frame()
  File "d:\Projects\PixelClick\detection_worker.py", line 171, in _capture_frame
    return self._capture.capture_region(r["x"], r["y"], r["width"], r["height"])
           ~~~~~~~~~~~~~~~~~~~~~~~~~~~~^^^^^^^^^^^^^^^^^^^^^^^^^^^^^^^^^^^^^^^^^
  File "d:\Projects\PixelClick\capture\screen_capture.py", line 36, in capture_region
    return self._grab_to_bgr(sct, monitor)
           ~~~~~~~~~~~~~~~~~^^^^^^^^^^^^^^
  File "d:\Projects\PixelClick\capture\screen_capture.py", line 47, in _grab_to_bgr
    raw = sct.grab(monitor)
  File "C:\Users\thitopp\AppData\Local\Python\pythoncore-3.14-64\Lib\site-packages\mss\base.py", line 312, in grab
    img_data_and_maybe_size = self._impl.grab(monitor)
  File "C:\Users\thitopp\AppData\Local\Python\pythoncore-3.14-64\Lib\site-packages\mss\windows\gdi.py", line 380, in grab
    gdi.BitBlt(memdc, 0, 0, width, height, srcdc, monitor["left"], monitor["top"], SRCCOPY | CAPTUREBLT)
    ~~~~~~~~~~^^^^^^^^^^^^^^^^^^^^^^^^^^^^^^^^^^^^^^^^^^^^^^^^^^^^^^^^^^^^^^^^^^^^^^^^^^^^^^^^^^^^^^^^^^
  File "C:\Users\thitopp\AppData\Local\Python\pythoncore-3.14-64\Lib\site-packages\mss\windows\gdi.py", line 127, in _errcheck
    raise ScreenShotError(msg, details=details)
mss.exception.ScreenShotError: Windows graphics function failed (no error provided): BitBlt
[2026-09-21 05:36:50] ERROR    worker: Worker loop error: Windows graphics function failed (no error provided): BitBlt
Traceback (most recent call last):
  File "d:\Projects\PixelClick\detection_worker.py", line 142, in _run
    frame = self._capture_frame()
  File "d:\Projects\PixelClick\detection_worker.py", line 171, in _capture_frame
    return self._capture.capture_region(r["x"], r["y"], r["width"], r["height"])
           ~~~~~~~~~~~~~~~~~~~~~~~~~~~~^^^^^^^^^^^^^^^^^^^^^^^^^^^^^^^^^^^^^^^^^
  File "d:\Projects\PixelClick\capture\screen_capture.py", line 36, in capture_region
    return self._grab_to_bgr(sct, monitor)
           ~~~~~~~~~~~~~~~~~^^^^^^^^^^^^^^
  File "d:\Projects\PixelClick\capture\screen_capture.py", line 47, in _grab_to_bgr
    raw = sct.grab(monitor)
  File "C:\Users\thitopp\AppData\Local\Python\pythoncore-3.14-64\Lib\site-packages\mss\base.py", line 312, in grab
    img_data_and_maybe_size = self._impl.grab(monitor)
  File "C:\Users\thitopp\AppData\Local\Python\pythoncore-3.14-64\Lib\site-packages\mss\windows\gdi.py", line 380, in grab
    gdi.BitBlt(memdc, 0, 0, width, height, srcdc, monitor["left"], monitor["top"], SRCCOPY | CAPTUREBLT)
    ~~~~~~~~~~^^^^^^^^^^^^^^^^^^^^^^^^^^^^^^^^^^^^^^^^^^^^^^^^^^^^^^^^^^^^^^^^^^^^^^^^^^^^^^^^^^^^^^^^^^
  File "C:\Users\thitopp\AppData\Local\Python\pythoncore-3.14-64\Lib\site-packages\mss\windows\gdi.py", line 127, in _errcheck
    raise ScreenShotError(msg, details=details)
mss.exception.ScreenShotError: Windows graphics function failed (no error provided): BitBlt
[2026-09-21 05:36:50] ERROR    worker: Worker loop error: Windows graphics function failed (no error provided): BitBlt
Traceback (most recent call last):
  File "d:\Projects\PixelClick\detection_worker.py", line 142, in _run
    frame = self._capture_frame()
  File "d:\Projects\PixelClick\detection_worker.py", line 171, in _capture_frame
    return self._capture.capture_region(r["x"], r["y"], r["width"], r["height"])
           ~~~~~~~~~~~~~~~~~~~~~~~~~~~~^^^^^^^^^^^^^^^^^^^^^^^^^^^^^^^^^^^^^^^^^
  File "d:\Projects\PixelClick\capture\screen_capture.py", line 36, in capture_region
    return self._grab_to_bgr(sct, monitor)
           ~~~~~~~~~~~~~~~~~^^^^^^^^^^^^^^
  File "d:\Projects\PixelClick\capture\screen_capture.py", line 47, in _grab_to_bgr
    raw = sct.grab(monitor)
  File "C:\Users\thitopp\AppData\Local\Python\pythoncore-3.14-64\Lib\site-packages\mss\base.py", line 312, in grab
    img_data_and_maybe_size = self._impl.grab(monitor)
  File "C:\Users\thitopp\AppData\Local\Python\pythoncore-3.14-64\Lib\site-packages\mss\windows\gdi.py", line 380, in grab
    gdi.BitBlt(memdc, 0, 0, width, height, srcdc, monitor["left"], monitor["top"], SRCCOPY | CAPTUREBLT)
    ~~~~~~~~~~^^^^^^^^^^^^^^^^^^^^^^^^^^^^^^^^^^^^^^^^^^^^^^^^^^^^^^^^^^^^^^^^^^^^^^^^^^^^^^^^^^^^^^^^^^
  File "C:\Users\thitopp\AppData\Local\Python\pythoncore-3.14-64\Lib\site-packages\mss\windows\gdi.py", line 127, in _errcheck
    raise ScreenShotError(msg, details=details)
mss.exception.ScreenShotError: Windows graphics function failed (no error provided): BitBlt
[2026-09-21 05:36:50] ERROR    worker: Worker loop error: Windows graphics function failed (no error provided): BitBlt
Traceback (most recent call last):
  File "d:\Projects\PixelClick\detection_worker.py", line 142, in _run
    frame = self._capture_frame()
  File "d:\Projects\PixelClick\detection_worker.py", line 171, in _capture_frame
    return self._capture.capture_region(r["x"], r["y"], r["width"], r["height"])
           ~~~~~~~~~~~~~~~~~~~~~~~~~~~~^^^^^^^^^^^^^^^^^^^^^^^^^^^^^^^^^^^^^^^^^
  File "d:\Projects\PixelClick\capture\screen_capture.py", line 36, in capture_region
    return self._grab_to_bgr(sct, monitor)
           ~~~~~~~~~~~~~~~~~^^^^^^^^^^^^^^
  File "d:\Projects\PixelClick\capture\screen_capture.py", line 47, in _grab_to_bgr
    raw = sct.grab(monitor)
  File "C:\Users\thitopp\AppData\Local\Python\pythoncore-3.14-64\Lib\site-packages\mss\base.py", line 312, in grab
    img_data_and_maybe_size = self._impl.grab(monitor)
  File "C:\Users\thitopp\AppData\Local\Python\pythoncore-3.14-64\Lib\site-packages\mss\windows\gdi.py", line 380, in grab
    gdi.BitBlt(memdc, 0, 0, width, height, srcdc, monitor["left"], monitor["top"], SRCCOPY | CAPTUREBLT)
    ~~~~~~~~~~^^^^^^^^^^^^^^^^^^^^^^^^^^^^^^^^^^^^^^^^^^^^^^^^^^^^^^^^^^^^^^^^^^^^^^^^^^^^^^^^^^^^^^^^^^
  File "C:\Users\thitopp\AppData\Local\Python\pythoncore-3.14-64\Lib\site-packages\mss\windows\gdi.py", line 127, in _errcheck
    raise ScreenShotError(msg, details=details)
mss.exception.ScreenShotError: Windows graphics function failed (no error provided): BitBlt
[2026-09-21 05:36:50] ERROR    worker: Worker loop error: Windows graphics function failed (no error provided): BitBlt
Traceback (most recent call last):
  File "d:\Projects\PixelClick\detection_worker.py", line 142, in _run
    frame = self._capture_frame()
  File "d:\Projects\PixelClick\detection_worker.py", line 171, in _capture_frame
    return self._capture.capture_region(r["x"], r["y"], r["width"], r["height"])
           ~~~~~~~~~~~~~~~~~~~~~~~~~~~~^^^^^^^^^^^^^^^^^^^^^^^^^^^^^^^^^^^^^^^^^
  File "d:\Projects\PixelClick\capture\screen_capture.py", line 36, in capture_region
    return self._grab_to_bgr(sct, monitor)
           ~~~~~~~~~~~~~~~~~^^^^^^^^^^^^^^
  File "d:\Projects\PixelClick\capture\screen_capture.py", line 47, in _grab_to_bgr
    raw = sct.grab(monitor)
  File "C:\Users\thitopp\AppData\Local\Python\pythoncore-3.14-64\Lib\site-packages\mss\base.py", line 312, in grab
    img_data_and_maybe_size = self._impl.grab(monitor)
  File "C:\Users\thitopp\AppData\Local\Python\pythoncore-3.14-64\Lib\site-packages\mss\windows\gdi.py", line 380, in grab
    gdi.BitBlt(memdc, 0, 0, width, height, srcdc, monitor["left"], monitor["top"], SRCCOPY | CAPTUREBLT)
    ~~~~~~~~~~^^^^^^^^^^^^^^^^^^^^^^^^^^^^^^^^^^^^^^^^^^^^^^^^^^^^^^^^^^^^^^^^^^^^^^^^^^^^^^^^^^^^^^^^^^
  File "C:\Users\thitopp\AppData\Local\Python\pythoncore-3.14-64\Lib\site-packages\mss\windows\gdi.py", line 127, in _errcheck
    raise ScreenShotError(msg, details=details)
mss.exception.ScreenShotError: Windows graphics function failed (no error provided): BitBlt
[2026-09-21 05:36:50] ERROR    worker: Worker loop error: Windows graphics function failed (no error provided): BitBlt
Traceback (most recent call last):
  File "d:\Projects\PixelClick\detection_worker.py", line 142, in _run
    frame = self._capture_frame()
  File "d:\Projects\PixelClick\detection_worker.py", line 171, in _capture_frame
    return self._capture.capture_region(r["x"], r["y"], r["width"], r["height"])
           ~~~~~~~~~~~~~~~~~~~~~~~~~~~~^^^^^^^^^^^^^^^^^^^^^^^^^^^^^^^^^^^^^^^^^
  File "d:\Projects\PixelClick\capture\screen_capture.py", line 36, in capture_region
    return self._grab_to_bgr(sct, monitor)
           ~~~~~~~~~~~~~~~~~^^^^^^^^^^^^^^
  File "d:\Projects\PixelClick\capture\screen_capture.py", line 47, in _grab_to_bgr
    raw = sct.grab(monitor)
  File "C:\Users\thitopp\AppData\Local\Python\pythoncore-3.14-64\Lib\site-packages\mss\base.py", line 312, in grab
    img_data_and_maybe_size = self._impl.grab(monitor)
  File "C:\Users\thitopp\AppData\Local\Python\pythoncore-3.14-64\Lib\site-packages\mss\windows\gdi.py", line 380, in grab
    gdi.BitBlt(memdc, 0, 0, width, height, srcdc, monitor["left"], monitor["top"], SRCCOPY | CAPTUREBLT)
    ~~~~~~~~~~^^^^^^^^^^^^^^^^^^^^^^^^^^^^^^^^^^^^^^^^^^^^^^^^^^^^^^^^^^^^^^^^^^^^^^^^^^^^^^^^^^^^^^^^^^
  File "C:\Users\thitopp\AppData\Local\Python\pythoncore-3.14-64\Lib\site-packages\mss\windows\gdi.py", line 127, in _errcheck
    raise ScreenShotError(msg, details=details)
mss.exception.ScreenShotError: Windows graphics function failed (no error provided): BitBlt
[2026-09-21 05:36:50] ERROR    worker: Worker loop error: Windows graphics function failed (no error provided): BitBlt
Traceback (most recent call last):
  File "d:\Projects\PixelClick\detection_worker.py", line 142, in _run
    frame = self._capture_frame()
  File "d:\Projects\PixelClick\detection_worker.py", line 171, in _capture_frame
    return self._capture.capture_region(r["x"], r["y"], r["width"], r["height"])
           ~~~~~~~~~~~~~~~~~~~~~~~~~~~~^^^^^^^^^^^^^^^^^^^^^^^^^^^^^^^^^^^^^^^^^
  File "d:\Projects\PixelClick\capture\screen_capture.py", line 36, in capture_region
    return self._grab_to_bgr(sct, monitor)
           ~~~~~~~~~~~~~~~~~^^^^^^^^^^^^^^
  File "d:\Projects\PixelClick\capture\screen_capture.py", line 47, in _grab_to_bgr
    raw = sct.grab(monitor)
  File "C:\Users\thitopp\AppData\Local\Python\pythoncore-3.14-64\Lib\site-packages\mss\base.py", line 312, in grab
    img_data_and_maybe_size = self._impl.grab(monitor)
  File "C:\Users\thitopp\AppData\Local\Python\pythoncore-3.14-64\Lib\site-packages\mss\windows\gdi.py", line 380, in grab
    gdi.BitBlt(memdc, 0, 0, width, height, srcdc, monitor["left"], monitor["top"], SRCCOPY | CAPTUREBLT)
    ~~~~~~~~~~^^^^^^^^^^^^^^^^^^^^^^^^^^^^^^^^^^^^^^^^^^^^^^^^^^^^^^^^^^^^^^^^^^^^^^^^^^^^^^^^^^^^^^^^^^
  File "C:\Users\thitopp\AppData\Local\Python\pythoncore-3.14-64\Lib\site-packages\mss\windows\gdi.py", line 127, in _errcheck
    raise ScreenShotError(msg, details=details)
mss.exception.ScreenShotError: Windows graphics function failed (no error provided): BitBlt
[2026-09-21 05:36:50] ERROR    worker: Worker loop error: Windows graphics function failed (no error provided): BitBlt
Traceback (most recent call last):
  File "d:\Projects\PixelClick\detection_worker.py", line 142, in _run
    frame = self._capture_frame()
  File "d:\Projects\PixelClick\detection_worker.py", line 171, in _capture_frame
    return self._capture.capture_region(r["x"], r["y"], r["width"], r["height"])
           ~~~~~~~~~~~~~~~~~~~~~~~~~~~~^^^^^^^^^^^^^^^^^^^^^^^^^^^^^^^^^^^^^^^^^
  File "d:\Projects\PixelClick\capture\screen_capture.py", line 36, in capture_region
    return self._grab_to_bgr(sct, monitor)
           ~~~~~~~~~~~~~~~~~^^^^^^^^^^^^^^
  File "d:\Projects\PixelClick\capture\screen_capture.py", line 47, in _grab_to_bgr
    raw = sct.grab(monitor)
  File "C:\Users\thitopp\AppData\Local\Python\pythoncore-3.14-64\Lib\site-packages\mss\base.py", line 312, in grab
    img_data_and_maybe_size = self._impl.grab(monitor)
  File "C:\Users\thitopp\AppData\Local\Python\pythoncore-3.14-64\Lib\site-packages\mss\windows\gdi.py", line 380, in grab
    gdi.BitBlt(memdc, 0, 0, width, height, srcdc, monitor["left"], monitor["top"], SRCCOPY | CAPTUREBLT)
    ~~~~~~~~~~^^^^^^^^^^^^^^^^^^^^^^^^^^^^^^^^^^^^^^^^^^^^^^^^^^^^^^^^^^^^^^^^^^^^^^^^^^^^^^^^^^^^^^^^^^
  File "C:\Users\thitopp\AppData\Local\Python\pythoncore-3.14-64\Lib\site-packages\mss\windows\gdi.py", line 127, in _errcheck
    raise ScreenShotError(msg, details=details)
mss.exception.ScreenShotError: Windows graphics function failed (no error provided): BitBlt
[2026-09-21 05:36:50] ERROR    worker: Worker loop error: Windows graphics function failed (no error provided): BitBlt
Traceback (most recent call last):
  File "d:\Projects\PixelClick\detection_worker.py", line 142, in _run
    frame = self._capture_frame()
  File "d:\Projects\PixelClick\detection_worker.py", line 171, in _capture_frame
    return self._capture.capture_region(r["x"], r["y"], r["width"], r["height"])
           ~~~~~~~~~~~~~~~~~~~~~~~~~~~~^^^^^^^^^^^^^^^^^^^^^^^^^^^^^^^^^^^^^^^^^
  File "d:\Projects\PixelClick\capture\screen_capture.py", line 36, in capture_region
    return self._grab_to_bgr(sct, monitor)
           ~~~~~~~~~~~~~~~~~^^^^^^^^^^^^^^
  File "d:\Projects\PixelClick\capture\screen_capture.py", line 47, in _grab_to_bgr
    raw = sct.grab(monitor)
  File "C:\Users\thitopp\AppData\Local\Python\pythoncore-3.14-64\Lib\site-packages\mss\base.py", line 312, in grab
    img_data_and_maybe_size = self._impl.grab(monitor)
  File "C:\Users\thitopp\AppData\Local\Python\pythoncore-3.14-64\Lib\site-packages\mss\windows\gdi.py", line 380, in grab
    gdi.BitBlt(memdc, 0, 0, width, height, srcdc, monitor["left"], monitor["top"], SRCCOPY | CAPTUREBLT)
    ~~~~~~~~~~^^^^^^^^^^^^^^^^^^^^^^^^^^^^^^^^^^^^^^^^^^^^^^^^^^^^^^^^^^^^^^^^^^^^^^^^^^^^^^^^^^^^^^^^^^
  File "C:\Users\thitopp\AppData\Local\Python\pythoncore-3.14-64\Lib\site-packages\mss\windows\gdi.py", line 127, in _errcheck
    raise ScreenShotError(msg, details=details)
mss.exception.ScreenShotError: Windows graphics function failed (no error provided): BitBlt
[2026-09-21 05:36:50] ERROR    worker: Worker loop error: Windows graphics function failed (no error provided): BitBlt
Traceback (most recent call last):
  File "d:\Projects\PixelClick\detection_worker.py", line 142, in _run
    frame = self._capture_frame()
  File "d:\Projects\PixelClick\detection_worker.py", line 171, in _capture_frame
    return self._capture.capture_region(r["x"], r["y"], r["width"], r["height"])
           ~~~~~~~~~~~~~~~~~~~~~~~~~~~~^^^^^^^^^^^^^^^^^^^^^^^^^^^^^^^^^^^^^^^^^
  File "d:\Projects\PixelClick\capture\screen_capture.py", line 36, in capture_region
    return self._grab_to_bgr(sct, monitor)
           ~~~~~~~~~~~~~~~~~^^^^^^^^^^^^^^
  File "d:\Projects\PixelClick\capture\screen_capture.py", line 47, in _grab_to_bgr
    raw = sct.grab(monitor)
  File "C:\Users\thitopp\AppData\Local\Python\pythoncore-3.14-64\Lib\site-packages\mss\base.py", line 312, in grab
    img_data_and_maybe_size = self._impl.grab(monitor)
  File "C:\Users\thitopp\AppData\Local\Python\pythoncore-3.14-64\Lib\site-packages\mss\windows\gdi.py", line 380, in grab
    gdi.BitBlt(memdc, 0, 0, width, height, srcdc, monitor["left"], monitor["top"], SRCCOPY | CAPTUREBLT)
    ~~~~~~~~~~^^^^^^^^^^^^^^^^^^^^^^^^^^^^^^^^^^^^^^^^^^^^^^^^^^^^^^^^^^^^^^^^^^^^^^^^^^^^^^^^^^^^^^^^^^
  File "C:\Users\thitopp\AppData\Local\Python\pythoncore-3.14-64\Lib\site-packages\mss\windows\gdi.py", line 127, in _errcheck
    raise ScreenShotError(msg, details=details)
mss.exception.ScreenShotError: Windows graphics function failed (no error provided): BitBlt
[2026-09-21 05:36:50] ERROR    worker: Worker loop error: Windows graphics function failed (no error provided): BitBlt
Traceback (most recent call last):
  File "d:\Projects\PixelClick\detection_worker.py", line 142, in _run
    frame = self._capture_frame()
  File "d:\Projects\PixelClick\detection_worker.py", line 171, in _capture_frame
    return self._capture.capture_region(r["x"], r["y"], r["width"], r["height"])
           ~~~~~~~~~~~~~~~~~~~~~~~~~~~~^^^^^^^^^^^^^^^^^^^^^^^^^^^^^^^^^^^^^^^^^
  File "d:\Projects\PixelClick\capture\screen_capture.py", line 36, in capture_region
    return self._grab_to_bgr(sct, monitor)
           ~~~~~~~~~~~~~~~~~^^^^^^^^^^^^^^
  File "d:\Projects\PixelClick\capture\screen_capture.py", line 47, in _grab_to_bgr
    raw = sct.grab(monitor)
  File "C:\Users\thitopp\AppData\Local\Python\pythoncore-3.14-64\Lib\site-packages\mss\base.py", line 312, in grab
    img_data_and_maybe_size = self._impl.grab(monitor)
  File "C:\Users\thitopp\AppData\Local\Python\pythoncore-3.14-64\Lib\site-packages\mss\windows\gdi.py", line 380, in grab
    gdi.BitBlt(memdc, 0, 0, width, height, srcdc, monitor["left"], monitor["top"], SRCCOPY | CAPTUREBLT)
    ~~~~~~~~~~^^^^^^^^^^^^^^^^^^^^^^^^^^^^^^^^^^^^^^^^^^^^^^^^^^^^^^^^^^^^^^^^^^^^^^^^^^^^^^^^^^^^^^^^^^
  File "C:\Users\thitopp\AppData\Local\Python\pythoncore-3.14-64\Lib\site-packages\mss\windows\gdi.py", line 127, in _errcheck
    raise ScreenShotError(msg, details=details)
mss.exception.ScreenShotError: Windows graphics function failed (no error provided): BitBlt
[2026-09-21 05:36:50] INFO     worker: Detection worker stopped.
[2026-09-21 05:36:50] INFO     main_window: Detection stopped.
[2026-09-21 05:36:52] INFO     template_match: Template loaded: D:\Projects\PixelClick\img_test\imgtest.jpg  (938×1136)
[2026-09-21 05:36:52] INFO     worker: Detection worker started.
[2026-09-21 05:36:52] ERROR    worker: Worker loop error: Windows graphics function failed (no error provided): BitBlt
Traceback (most recent call last):
  File "d:\Projects\PixelClick\detection_worker.py", line 142, in _run
    frame = self._capture_frame()
  File "d:\Projects\PixelClick\detection_worker.py", line 171, in _capture_frame
    return self._capture.capture_region(r["x"], r["y"], r["width"], r["height"])
           ~~~~~~~~~~~~~~~~~~~~~~~~~~~~^^^^^^^^^^^^^^^^^^^^^^^^^^^^^^^^^^^^^^^^^
  File "d:\Projects\PixelClick\capture\screen_capture.py", line 36, in capture_region
    return self._grab_to_bgr(sct, monitor)
           ~~~~~~~~~~~~~~~~~^^^^^^^^^^^^^^
  File "d:\Projects\PixelClick\capture\screen_capture.py", line 47, in _grab_to_bgr
    raw = sct.grab(monitor)
  File "C:\Users\thitopp\AppData\Local\Python\pythoncore-3.14-64\Lib\site-packages\mss\base.py", line 312, in grab
    img_data_and_maybe_size = self._impl.grab(monitor)
  File "C:\Users\thitopp\AppData\Local\Python\pythoncore-3.14-64\Lib\site-packages\mss\windows\gdi.py", line 380, in grab
    gdi.BitBlt(memdc, 0, 0, width, height, srcdc, monitor["left"], monitor["top"], SRCCOPY | CAPTUREBLT)
    ~~~~~~~~~~^^^^^^^^^^^^^^^^^^^^^^^^^^^^^^^^^^^^^^^^^^^^^^^^^^^^^^^^^^^^^^^^^^^^^^^^^^^^^^^^^^^^^^^^^^
  File "C:\Users\thitopp\AppData\Local\Python\pythoncore-3.14-64\Lib\site-packages\mss\windows\gdi.py", line 127, in _errcheck
    raise ScreenShotError(msg, details=details)
mss.exception.ScreenShotError: Windows graphics function failed (no error provided): BitBlt
[2026-09-21 05:36:52] INFO     main_window: Detection started.
[2026-09-21 05:36:52] ERROR    worker: Worker loop error: Windows graphics function failed (no error provided): BitBlt
Traceback (most recent call last):
  File "d:\Projects\PixelClick\detection_worker.py", line 142, in _run
    frame = self._capture_frame()
  File "d:\Projects\PixelClick\detection_worker.py", line 171, in _capture_frame
    return self._capture.capture_region(r["x"], r["y"], r["width"], r["height"])
           ~~~~~~~~~~~~~~~~~~~~~~~~~~~~^^^^^^^^^^^^^^^^^^^^^^^^^^^^^^^^^^^^^^^^^
  File "d:\Projects\PixelClick\capture\screen_capture.py", line 36, in capture_region
    return self._grab_to_bgr(sct, monitor)
           ~~~~~~~~~~~~~~~~~^^^^^^^^^^^^^^
  File "d:\Projects\PixelClick\capture\screen_capture.py", line 47, in _grab_to_bgr
    raw = sct.grab(monitor)
  File "C:\Users\thitopp\AppData\Local\Python\pythoncore-3.14-64\Lib\site-packages\mss\base.py", line 312, in grab
    img_data_and_maybe_size = self._impl.grab(monitor)
  File "C:\Users\thitopp\AppData\Local\Python\pythoncore-3.14-64\Lib\site-packages\mss\windows\gdi.py", line 380, in grab
    gdi.BitBlt(memdc, 0, 0, width, height, srcdc, monitor["left"], monitor["top"], SRCCOPY | CAPTUREBLT)
    ~~~~~~~~~~^^^^^^^^^^^^^^^^^^^^^^^^^^^^^^^^^^^^^^^^^^^^^^^^^^^^^^^^^^^^^^^^^^^^^^^^^^^^^^^^^^^^^^^^^^
  File "C:\Users\thitopp\AppData\Local\Python\pythoncore-3.14-64\Lib\site-packages\mss\windows\gdi.py", line 127, in _errcheck
    raise ScreenShotError(msg, details=details)
mss.exception.ScreenShotError: Windows graphics function failed (no error provided): BitBlt
[2026-09-21 05:36:52] ERROR    worker: Worker loop error: Windows graphics function failed (no error provided): BitBlt
Traceback (most recent call last):
  File "d:\Projects\PixelClick\detection_worker.py", line 142, in _run
    frame = self._capture_frame()
  File "d:\Projects\PixelClick\detection_worker.py", line 171, in _capture_frame
    return self._capture.capture_region(r["x"], r["y"], r["width"], r["height"])
           ~~~~~~~~~~~~~~~~~~~~~~~~~~~~^^^^^^^^^^^^^^^^^^^^^^^^^^^^^^^^^^^^^^^^^
  File "d:\Projects\PixelClick\capture\screen_capture.py", line 36, in capture_region
    return self._grab_to_bgr(sct, monitor)
           ~~~~~~~~~~~~~~~~~^^^^^^^^^^^^^^
  File "d:\Projects\PixelClick\capture\screen_capture.py", line 47, in _grab_to_bgr
    raw = sct.grab(monitor)
  File "C:\Users\thitopp\AppData\Local\Python\pythoncore-3.14-64\Lib\site-packages\mss\base.py", line 312, in grab
    img_data_and_maybe_size = self._impl.grab(monitor)
  File "C:\Users\thitopp\AppData\Local\Python\pythoncore-3.14-64\Lib\site-packages\mss\windows\gdi.py", line 380, in grab
    gdi.BitBlt(memdc, 0, 0, width, height, srcdc, monitor["left"], monitor["top"], SRCCOPY | CAPTUREBLT)
    ~~~~~~~~~~^^^^^^^^^^^^^^^^^^^^^^^^^^^^^^^^^^^^^^^^^^^^^^^^^^^^^^^^^^^^^^^^^^^^^^^^^^^^^^^^^^^^^^^^^^
  File "C:\Users\thitopp\AppData\Local\Python\pythoncore-3.14-64\Lib\site-packages\mss\windows\gdi.py", line 127, in _errcheck
    raise ScreenShotError(msg, details=details)
mss.exception.ScreenShotError: Windows graphics function failed (no error provided): BitBlt
[2026-09-21 05:36:52] ERROR    worker: Worker loop error: Windows graphics function failed (no error provided): BitBlt
Traceback (most recent call last):
  File "d:\Projects\PixelClick\detection_worker.py", line 142, in _run
    frame = self._capture_frame()
  File "d:\Projects\PixelClick\detection_worker.py", line 171, in _capture_frame
    return self._capture.capture_region(r["x"], r["y"], r["width"], r["height"])
           ~~~~~~~~~~~~~~~~~~~~~~~~~~~~^^^^^^^^^^^^^^^^^^^^^^^^^^^^^^^^^^^^^^^^^
  File "d:\Projects\PixelClick\capture\screen_capture.py", line 36, in capture_region
    return self._grab_to_bgr(sct, monitor)
           ~~~~~~~~~~~~~~~~~^^^^^^^^^^^^^^
  File "d:\Projects\PixelClick\capture\screen_capture.py", line 47, in _grab_to_bgr
    raw = sct.grab(monitor)
  File "C:\Users\thitopp\AppData\Local\Python\pythoncore-3.14-64\Lib\site-packages\mss\base.py", line 312, in grab
    img_data_and_maybe_size = self._impl.grab(monitor)
  File "C:\Users\thitopp\AppData\Local\Python\pythoncore-3.14-64\Lib\site-packages\mss\windows\gdi.py", line 380, in grab
    gdi.BitBlt(memdc, 0, 0, width, height, srcdc, monitor["left"], monitor["top"], SRCCOPY | CAPTUREBLT)
    ~~~~~~~~~~^^^^^^^^^^^^^^^^^^^^^^^^^^^^^^^^^^^^^^^^^^^^^^^^^^^^^^^^^^^^^^^^^^^^^^^^^^^^^^^^^^^^^^^^^^
  File "C:\Users\thitopp\AppData\Local\Python\pythoncore-3.14-64\Lib\site-packages\mss\windows\gdi.py", line 127, in _errcheck
    raise ScreenShotError(msg, details=details)
mss.exception.ScreenShotError: Windows graphics function failed (no error provided): BitBlt
[2026-09-21 05:36:52] ERROR    worker: Worker loop error: Windows graphics function failed (no error provided): BitBlt
Traceback (most recent call last):
  File "d:\Projects\PixelClick\detection_worker.py", line 142, in _run
    frame = self._capture_frame()
  File "d:\Projects\PixelClick\detection_worker.py", line 171, in _capture_frame
    return self._capture.capture_region(r["x"], r["y"], r["width"], r["height"])
           ~~~~~~~~~~~~~~~~~~~~~~~~~~~~^^^^^^^^^^^^^^^^^^^^^^^^^^^^^^^^^^^^^^^^^
  File "d:\Projects\PixelClick\capture\screen_capture.py", line 36, in capture_region
    return self._grab_to_bgr(sct, monitor)
           ~~~~~~~~~~~~~~~~~^^^^^^^^^^^^^^
  File "d:\Projects\PixelClick\capture\screen_capture.py", line 47, in _grab_to_bgr
    raw = sct.grab(monitor)
  File "C:\Users\thitopp\AppData\Local\Python\pythoncore-3.14-64\Lib\site-packages\mss\base.py", line 312, in grab
    img_data_and_maybe_size = self._impl.grab(monitor)
  File "C:\Users\thitopp\AppData\Local\Python\pythoncore-3.14-64\Lib\site-packages\mss\windows\gdi.py", line 380, in grab
    gdi.BitBlt(memdc, 0, 0, width, height, srcdc, monitor["left"], monitor["top"], SRCCOPY | CAPTUREBLT)
    ~~~~~~~~~~^^^^^^^^^^^^^^^^^^^^^^^^^^^^^^^^^^^^^^^^^^^^^^^^^^^^^^^^^^^^^^^^^^^^^^^^^^^^^^^^^^^^^^^^^^
  File "C:\Users\thitopp\AppData\Local\Python\pythoncore-3.14-64\Lib\site-packages\mss\windows\gdi.py", line 127, in _errcheck
    raise ScreenShotError(msg, details=details)
mss.exception.ScreenShotError: Windows graphics function failed (no error provided): BitBlt
[2026-09-21 05:36:52] ERROR    worker: Worker loop error: Windows graphics function failed (no error provided): BitBlt
Traceback (most recent call last):
  File "d:\Projects\PixelClick\detection_worker.py", line 142, in _run
    frame = self._capture_frame()
  File "d:\Projects\PixelClick\detection_worker.py", line 171, in _capture_frame
    return self._capture.capture_region(r["x"], r["y"], r["width"], r["height"])
           ~~~~~~~~~~~~~~~~~~~~~~~~~~~~^^^^^^^^^^^^^^^^^^^^^^^^^^^^^^^^^^^^^^^^^
  File "d:\Projects\PixelClick\capture\screen_capture.py", line 36, in capture_region
    return self._grab_to_bgr(sct, monitor)
           ~~~~~~~~~~~~~~~~~^^^^^^^^^^^^^^
  File "d:\Projects\PixelClick\capture\screen_capture.py", line 47, in _grab_to_bgr
    raw = sct.grab(monitor)
  File "C:\Users\thitopp\AppData\Local\Python\pythoncore-3.14-64\Lib\site-packages\mss\base.py", line 312, in grab
    img_data_and_maybe_size = self._impl.grab(monitor)
  File "C:\Users\thitopp\AppData\Local\Python\pythoncore-3.14-64\Lib\site-packages\mss\windows\gdi.py", line 380, in grab
    gdi.BitBlt(memdc, 0, 0, width, height, srcdc, monitor["left"], monitor["top"], SRCCOPY | CAPTUREBLT)
    ~~~~~~~~~~^^^^^^^^^^^^^^^^^^^^^^^^^^^^^^^^^^^^^^^^^^^^^^^^^^^^^^^^^^^^^^^^^^^^^^^^^^^^^^^^^^^^^^^^^^
  File "C:\Users\thitopp\AppData\Local\Python\pythoncore-3.14-64\Lib\site-packages\mss\windows\gdi.py", line 127, in _errcheck
    raise ScreenShotError(msg, details=details)
mss.exception.ScreenShotError: Windows graphics function failed (no error provided): BitBlt
[2026-09-21 05:36:52] ERROR    worker: Worker loop error: Windows graphics function failed (no error provided): BitBlt
Traceback (most recent call last):
  File "d:\Projects\PixelClick\detection_worker.py", line 142, in _run
    frame = self._capture_frame()
  File "d:\Projects\PixelClick\detection_worker.py", line 171, in _capture_frame
    return self._capture.capture_region(r["x"], r["y"], r["width"], r["height"])
           ~~~~~~~~~~~~~~~~~~~~~~~~~~~~^^^^^^^^^^^^^^^^^^^^^^^^^^^^^^^^^^^^^^^^^
  File "d:\Projects\PixelClick\capture\screen_capture.py", line 36, in capture_region
    return self._grab_to_bgr(sct, monitor)
           ~~~~~~~~~~~~~~~~~^^^^^^^^^^^^^^
  File "d:\Projects\PixelClick\capture\screen_capture.py", line 47, in _grab_to_bgr
    raw = sct.grab(monitor)
  File "C:\Users\thitopp\AppData\Local\Python\pythoncore-3.14-64\Lib\site-packages\mss\base.py", line 312, in grab
    img_data_and_maybe_size = self._impl.grab(monitor)
  File "C:\Users\thitopp\AppData\Local\Python\pythoncore-3.14-64\Lib\site-packages\mss\windows\gdi.py", line 380, in grab
    gdi.BitBlt(memdc, 0, 0, width, height, srcdc, monitor["left"], monitor["top"], SRCCOPY | CAPTUREBLT)
    ~~~~~~~~~~^^^^^^^^^^^^^^^^^^^^^^^^^^^^^^^^^^^^^^^^^^^^^^^^^^^^^^^^^^^^^^^^^^^^^^^^^^^^^^^^^^^^^^^^^^
  File "C:\Users\thitopp\AppData\Local\Python\pythoncore-3.14-64\Lib\site-packages\mss\windows\gdi.py", line 127, in _errcheck
    raise ScreenShotError(msg, details=details)
mss.exception.ScreenShotError: Windows graphics function failed (no error provided): BitBlt
[2026-09-21 05:36:52] ERROR    worker: Worker loop error: Windows graphics function failed (no error provided): BitBlt
Traceback (most recent call last):
  File "d:\Projects\PixelClick\detection_worker.py", line 142, in _run
    frame = self._capture_frame()
  File "d:\Projects\PixelClick\detection_worker.py", line 171, in _capture_frame
    return self._capture.capture_region(r["x"], r["y"], r["width"], r["height"])
           ~~~~~~~~~~~~~~~~~~~~~~~~~~~~^^^^^^^^^^^^^^^^^^^^^^^^^^^^^^^^^^^^^^^^^
  File "d:\Projects\PixelClick\capture\screen_capture.py", line 36, in capture_region
    return self._grab_to_bgr(sct, monitor)
           ~~~~~~~~~~~~~~~~~^^^^^^^^^^^^^^
  File "d:\Projects\PixelClick\capture\screen_capture.py", line 47, in _grab_to_bgr
    raw = sct.grab(monitor)
  File "C:\Users\thitopp\AppData\Local\Python\pythoncore-3.14-64\Lib\site-packages\mss\base.py", line 312, in grab
    img_data_and_maybe_size = self._impl.grab(monitor)
  File "C:\Users\thitopp\AppData\Local\Python\pythoncore-3.14-64\Lib\site-packages\mss\windows\gdi.py", line 380, in grab
    gdi.BitBlt(memdc, 0, 0, width, height, srcdc, monitor["left"], monitor["top"], SRCCOPY | CAPTUREBLT)
    ~~~~~~~~~~^^^^^^^^^^^^^^^^^^^^^^^^^^^^^^^^^^^^^^^^^^^^^^^^^^^^^^^^^^^^^^^^^^^^^^^^^^^^^^^^^^^^^^^^^^
  File "C:\Users\thitopp\AppData\Local\Python\pythoncore-3.14-64\Lib\site-packages\mss\windows\gdi.py", line 127, in _errcheck
    raise ScreenShotError(msg, details=details)
mss.exception.ScreenShotError: Windows graphics function failed (no error provided): BitBlt
[2026-09-21 05:36:52] ERROR    worker: Worker loop error: Windows graphics function failed (no error provided): BitBlt
Traceback (most recent call last):
  File "d:\Projects\PixelClick\detection_worker.py", line 142, in _run
    frame = self._capture_frame()
  File "d:\Projects\PixelClick\detection_worker.py", line 171, in _capture_frame
    return self._capture.capture_region(r["x"], r["y"], r["width"], r["height"])
           ~~~~~~~~~~~~~~~~~~~~~~~~~~~~^^^^^^^^^^^^^^^^^^^^^^^^^^^^^^^^^^^^^^^^^
  File "d:\Projects\PixelClick\capture\screen_capture.py", line 36, in capture_region
    return self._grab_to_bgr(sct, monitor)
           ~~~~~~~~~~~~~~~~~^^^^^^^^^^^^^^
  File "d:\Projects\PixelClick\capture\screen_capture.py", line 47, in _grab_to_bgr
    raw = sct.grab(monitor)
  File "C:\Users\thitopp\AppData\Local\Python\pythoncore-3.14-64\Lib\site-packages\mss\base.py", line 312, in grab
    img_data_and_maybe_size = self._impl.grab(monitor)
  File "C:\Users\thitopp\AppData\Local\Python\pythoncore-3.14-64\Lib\site-packages\mss\windows\gdi.py", line 380, in grab
    gdi.BitBlt(memdc, 0, 0, width, height, srcdc, monitor["left"], monitor["top"], SRCCOPY | CAPTUREBLT)
    ~~~~~~~~~~^^^^^^^^^^^^^^^^^^^^^^^^^^^^^^^^^^^^^^^^^^^^^^^^^^^^^^^^^^^^^^^^^^^^^^^^^^^^^^^^^^^^^^^^^^
  File "C:\Users\thitopp\AppData\Local\Python\pythoncore-3.14-64\Lib\site-packages\mss\windows\gdi.py", line 127, in _errcheck
    raise ScreenShotError(msg, details=details)
mss.exception.ScreenShotError: Windows graphics function failed (no error provided): BitBlt
[2026-09-21 05:36:52] ERROR    worker: Worker loop error: Windows graphics function failed (no error provided): BitBlt
Traceback (most recent call last):
  File "d:\Projects\PixelClick\detection_worker.py", line 142, in _run
    frame = self._capture_frame()
  File "d:\Projects\PixelClick\detection_worker.py", line 171, in _capture_frame
    return self._capture.capture_region(r["x"], r["y"], r["width"], r["height"])
           ~~~~~~~~~~~~~~~~~~~~~~~~~~~~^^^^^^^^^^^^^^^^^^^^^^^^^^^^^^^^^^^^^^^^^
  File "d:\Projects\PixelClick\capture\screen_capture.py", line 36, in capture_region
    return self._grab_to_bgr(sct, monitor)
           ~~~~~~~~~~~~~~~~~^^^^^^^^^^^^^^
  File "d:\Projects\PixelClick\capture\screen_capture.py", line 47, in _grab_to_bgr
    raw = sct.grab(monitor)
  File "C:\Users\thitopp\AppData\Local\Python\pythoncore-3.14-64\Lib\site-packages\mss\base.py", line 312, in grab
    img_data_and_maybe_size = self._impl.grab(monitor)
  File "C:\Users\thitopp\AppData\Local\Python\pythoncore-3.14-64\Lib\site-packages\mss\windows\gdi.py", line 380, in grab
    gdi.BitBlt(memdc, 0, 0, width, height, srcdc, monitor["left"], monitor["top"], SRCCOPY | CAPTUREBLT)
    ~~~~~~~~~~^^^^^^^^^^^^^^^^^^^^^^^^^^^^^^^^^^^^^^^^^^^^^^^^^^^^^^^^^^^^^^^^^^^^^^^^^^^^^^^^^^^^^^^^^^
  File "C:\Users\thitopp\AppData\Local\Python\pythoncore-3.14-64\Lib\site-packages\mss\windows\gdi.py", line 127, in _errcheck
    raise ScreenShotError(msg, details=details)
mss.exception.ScreenShotError: Windows graphics function failed (no error provided): BitBlt
[2026-09-21 05:36:52] ERROR    worker: Worker loop error: Windows graphics function failed (no error provided): BitBlt
Traceback (most recent call last):
  File "d:\Projects\PixelClick\detection_worker.py", line 142, in _run
    frame = self._capture_frame()
  File "d:\Projects\PixelClick\detection_worker.py", line 171, in _capture_frame
    return self._capture.capture_region(r["x"], r["y"], r["width"], r["height"])
           ~~~~~~~~~~~~~~~~~~~~~~~~~~~~^^^^^^^^^^^^^^^^^^^^^^^^^^^^^^^^^^^^^^^^^
  File "d:\Projects\PixelClick\capture\screen_capture.py", line 36, in capture_region
    return self._grab_to_bgr(sct, monitor)
           ~~~~~~~~~~~~~~~~~^^^^^^^^^^^^^^
  File "d:\Projects\PixelClick\capture\screen_capture.py", line 47, in _grab_to_bgr
    raw = sct.grab(monitor)
  File "C:\Users\thitopp\AppData\Local\Python\pythoncore-3.14-64\Lib\site-packages\mss\base.py", line 312, in grab
    img_data_and_maybe_size = self._impl.grab(monitor)
  File "C:\Users\thitopp\AppData\Local\Python\pythoncore-3.14-64\Lib\site-packages\mss\windows\gdi.py", line 380, in grab
    gdi.BitBlt(memdc, 0, 0, width, height, srcdc, monitor["left"], monitor["top"], SRCCOPY | CAPTUREBLT)
    ~~~~~~~~~~^^^^^^^^^^^^^^^^^^^^^^^^^^^^^^^^^^^^^^^^^^^^^^^^^^^^^^^^^^^^^^^^^^^^^^^^^^^^^^^^^^^^^^^^^^
  File "C:\Users\thitopp\AppData\Local\Python\pythoncore-3.14-64\Lib\site-packages\mss\windows\gdi.py", line 127, in _errcheck
    raise ScreenShotError(msg, details=details)
mss.exception.ScreenShotError: Windows graphics function failed (no error provided): BitBlt
[2026-09-21 05:36:52] ERROR    worker: Worker loop error: Windows graphics function failed (no error provided): BitBlt
Traceback (most recent call last):
  File "d:\Projects\PixelClick\detection_worker.py", line 142, in _run
    frame = self._capture_frame()
  File "d:\Projects\PixelClick\detection_worker.py", line 171, in _capture_frame
    return self._capture.capture_region(r["x"], r["y"], r["width"], r["height"])
           ~~~~~~~~~~~~~~~~~~~~~~~~~~~~^^^^^^^^^^^^^^^^^^^^^^^^^^^^^^^^^^^^^^^^^
  File "d:\Projects\PixelClick\capture\screen_capture.py", line 36, in capture_region
    return self._grab_to_bgr(sct, monitor)
           ~~~~~~~~~~~~~~~~~^^^^^^^^^^^^^^
  File "d:\Projects\PixelClick\capture\screen_capture.py", line 47, in _grab_to_bgr
    raw = sct.grab(monitor)
  File "C:\Users\thitopp\AppData\Local\Python\pythoncore-3.14-64\Lib\site-packages\mss\base.py", line 312, in grab
    img_data_and_maybe_size = self._impl.grab(monitor)
  File "C:\Users\thitopp\AppData\Local\Python\pythoncore-3.14-64\Lib\site-packages\mss\windows\gdi.py", line 380, in grab
    gdi.BitBlt(memdc, 0, 0, width, height, srcdc, monitor["left"], monitor["top"], SRCCOPY | CAPTUREBLT)
    ~~~~~~~~~~^^^^^^^^^^^^^^^^^^^^^^^^^^^^^^^^^^^^^^^^^^^^^^^^^^^^^^^^^^^^^^^^^^^^^^^^^^^^^^^^^^^^^^^^^^
  File "C:\Users\thitopp\AppData\Local\Python\pythoncore-3.14-64\Lib\site-packages\mss\windows\gdi.py", line 127, in _errcheck
    raise ScreenShotError(msg, details=details)
mss.exception.ScreenShotError: Windows graphics function failed (no error provided): BitBlt
[2026-09-21 05:36:52] ERROR    worker: Worker loop error: Windows graphics function failed (no error provided): BitBlt
Traceback (most recent call last):
  File "d:\Projects\PixelClick\detection_worker.py", line 142, in _run
    frame = self._capture_frame()
  File "d:\Projects\PixelClick\detection_worker.py", line 171, in _capture_frame
    return self._capture.capture_region(r["x"], r["y"], r["width"], r["height"])
           ~~~~~~~~~~~~~~~~~~~~~~~~~~~~^^^^^^^^^^^^^^^^^^^^^^^^^^^^^^^^^^^^^^^^^
  File "d:\Projects\PixelClick\capture\screen_capture.py", line 36, in capture_region
    return self._grab_to_bgr(sct, monitor)
           ~~~~~~~~~~~~~~~~~^^^^^^^^^^^^^^
  File "d:\Projects\PixelClick\capture\screen_capture.py", line 47, in _grab_to_bgr
    raw = sct.grab(monitor)
  File "C:\Users\thitopp\AppData\Local\Python\pythoncore-3.14-64\Lib\site-packages\mss\base.py", line 312, in grab
    img_data_and_maybe_size = self._impl.grab(monitor)
  File "C:\Users\thitopp\AppData\Local\Python\pythoncore-3.14-64\Lib\site-packages\mss\windows\gdi.py", line 380, in grab
    gdi.BitBlt(memdc, 0, 0, width, height, srcdc, monitor["left"], monitor["top"], SRCCOPY | CAPTUREBLT)
    ~~~~~~~~~~^^^^^^^^^^^^^^^^^^^^^^^^^^^^^^^^^^^^^^^^^^^^^^^^^^^^^^^^^^^^^^^^^^^^^^^^^^^^^^^^^^^^^^^^^^
  File "C:\Users\thitopp\AppData\Local\Python\pythoncore-3.14-64\Lib\site-packages\mss\windows\gdi.py", line 127, in _errcheck
    raise ScreenShotError(msg, details=details)
mss.exception.ScreenShotError: Windows graphics function failed (no error provided): BitBlt
[2026-09-21 05:36:52] ERROR    worker: Worker loop error: Windows graphics function failed (no error provided): BitBlt
Traceback (most recent call last):
  File "d:\Projects\PixelClick\detection_worker.py", line 142, in _run
    frame = self._capture_frame()
  File "d:\Projects\PixelClick\detection_worker.py", line 171, in _capture_frame
    return self._capture.capture_region(r["x"], r["y"], r["width"], r["height"])
           ~~~~~~~~~~~~~~~~~~~~~~~~~~~~^^^^^^^^^^^^^^^^^^^^^^^^^^^^^^^^^^^^^^^^^
  File "d:\Projects\PixelClick\capture\screen_capture.py", line 36, in capture_region
    return self._grab_to_bgr(sct, monitor)
           ~~~~~~~~~~~~~~~~~^^^^^^^^^^^^^^
  File "d:\Projects\PixelClick\capture\screen_capture.py", line 47, in _grab_to_bgr
    raw = sct.grab(monitor)
  File "C:\Users\thitopp\AppData\Local\Python\pythoncore-3.14-64\Lib\site-packages\mss\base.py", line 312, in grab
    img_data_and_maybe_size = self._impl.grab(monitor)
  File "C:\Users\thitopp\AppData\Local\Python\pythoncore-3.14-64\Lib\site-packages\mss\windows\gdi.py", line 380, in grab
    gdi.BitBlt(memdc, 0, 0, width, height, srcdc, monitor["left"], monitor["top"], SRCCOPY | CAPTUREBLT)
    ~~~~~~~~~~^^^^^^^^^^^^^^^^^^^^^^^^^^^^^^^^^^^^^^^^^^^^^^^^^^^^^^^^^^^^^^^^^^^^^^^^^^^^^^^^^^^^^^^^^^
  File "C:\Users\thitopp\AppData\Local\Python\pythoncore-3.14-64\Lib\site-packages\mss\windows\gdi.py", line 127, in _errcheck
    raise ScreenShotError(msg, details=details)
mss.exception.ScreenShotError: Windows graphics function failed (no error provided): BitBlt
[2026-09-21 05:36:52] ERROR    worker: Worker loop error: Windows graphics function failed (no error provided): BitBlt
Traceback (most recent call last):
  File "d:\Projects\PixelClick\detection_worker.py", line 142, in _run
    frame = self._capture_frame()
  File "d:\Projects\PixelClick\detection_worker.py", line 171, in _capture_frame
    return self._capture.capture_region(r["x"], r["y"], r["width"], r["height"])
           ~~~~~~~~~~~~~~~~~~~~~~~~~~~~^^^^^^^^^^^^^^^^^^^^^^^^^^^^^^^^^^^^^^^^^
  File "d:\Projects\PixelClick\capture\screen_capture.py", line 36, in capture_region
    return self._grab_to_bgr(sct, monitor)
           ~~~~~~~~~~~~~~~~~^^^^^^^^^^^^^^
  File "d:\Projects\PixelClick\capture\screen_capture.py", line 47, in _grab_to_bgr
    raw = sct.grab(monitor)
  File "C:\Users\thitopp\AppData\Local\Python\pythoncore-3.14-64\Lib\site-packages\mss\base.py", line 312, in grab
    img_data_and_maybe_size = self._impl.grab(monitor)
  File "C:\Users\thitopp\AppData\Local\Python\pythoncore-3.14-64\Lib\site-packages\mss\windows\gdi.py", line 380, in grab
    gdi.BitBlt(memdc, 0, 0, width, height, srcdc, monitor["left"], monitor["top"], SRCCOPY | CAPTUREBLT)
    ~~~~~~~~~~^^^^^^^^^^^^^^^^^^^^^^^^^^^^^^^^^^^^^^^^^^^^^^^^^^^^^^^^^^^^^^^^^^^^^^^^^^^^^^^^^^^^^^^^^^
  File "C:\Users\thitopp\AppData\Local\Python\pythoncore-3.14-64\Lib\site-packages\mss\windows\gdi.py", line 127, in _errcheck
    raise ScreenShotError(msg, details=details)
mss.exception.ScreenShotError: Windows graphics function failed (no error provided): BitBlt
[2026-09-21 05:36:52] ERROR    worker: Worker loop error: Windows graphics function failed (no error provided): BitBlt
Traceback (most recent call last):
  File "d:\Projects\PixelClick\detection_worker.py", line 142, in _run
    frame = self._capture_frame()
  File "d:\Projects\PixelClick\detection_worker.py", line 171, in _capture_frame
    return self._capture.capture_region(r["x"], r["y"], r["width"], r["height"])
           ~~~~~~~~~~~~~~~~~~~~~~~~~~~~^^^^^^^^^^^^^^^^^^^^^^^^^^^^^^^^^^^^^^^^^
  File "d:\Projects\PixelClick\capture\screen_capture.py", line 36, in capture_region
    return self._grab_to_bgr(sct, monitor)
           ~~~~~~~~~~~~~~~~~^^^^^^^^^^^^^^
  File "d:\Projects\PixelClick\capture\screen_capture.py", line 47, in _grab_to_bgr
    raw = sct.grab(monitor)
  File "C:\Users\thitopp\AppData\Local\Python\pythoncore-3.14-64\Lib\site-packages\mss\base.py", line 312, in grab
    img_data_and_maybe_size = self._impl.grab(monitor)
  File "C:\Users\thitopp\AppData\Local\Python\pythoncore-3.14-64\Lib\site-packages\mss\windows\gdi.py", line 380, in grab
    gdi.BitBlt(memdc, 0, 0, width, height, srcdc, monitor["left"], monitor["top"], SRCCOPY | CAPTUREBLT)
    ~~~~~~~~~~^^^^^^^^^^^^^^^^^^^^^^^^^^^^^^^^^^^^^^^^^^^^^^^^^^^^^^^^^^^^^^^^^^^^^^^^^^^^^^^^^^^^^^^^^^
  File "C:\Users\thitopp\AppData\Local\Python\pythoncore-3.14-64\Lib\site-packages\mss\windows\gdi.py", line 127, in _errcheck
    raise ScreenShotError(msg, details=details)
mss.exception.ScreenShotError: Windows graphics function failed (no error provided): BitBlt
[2026-09-21 05:36:52] ERROR    worker: Worker loop error: Windows graphics function failed (no error provided): BitBlt
Traceback (most recent call last):
  File "d:\Projects\PixelClick\detection_worker.py", line 142, in _run
    frame = self._capture_frame()
  File "d:\Projects\PixelClick\detection_worker.py", line 171, in _capture_frame
    return self._capture.capture_region(r["x"], r["y"], r["width"], r["height"])
           ~~~~~~~~~~~~~~~~~~~~~~~~~~~~^^^^^^^^^^^^^^^^^^^^^^^^^^^^^^^^^^^^^^^^^
  File "d:\Projects\PixelClick\capture\screen_capture.py", line 36, in capture_region
    return self._grab_to_bgr(sct, monitor)
           ~~~~~~~~~~~~~~~~~^^^^^^^^^^^^^^
  File "d:\Projects\PixelClick\capture\screen_capture.py", line 47, in _grab_to_bgr
    raw = sct.grab(monitor)
  File "C:\Users\thitopp\AppData\Local\Python\pythoncore-3.14-64\Lib\site-packages\mss\base.py", line 312, in grab
    img_data_and_maybe_size = self._impl.grab(monitor)
  File "C:\Users\thitopp\AppData\Local\Python\pythoncore-3.14-64\Lib\site-packages\mss\windows\gdi.py", line 380, in grab
    gdi.BitBlt(memdc, 0, 0, width, height, srcdc, monitor["left"], monitor["top"], SRCCOPY | CAPTUREBLT)
    ~~~~~~~~~~^^^^^^^^^^^^^^^^^^^^^^^^^^^^^^^^^^^^^^^^^^^^^^^^^^^^^^^^^^^^^^^^^^^^^^^^^^^^^^^^^^^^^^^^^^
  File "C:\Users\thitopp\AppData\Local\Python\pythoncore-3.14-64\Lib\site-packages\mss\windows\gdi.py", line 127, in _errcheck
    raise ScreenShotError(msg, details=details)
mss.exception.ScreenShotError: Windows graphics function failed (no error provided): BitBlt
[2026-09-21 05:36:52] ERROR    worker: Worker loop error: Windows graphics function failed (no error provided): BitBlt
Traceback (most recent call last):
  File "d:\Projects\PixelClick\detection_worker.py", line 142, in _run
    frame = self._capture_frame()
  File "d:\Projects\PixelClick\detection_worker.py", line 171, in _capture_frame
    return self._capture.capture_region(r["x"], r["y"], r["width"], r["height"])
           ~~~~~~~~~~~~~~~~~~~~~~~~~~~~^^^^^^^^^^^^^^^^^^^^^^^^^^^^^^^^^^^^^^^^^
  File "d:\Projects\PixelClick\capture\screen_capture.py", line 36, in capture_region
    return self._grab_to_bgr(sct, monitor)
           ~~~~~~~~~~~~~~~~~^^^^^^^^^^^^^^
  File "d:\Projects\PixelClick\capture\screen_capture.py", line 47, in _grab_to_bgr
    raw = sct.grab(monitor)
  File "C:\Users\thitopp\AppData\Local\Python\pythoncore-3.14-64\Lib\site-packages\mss\base.py", line 312, in grab
    img_data_and_maybe_size = self._impl.grab(monitor)
  File "C:\Users\thitopp\AppData\Local\Python\pythoncore-3.14-64\Lib\site-packages\mss\windows\gdi.py", line 380, in grab
    gdi.BitBlt(memdc, 0, 0, width, height, srcdc, monitor["left"], monitor["top"], SRCCOPY | CAPTUREBLT)
    ~~~~~~~~~~^^^^^^^^^^^^^^^^^^^^^^^^^^^^^^^^^^^^^^^^^^^^^^^^^^^^^^^^^^^^^^^^^^^^^^^^^^^^^^^^^^^^^^^^^^
  File "C:\Users\thitopp\AppData\Local\Python\pythoncore-3.14-64\Lib\site-packages\mss\windows\gdi.py", line 127, in _errcheck
    raise ScreenShotError(msg, details=details)
mss.exception.ScreenShotError: Windows graphics function failed (no error provided): BitBlt
[2026-09-21 05:36:52] ERROR    worker: Worker loop error: Windows graphics function failed (no error provided): BitBlt
Traceback (most recent call last):
  File "d:\Projects\PixelClick\detection_worker.py", line 142, in _run
    frame = self._capture_frame()
  File "d:\Projects\PixelClick\detection_worker.py", line 171, in _capture_frame
    return self._capture.capture_region(r["x"], r["y"], r["width"], r["height"])
           ~~~~~~~~~~~~~~~~~~~~~~~~~~~~^^^^^^^^^^^^^^^^^^^^^^^^^^^^^^^^^^^^^^^^^
  File "d:\Projects\PixelClick\capture\screen_capture.py", line 36, in capture_region
    return self._grab_to_bgr(sct, monitor)
           ~~~~~~~~~~~~~~~~~^^^^^^^^^^^^^^
  File "d:\Projects\PixelClick\capture\screen_capture.py", line 47, in _grab_to_bgr
    raw = sct.grab(monitor)
  File "C:\Users\thitopp\AppData\Local\Python\pythoncore-3.14-64\Lib\site-packages\mss\base.py", line 312, in grab
    img_data_and_maybe_size = self._impl.grab(monitor)
  File "C:\Users\thitopp\AppData\Local\Python\pythoncore-3.14-64\Lib\site-packages\mss\windows\gdi.py", line 380, in grab
    gdi.BitBlt(memdc, 0, 0, width, height, srcdc, monitor["left"], monitor["top"], SRCCOPY | CAPTUREBLT)
    ~~~~~~~~~~^^^^^^^^^^^^^^^^^^^^^^^^^^^^^^^^^^^^^^^^^^^^^^^^^^^^^^^^^^^^^^^^^^^^^^^^^^^^^^^^^^^^^^^^^^
  File "C:\Users\thitopp\AppData\Local\Python\pythoncore-3.14-64\Lib\site-packages\mss\windows\gdi.py", line 127, in _errcheck
    raise ScreenShotError(msg, details=details)
mss.exception.ScreenShotError: Windows graphics function failed (no error provided): BitBlt
[2026-09-21 05:36:53] ERROR    worker: Worker loop error: Windows graphics function failed (no error provided): BitBlt
Traceback (most recent call last):
  File "d:\Projects\PixelClick\detection_worker.py", line 142, in _run
    frame = self._capture_frame()
  File "d:\Projects\PixelClick\detection_worker.py", line 171, in _capture_frame
    return self._capture.capture_region(r["x"], r["y"], r["width"], r["height"])
           ~~~~~~~~~~~~~~~~~~~~~~~~~~~~^^^^^^^^^^^^^^^^^^^^^^^^^^^^^^^^^^^^^^^^^
  File "d:\Projects\PixelClick\capture\screen_capture.py", line 36, in capture_region
    return self._grab_to_bgr(sct, monitor)
           ~~~~~~~~~~~~~~~~~^^^^^^^^^^^^^^
  File "d:\Projects\PixelClick\capture\screen_capture.py", line 47, in _grab_to_bgr
    raw = sct.grab(monitor)
  File "C:\Users\thitopp\AppData\Local\Python\pythoncore-3.14-64\Lib\site-packages\mss\base.py", line 312, in grab
    img_data_and_maybe_size = self._impl.grab(monitor)
  File "C:\Users\thitopp\AppData\Local\Python\pythoncore-3.14-64\Lib\site-packages\mss\windows\gdi.py", line 380, in grab
    gdi.BitBlt(memdc, 0, 0, width, height, srcdc, monitor["left"], monitor["top"], SRCCOPY | CAPTUREBLT)
    ~~~~~~~~~~^^^^^^^^^^^^^^^^^^^^^^^^^^^^^^^^^^^^^^^^^^^^^^^^^^^^^^^^^^^^^^^^^^^^^^^^^^^^^^^^^^^^^^^^^^
  File "C:\Users\thitopp\AppData\Local\Python\pythoncore-3.14-64\Lib\site-packages\mss\windows\gdi.py", line 127, in _errcheck
    raise ScreenShotError(msg, details=details)
mss.exception.ScreenShotError: Windows graphics function failed (no error provided): BitBlt
[2026-09-21 05:36:53] ERROR    worker: Worker loop error: Windows graphics function failed (no error provided): BitBlt
Traceback (most recent call last):
  File "d:\Projects\PixelClick\detection_worker.py", line 142, in _run
    frame = self._capture_frame()
  File "d:\Projects\PixelClick\detection_worker.py", line 171, in _capture_frame
    return self._capture.capture_region(r["x"], r["y"], r["width"], r["height"])
           ~~~~~~~~~~~~~~~~~~~~~~~~~~~~^^^^^^^^^^^^^^^^^^^^^^^^^^^^^^^^^^^^^^^^^
  File "d:\Projects\PixelClick\capture\screen_capture.py", line 36, in capture_region
    return self._grab_to_bgr(sct, monitor)
           ~~~~~~~~~~~~~~~~~^^^^^^^^^^^^^^
  File "d:\Projects\PixelClick\capture\screen_capture.py", line 47, in _grab_to_bgr
    raw = sct.grab(monitor)
  File "C:\Users\thitopp\AppData\Local\Python\pythoncore-3.14-64\Lib\site-packages\mss\base.py", line 312, in grab
    img_data_and_maybe_size = self._impl.grab(monitor)
  File "C:\Users\thitopp\AppData\Local\Python\pythoncore-3.14-64\Lib\site-packages\mss\windows\gdi.py", line 380, in grab
    gdi.BitBlt(memdc, 0, 0, width, height, srcdc, monitor["left"], monitor["top"], SRCCOPY | CAPTUREBLT)
    ~~~~~~~~~~^^^^^^^^^^^^^^^^^^^^^^^^^^^^^^^^^^^^^^^^^^^^^^^^^^^^^^^^^^^^^^^^^^^^^^^^^^^^^^^^^^^^^^^^^^
  File "C:\Users\thitopp\AppData\Local\Python\pythoncore-3.14-64\Lib\site-packages\mss\windows\gdi.py", line 127, in _errcheck
    raise ScreenShotError(msg, details=details)
mss.exception.ScreenShotError: Windows graphics function failed (no error provided): BitBlt
[2026-09-21 05:36:53] ERROR    worker: Worker loop error: Windows graphics function failed (no error provided): BitBlt
Traceback (most recent call last):
  File "d:\Projects\PixelClick\detection_worker.py", line 142, in _run
    frame = self._capture_frame()
  File "d:\Projects\PixelClick\detection_worker.py", line 171, in _capture_frame
    return self._capture.capture_region(r["x"], r["y"], r["width"], r["height"])
           ~~~~~~~~~~~~~~~~~~~~~~~~~~~~^^^^^^^^^^^^^^^^^^^^^^^^^^^^^^^^^^^^^^^^^
  File "d:\Projects\PixelClick\capture\screen_capture.py", line 36, in capture_region
    return self._grab_to_bgr(sct, monitor)
           ~~~~~~~~~~~~~~~~~^^^^^^^^^^^^^^
  File "d:\Projects\PixelClick\capture\screen_capture.py", line 47, in _grab_to_bgr
    raw = sct.grab(monitor)
  File "C:\Users\thitopp\AppData\Local\Python\pythoncore-3.14-64\Lib\site-packages\mss\base.py", line 312, in grab
    img_data_and_maybe_size = self._impl.grab(monitor)
  File "C:\Users\thitopp\AppData\Local\Python\pythoncore-3.14-64\Lib\site-packages\mss\windows\gdi.py", line 380, in grab
    gdi.BitBlt(memdc, 0, 0, width, height, srcdc, monitor["left"], monitor["top"], SRCCOPY | CAPTUREBLT)
    ~~~~~~~~~~^^^^^^^^^^^^^^^^^^^^^^^^^^^^^^^^^^^^^^^^^^^^^^^^^^^^^^^^^^^^^^^^^^^^^^^^^^^^^^^^^^^^^^^^^^
  File "C:\Users\thitopp\AppData\Local\Python\pythoncore-3.14-64\Lib\site-packages\mss\windows\gdi.py", line 127, in _errcheck
    raise ScreenShotError(msg, details=details)
mss.exception.ScreenShotError: Windows graphics function failed (no error provided): BitBlt
[2026-09-21 05:36:53] ERROR    worker: Worker loop error: Windows graphics function failed (no error provided): BitBlt
Traceback (most recent call last):
  File "d:\Projects\PixelClick\detection_worker.py", line 142, in _run
    frame = self._capture_frame()
  File "d:\Projects\PixelClick\detection_worker.py", line 171, in _capture_frame
    return self._capture.capture_region(r["x"], r["y"], r["width"], r["height"])
           ~~~~~~~~~~~~~~~~~~~~~~~~~~~~^^^^^^^^^^^^^^^^^^^^^^^^^^^^^^^^^^^^^^^^^
  File "d:\Projects\PixelClick\capture\screen_capture.py", line 36, in capture_region
    return self._grab_to_bgr(sct, monitor)
           ~~~~~~~~~~~~~~~~~^^^^^^^^^^^^^^
  File "d:\Projects\PixelClick\capture\screen_capture.py", line 47, in _grab_to_bgr
    raw = sct.grab(monitor)
  File "C:\Users\thitopp\AppData\Local\Python\pythoncore-3.14-64\Lib\site-packages\mss\base.py", line 312, in grab
    img_data_and_maybe_size = self._impl.grab(monitor)
  File "C:\Users\thitopp\AppData\Local\Python\pythoncore-3.14-64\Lib\site-packages\mss\windows\gdi.py", line 380, in grab
    gdi.BitBlt(memdc, 0, 0, width, height, srcdc, monitor["left"], monitor["top"], SRCCOPY | CAPTUREBLT)
    ~~~~~~~~~~^^^^^^^^^^^^^^^^^^^^^^^^^^^^^^^^^^^^^^^^^^^^^^^^^^^^^^^^^^^^^^^^^^^^^^^^^^^^^^^^^^^^^^^^^^
  File "C:\Users\thitopp\AppData\Local\Python\pythoncore-3.14-64\Lib\site-packages\mss\windows\gdi.py", line 127, in _errcheck
    raise ScreenShotError(msg, details=details)
mss.exception.ScreenShotError: Windows graphics function failed (no error provided): BitBlt
[2026-09-21 05:36:53] ERROR    worker: Worker loop error: Windows graphics function failed (no error provided): BitBlt
Traceback (most recent call last):
  File "d:\Projects\PixelClick\detection_worker.py", line 142, in _run
    frame = self._capture_frame()
  File "d:\Projects\PixelClick\detection_worker.py", line 171, in _capture_frame
    return self._capture.capture_region(r["x"], r["y"], r["width"], r["height"])
           ~~~~~~~~~~~~~~~~~~~~~~~~~~~~^^^^^^^^^^^^^^^^^^^^^^^^^^^^^^^^^^^^^^^^^
  File "d:\Projects\PixelClick\capture\screen_capture.py", line 36, in capture_region
    return self._grab_to_bgr(sct, monitor)
           ~~~~~~~~~~~~~~~~~^^^^^^^^^^^^^^
  File "d:\Projects\PixelClick\capture\screen_capture.py", line 47, in _grab_to_bgr
    raw = sct.grab(monitor)
  File "C:\Users\thitopp\AppData\Local\Python\pythoncore-3.14-64\Lib\site-packages\mss\base.py", line 312, in grab
    img_data_and_maybe_size = self._impl.grab(monitor)
  File "C:\Users\thitopp\AppData\Local\Python\pythoncore-3.14-64\Lib\site-packages\mss\windows\gdi.py", line 380, in grab
    gdi.BitBlt(memdc, 0, 0, width, height, srcdc, monitor["left"], monitor["top"], SRCCOPY | CAPTUREBLT)
    ~~~~~~~~~~^^^^^^^^^^^^^^^^^^^^^^^^^^^^^^^^^^^^^^^^^^^^^^^^^^^^^^^^^^^^^^^^^^^^^^^^^^^^^^^^^^^^^^^^^^
  File "C:\Users\thitopp\AppData\Local\Python\pythoncore-3.14-64\Lib\site-packages\mss\windows\gdi.py", line 127, in _errcheck
    raise ScreenShotError(msg, details=details)
mss.exception.ScreenShotError: Windows graphics function failed (no error provided): BitBlt
[2026-09-21 05:36:53] ERROR    worker: Worker loop error: Windows graphics function failed (no error provided): BitBlt
Traceback (most recent call last):
  File "d:\Projects\PixelClick\detection_worker.py", line 142, in _run
    frame = self._capture_frame()
  File "d:\Projects\PixelClick\detection_worker.py", line 171, in _capture_frame
    return self._capture.capture_region(r["x"], r["y"], r["width"], r["height"])
           ~~~~~~~~~~~~~~~~~~~~~~~~~~~~^^^^^^^^^^^^^^^^^^^^^^^^^^^^^^^^^^^^^^^^^
  File "d:\Projects\PixelClick\capture\screen_capture.py", line 36, in capture_region
    return self._grab_to_bgr(sct, monitor)
           ~~~~~~~~~~~~~~~~~^^^^^^^^^^^^^^
  File "d:\Projects\PixelClick\capture\screen_capture.py", line 47, in _grab_to_bgr
    raw = sct.grab(monitor)
  File "C:\Users\thitopp\AppData\Local\Python\pythoncore-3.14-64\Lib\site-packages\mss\base.py", line 312, in grab
    img_data_and_maybe_size = self._impl.grab(monitor)
  File "C:\Users\thitopp\AppData\Local\Python\pythoncore-3.14-64\Lib\site-packages\mss\windows\gdi.py", line 380, in grab
    gdi.BitBlt(memdc, 0, 0, width, height, srcdc, monitor["left"], monitor["top"], SRCCOPY | CAPTUREBLT)
    ~~~~~~~~~~^^^^^^^^^^^^^^^^^^^^^^^^^^^^^^^^^^^^^^^^^^^^^^^^^^^^^^^^^^^^^^^^^^^^^^^^^^^^^^^^^^^^^^^^^^
  File "C:\Users\thitopp\AppData\Local\Python\pythoncore-3.14-64\Lib\site-packages\mss\windows\gdi.py", line 127, in _errcheck
    raise ScreenShotError(msg, details=details)
mss.exception.ScreenShotError: Windows graphics function failed (no error provided): BitBlt
[2026-09-21 05:36:53] ERROR    worker: Worker loop error: Windows graphics function failed (no error provided): BitBlt
Traceback (most recent call last):
  File "d:\Projects\PixelClick\detection_worker.py", line 142, in _run
    frame = self._capture_frame()
  File "d:\Projects\PixelClick\detection_worker.py", line 171, in _capture_frame
    return self._capture.capture_region(r["x"], r["y"], r["width"], r["height"])
           ~~~~~~~~~~~~~~~~~~~~~~~~~~~~^^^^^^^^^^^^^^^^^^^^^^^^^^^^^^^^^^^^^^^^^
  File "d:\Projects\PixelClick\capture\screen_capture.py", line 36, in capture_region
    return self._grab_to_bgr(sct, monitor)
           ~~~~~~~~~~~~~~~~~^^^^^^^^^^^^^^
  File "d:\Projects\PixelClick\capture\screen_capture.py", line 47, in _grab_to_bgr
    raw = sct.grab(monitor)
  File "C:\Users\thitopp\AppData\Local\Python\pythoncore-3.14-64\Lib\site-packages\mss\base.py", line 312, in grab
    img_data_and_maybe_size = self._impl.grab(monitor)
  File "C:\Users\thitopp\AppData\Local\Python\pythoncore-3.14-64\Lib\site-packages\mss\windows\gdi.py", line 380, in grab
    gdi.BitBlt(memdc, 0, 0, width, height, srcdc, monitor["left"], monitor["top"], SRCCOPY | CAPTUREBLT)
    ~~~~~~~~~~^^^^^^^^^^^^^^^^^^^^^^^^^^^^^^^^^^^^^^^^^^^^^^^^^^^^^^^^^^^^^^^^^^^^^^^^^^^^^^^^^^^^^^^^^^
  File "C:\Users\thitopp\AppData\Local\Python\pythoncore-3.14-64\Lib\site-packages\mss\windows\gdi.py", line 127, in _errcheck
    raise ScreenShotError(msg, details=details)
mss.exception.ScreenShotError: Windows graphics function failed (no error provided): BitBlt
[2026-09-21 05:36:53] ERROR    worker: Worker loop error: Windows graphics function failed (no error provided): BitBlt
Traceback (most recent call last):
  File "d:\Projects\PixelClick\detection_worker.py", line 142, in _run
    frame = self._capture_frame()
  File "d:\Projects\PixelClick\detection_worker.py", line 171, in _capture_frame
    return self._capture.capture_region(r["x"], r["y"], r["width"], r["height"])
           ~~~~~~~~~~~~~~~~~~~~~~~~~~~~^^^^^^^^^^^^^^^^^^^^^^^^^^^^^^^^^^^^^^^^^
  File "d:\Projects\PixelClick\capture\screen_capture.py", line 36, in capture_region
    return self._grab_to_bgr(sct, monitor)
           ~~~~~~~~~~~~~~~~~^^^^^^^^^^^^^^
  File "d:\Projects\PixelClick\capture\screen_capture.py", line 47, in _grab_to_bgr
    raw = sct.grab(monitor)
  File "C:\Users\thitopp\AppData\Local\Python\pythoncore-3.14-64\Lib\site-packages\mss\base.py", line 312, in grab
    img_data_and_maybe_size = self._impl.grab(monitor)
  File "C:\Users\thitopp\AppData\Local\Python\pythoncore-3.14-64\Lib\site-packages\mss\windows\gdi.py", line 380, in grab
    gdi.BitBlt(memdc, 0, 0, width, height, srcdc, monitor["left"], monitor["top"], SRCCOPY | CAPTUREBLT)
    ~~~~~~~~~~^^^^^^^^^^^^^^^^^^^^^^^^^^^^^^^^^^^^^^^^^^^^^^^^^^^^^^^^^^^^^^^^^^^^^^^^^^^^^^^^^^^^^^^^^^
  File "C:\Users\thitopp\AppData\Local\Python\pythoncore-3.14-64\Lib\site-packages\mss\windows\gdi.py", line 127, in _errcheck
    raise ScreenShotError(msg, details=details)
mss.exception.ScreenShotError: Windows graphics function failed (no error provided): BitBlt
[2026-09-21 05:36:53] ERROR    worker: Worker loop error: Windows graphics function failed (no error provided): BitBlt
Traceback (most recent call last):
  File "d:\Projects\PixelClick\detection_worker.py", line 142, in _run
    frame = self._capture_frame()
  File "d:\Projects\PixelClick\detection_worker.py", line 171, in _capture_frame
    return self._capture.capture_region(r["x"], r["y"], r["width"], r["height"])
           ~~~~~~~~~~~~~~~~~~~~~~~~~~~~^^^^^^^^^^^^^^^^^^^^^^^^^^^^^^^^^^^^^^^^^
  File "d:\Projects\PixelClick\capture\screen_capture.py", line 36, in capture_region
    return self._grab_to_bgr(sct, monitor)
           ~~~~~~~~~~~~~~~~~^^^^^^^^^^^^^^
  File "d:\Projects\PixelClick\capture\screen_capture.py", line 47, in _grab_to_bgr
    raw = sct.grab(monitor)
  File "C:\Users\thitopp\AppData\Local\Python\pythoncore-3.14-64\Lib\site-packages\mss\base.py", line 312, in grab
    img_data_and_maybe_size = self._impl.grab(monitor)
  File "C:\Users\thitopp\AppData\Local\Python\pythoncore-3.14-64\Lib\site-packages\mss\windows\gdi.py", line 380, in grab
    gdi.BitBlt(memdc, 0, 0, width, height, srcdc, monitor["left"], monitor["top"], SRCCOPY | CAPTUREBLT)
    ~~~~~~~~~~^^^^^^^^^^^^^^^^^^^^^^^^^^^^^^^^^^^^^^^^^^^^^^^^^^^^^^^^^^^^^^^^^^^^^^^^^^^^^^^^^^^^^^^^^^
  File "C:\Users\thitopp\AppData\Local\Python\pythoncore-3.14-64\Lib\site-packages\mss\windows\gdi.py", line 127, in _errcheck
    raise ScreenShotError(msg, details=details)
mss.exception.ScreenShotError: Windows graphics function failed (no error provided): BitBlt
[2026-09-21 05:36:53] ERROR    worker: Worker loop error: Windows graphics function failed (no error provided): BitBlt
Traceback (most recent call last):
  File "d:\Projects\PixelClick\detection_worker.py", line 142, in _run
    frame = self._capture_frame()
  File "d:\Projects\PixelClick\detection_worker.py", line 171, in _capture_frame
    return self._capture.capture_region(r["x"], r["y"], r["width"], r["height"])
           ~~~~~~~~~~~~~~~~~~~~~~~~~~~~^^^^^^^^^^^^^^^^^^^^^^^^^^^^^^^^^^^^^^^^^
  File "d:\Projects\PixelClick\capture\screen_capture.py", line 36, in capture_region
    return self._grab_to_bgr(sct, monitor)
           ~~~~~~~~~~~~~~~~~^^^^^^^^^^^^^^
  File "d:\Projects\PixelClick\capture\screen_capture.py", line 47, in _grab_to_bgr
    raw = sct.grab(monitor)
  File "C:\Users\thitopp\AppData\Local\Python\pythoncore-3.14-64\Lib\site-packages\mss\base.py", line 312, in grab
    img_data_and_maybe_size = self._impl.grab(monitor)
  File "C:\Users\thitopp\AppData\Local\Python\pythoncore-3.14-64\Lib\site-packages\mss\windows\gdi.py", line 380, in grab
    gdi.BitBlt(memdc, 0, 0, width, height, srcdc, monitor["left"], monitor["top"], SRCCOPY | CAPTUREBLT)
    ~~~~~~~~~~^^^^^^^^^^^^^^^^^^^^^^^^^^^^^^^^^^^^^^^^^^^^^^^^^^^^^^^^^^^^^^^^^^^^^^^^^^^^^^^^^^^^^^^^^^
  File "C:\Users\thitopp\AppData\Local\Python\pythoncore-3.14-64\Lib\site-packages\mss\windows\gdi.py", line 127, in _errcheck
    raise ScreenShotError(msg, details=details)
mss.exception.ScreenShotError: Windows graphics function failed (no error provided): BitBlt
[2026-09-21 05:36:53] ERROR    worker: Worker loop error: Windows graphics function failed (no error provided): BitBlt
Traceback (most recent call last):
  File "d:\Projects\PixelClick\detection_worker.py", line 142, in _run
    frame = self._capture_frame()
  File "d:\Projects\PixelClick\detection_worker.py", line 171, in _capture_frame
    return self._capture.capture_region(r["x"], r["y"], r["width"], r["height"])
           ~~~~~~~~~~~~~~~~~~~~~~~~~~~~^^^^^^^^^^^^^^^^^^^^^^^^^^^^^^^^^^^^^^^^^
  File "d:\Projects\PixelClick\capture\screen_capture.py", line 36, in capture_region
    return self._grab_to_bgr(sct, monitor)
           ~~~~~~~~~~~~~~~~~^^^^^^^^^^^^^^
  File "d:\Projects\PixelClick\capture\screen_capture.py", line 47, in _grab_to_bgr
    raw = sct.grab(monitor)
  File "C:\Users\thitopp\AppData\Local\Python\pythoncore-3.14-64\Lib\site-packages\mss\base.py", line 312, in grab
    img_data_and_maybe_size = self._impl.grab(monitor)
  File "C:\Users\thitopp\AppData\Local\Python\pythoncore-3.14-64\Lib\site-packages\mss\windows\gdi.py", line 380, in grab
    gdi.BitBlt(memdc, 0, 0, width, height, srcdc, monitor["left"], monitor["top"], SRCCOPY | CAPTUREBLT)
    ~~~~~~~~~~^^^^^^^^^^^^^^^^^^^^^^^^^^^^^^^^^^^^^^^^^^^^^^^^^^^^^^^^^^^^^^^^^^^^^^^^^^^^^^^^^^^^^^^^^^
  File "C:\Users\thitopp\AppData\Local\Python\pythoncore-3.14-64\Lib\site-packages\mss\windows\gdi.py", line 127, in _errcheck
    raise ScreenShotError(msg, details=details)
mss.exception.ScreenShotError: Windows graphics function failed (no error provided): BitBlt
[2026-09-21 05:36:53] ERROR    worker: Worker loop error: Windows graphics function failed (no error provided): BitBlt
Traceback (most recent call last):
  File "d:\Projects\PixelClick\detection_worker.py", line 142, in _run
    frame = self._capture_frame()
  File "d:\Projects\PixelClick\detection_worker.py", line 171, in _capture_frame
    return self._capture.capture_region(r["x"], r["y"], r["width"], r["height"])
           ~~~~~~~~~~~~~~~~~~~~~~~~~~~~^^^^^^^^^^^^^^^^^^^^^^^^^^^^^^^^^^^^^^^^^
  File "d:\Projects\PixelClick\capture\screen_capture.py", line 36, in capture_region
    return self._grab_to_bgr(sct, monitor)
           ~~~~~~~~~~~~~~~~~^^^^^^^^^^^^^^
  File "d:\Projects\PixelClick\capture\screen_capture.py", line 47, in _grab_to_bgr
    raw = sct.grab(monitor)
  File "C:\Users\thitopp\AppData\Local\Python\pythoncore-3.14-64\Lib\site-packages\mss\base.py", line 312, in grab
    img_data_and_maybe_size = self._impl.grab(monitor)
  File "C:\Users\thitopp\AppData\Local\Python\pythoncore-3.14-64\Lib\site-packages\mss\windows\gdi.py", line 380, in grab
    gdi.BitBlt(memdc, 0, 0, width, height, srcdc, monitor["left"], monitor["top"], SRCCOPY | CAPTUREBLT)
    ~~~~~~~~~~^^^^^^^^^^^^^^^^^^^^^^^^^^^^^^^^^^^^^^^^^^^^^^^^^^^^^^^^^^^^^^^^^^^^^^^^^^^^^^^^^^^^^^^^^^
  File "C:\Users\thitopp\AppData\Local\Python\pythoncore-3.14-64\Lib\site-packages\mss\windows\gdi.py", line 127, in _errcheck
    raise ScreenShotError(msg, details=details)
mss.exception.ScreenShotError: Windows graphics function failed (no error provided): BitBlt
[2026-09-21 05:36:53] ERROR    worker: Worker loop error: Windows graphics function failed (no error provided): BitBlt
Traceback (most recent call last):
  File "d:\Projects\PixelClick\detection_worker.py", line 142, in _run
    frame = self._capture_frame()
  File "d:\Projects\PixelClick\detection_worker.py", line 171, in _capture_frame
    return self._capture.capture_region(r["x"], r["y"], r["width"], r["height"])
           ~~~~~~~~~~~~~~~~~~~~~~~~~~~~^^^^^^^^^^^^^^^^^^^^^^^^^^^^^^^^^^^^^^^^^
  File "d:\Projects\PixelClick\capture\screen_capture.py", line 36, in capture_region
    return self._grab_to_bgr(sct, monitor)
           ~~~~~~~~~~~~~~~~~^^^^^^^^^^^^^^
  File "d:\Projects\PixelClick\capture\screen_capture.py", line 47, in _grab_to_bgr
    raw = sct.grab(monitor)
  File "C:\Users\thitopp\AppData\Local\Python\pythoncore-3.14-64\Lib\site-packages\mss\base.py", line 312, in grab
    img_data_and_maybe_size = self._impl.grab(monitor)
  File "C:\Users\thitopp\AppData\Local\Python\pythoncore-3.14-64\Lib\site-packages\mss\windows\gdi.py", line 380, in grab
    gdi.BitBlt(memdc, 0, 0, width, height, srcdc, monitor["left"], monitor["top"], SRCCOPY | CAPTUREBLT)
    ~~~~~~~~~~^^^^^^^^^^^^^^^^^^^^^^^^^^^^^^^^^^^^^^^^^^^^^^^^^^^^^^^^^^^^^^^^^^^^^^^^^^^^^^^^^^^^^^^^^^
  File "C:\Users\thitopp\AppData\Local\Python\pythoncore-3.14-64\Lib\site-packages\mss\windows\gdi.py", line 127, in _errcheck
    raise ScreenShotError(msg, details=details)
mss.exception.ScreenShotError: Windows graphics function failed (no error provided): BitBlt
[2026-09-21 05:36:53] ERROR    worker: Worker loop error: Windows graphics function failed (no error provided): BitBlt
Traceback (most recent call last):
  File "d:\Projects\PixelClick\detection_worker.py", line 142, in _run
    frame = self._capture_frame()
  File "d:\Projects\PixelClick\detection_worker.py", line 171, in _capture_frame
    return self._capture.capture_region(r["x"], r["y"], r["width"], r["height"])
           ~~~~~~~~~~~~~~~~~~~~~~~~~~~~^^^^^^^^^^^^^^^^^^^^^^^^^^^^^^^^^^^^^^^^^
  File "d:\Projects\PixelClick\capture\screen_capture.py", line 36, in capture_region
    return self._grab_to_bgr(sct, monitor)
           ~~~~~~~~~~~~~~~~~^^^^^^^^^^^^^^
  File "d:\Projects\PixelClick\capture\screen_capture.py", line 47, in _grab_to_bgr
    raw = sct.grab(monitor)
  File "C:\Users\thitopp\AppData\Local\Python\pythoncore-3.14-64\Lib\site-packages\mss\base.py", line 312, in grab
    img_data_and_maybe_size = self._impl.grab(monitor)
  File "C:\Users\thitopp\AppData\Local\Python\pythoncore-3.14-64\Lib\site-packages\mss\windows\gdi.py", line 380, in grab
    gdi.BitBlt(memdc, 0, 0, width, height, srcdc, monitor["left"], monitor["top"], SRCCOPY | CAPTUREBLT)
    ~~~~~~~~~~^^^^^^^^^^^^^^^^^^^^^^^^^^^^^^^^^^^^^^^^^^^^^^^^^^^^^^^^^^^^^^^^^^^^^^^^^^^^^^^^^^^^^^^^^^
  File "C:\Users\thitopp\AppData\Local\Python\pythoncore-3.14-64\Lib\site-packages\mss\windows\gdi.py", line 127, in _errcheck
    raise ScreenShotError(msg, details=details)
mss.exception.ScreenShotError: Windows graphics function failed (no error provided): BitBlt
[2026-09-21 05:36:53] ERROR    worker: Worker loop error: Windows graphics function failed (no error provided): BitBlt
Traceback (most recent call last):
  File "d:\Projects\PixelClick\detection_worker.py", line 142, in _run
    frame = self._capture_frame()
  File "d:\Projects\PixelClick\detection_worker.py", line 171, in _capture_frame
    return self._capture.capture_region(r["x"], r["y"], r["width"], r["height"])
           ~~~~~~~~~~~~~~~~~~~~~~~~~~~~^^^^^^^^^^^^^^^^^^^^^^^^^^^^^^^^^^^^^^^^^
  File "d:\Projects\PixelClick\capture\screen_capture.py", line 36, in capture_region
    return self._grab_to_bgr(sct, monitor)
           ~~~~~~~~~~~~~~~~~^^^^^^^^^^^^^^
  File "d:\Projects\PixelClick\capture\screen_capture.py", line 47, in _grab_to_bgr
    raw = sct.grab(monitor)
  File "C:\Users\thitopp\AppData\Local\Python\pythoncore-3.14-64\Lib\site-packages\mss\base.py", line 312, in grab
    img_data_and_maybe_size = self._impl.grab(monitor)
  File "C:\Users\thitopp\AppData\Local\Python\pythoncore-3.14-64\Lib\site-packages\mss\windows\gdi.py", line 380, in grab
    gdi.BitBlt(memdc, 0, 0, width, height, srcdc, monitor["left"], monitor["top"], SRCCOPY | CAPTUREBLT)
    ~~~~~~~~~~^^^^^^^^^^^^^^^^^^^^^^^^^^^^^^^^^^^^^^^^^^^^^^^^^^^^^^^^^^^^^^^^^^^^^^^^^^^^^^^^^^^^^^^^^^
  File "C:\Users\thitopp\AppData\Local\Python\pythoncore-3.14-64\Lib\site-packages\mss\windows\gdi.py", line 127, in _errcheck
    raise ScreenShotError(msg, details=details)
mss.exception.ScreenShotError: Windows graphics function failed (no error provided): BitBlt
[2026-09-21 05:36:53] ERROR    worker: Worker loop error: Windows graphics function failed (no error provided): BitBlt
Traceback (most recent call last):
  File "d:\Projects\PixelClick\detection_worker.py", line 142, in _run
    frame = self._capture_frame()
  File "d:\Projects\PixelClick\detection_worker.py", line 171, in _capture_frame
    return self._capture.capture_region(r["x"], r["y"], r["width"], r["height"])
           ~~~~~~~~~~~~~~~~~~~~~~~~~~~~^^^^^^^^^^^^^^^^^^^^^^^^^^^^^^^^^^^^^^^^^
  File "d:\Projects\PixelClick\capture\screen_capture.py", line 36, in capture_region
    return self._grab_to_bgr(sct, monitor)
           ~~~~~~~~~~~~~~~~~^^^^^^^^^^^^^^
  File "d:\Projects\PixelClick\capture\screen_capture.py", line 47, in _grab_to_bgr
    raw = sct.grab(monitor)
  File "C:\Users\thitopp\AppData\Local\Python\pythoncore-3.14-64\Lib\site-packages\mss\base.py", line 312, in grab
    img_data_and_maybe_size = self._impl.grab(monitor)
  File "C:\Users\thitopp\AppData\Local\Python\pythoncore-3.14-64\Lib\site-packages\mss\windows\gdi.py", line 380, in grab
    gdi.BitBlt(memdc, 0, 0, width, height, srcdc, monitor["left"], monitor["top"], SRCCOPY | CAPTUREBLT)
    ~~~~~~~~~~^^^^^^^^^^^^^^^^^^^^^^^^^^^^^^^^^^^^^^^^^^^^^^^^^^^^^^^^^^^^^^^^^^^^^^^^^^^^^^^^^^^^^^^^^^
  File "C:\Users\thitopp\AppData\Local\Python\pythoncore-3.14-64\Lib\site-packages\mss\windows\gdi.py", line 127, in _errcheck
    raise ScreenShotError(msg, details=details)
mss.exception.ScreenShotError: Windows graphics function failed (no error provided): BitBlt
[2026-09-21 05:36:53] ERROR    worker: Worker loop error: Windows graphics function failed (no error provided): BitBlt
Traceback (most recent call last):
  File "d:\Projects\PixelClick\detection_worker.py", line 142, in _run
    frame = self._capture_frame()
  File "d:\Projects\PixelClick\detection_worker.py", line 171, in _capture_frame
    return self._capture.capture_region(r["x"], r["y"], r["width"], r["height"])
           ~~~~~~~~~~~~~~~~~~~~~~~~~~~~^^^^^^^^^^^^^^^^^^^^^^^^^^^^^^^^^^^^^^^^^
  File "d:\Projects\PixelClick\capture\screen_capture.py", line 36, in capture_region
    return self._grab_to_bgr(sct, monitor)
           ~~~~~~~~~~~~~~~~~^^^^^^^^^^^^^^
  File "d:\Projects\PixelClick\capture\screen_capture.py", line 47, in _grab_to_bgr
    raw = sct.grab(monitor)
  File "C:\Users\thitopp\AppData\Local\Python\pythoncore-3.14-64\Lib\site-packages\mss\base.py", line 312, in grab
    img_data_and_maybe_size = self._impl.grab(monitor)
  File "C:\Users\thitopp\AppData\Local\Python\pythoncore-3.14-64\Lib\site-packages\mss\windows\gdi.py", line 380, in grab
    gdi.BitBlt(memdc, 0, 0, width, height, srcdc, monitor["left"], monitor["top"], SRCCOPY | CAPTUREBLT)
    ~~~~~~~~~~^^^^^^^^^^^^^^^^^^^^^^^^^^^^^^^^^^^^^^^^^^^^^^^^^^^^^^^^^^^^^^^^^^^^^^^^^^^^^^^^^^^^^^^^^^
  File "C:\Users\thitopp\AppData\Local\Python\pythoncore-3.14-64\Lib\site-packages\mss\windows\gdi.py", line 127, in _errcheck
    raise ScreenShotError(msg, details=details)
mss.exception.ScreenShotError: Windows graphics function failed (no error provided): BitBlt
[2026-09-21 05:36:53] ERROR    worker: Worker loop error: Windows graphics function failed (no error provided): BitBlt
Traceback (most recent call last):
  File "d:\Projects\PixelClick\detection_worker.py", line 142, in _run
    frame = self._capture_frame()
  File "d:\Projects\PixelClick\detection_worker.py", line 171, in _capture_frame
    return self._capture.capture_region(r["x"], r["y"], r["width"], r["height"])
           ~~~~~~~~~~~~~~~~~~~~~~~~~~~~^^^^^^^^^^^^^^^^^^^^^^^^^^^^^^^^^^^^^^^^^
  File "d:\Projects\PixelClick\capture\screen_capture.py", line 36, in capture_region
    return self._grab_to_bgr(sct, monitor)
           ~~~~~~~~~~~~~~~~~^^^^^^^^^^^^^^
  File "d:\Projects\PixelClick\capture\screen_capture.py", line 47, in _grab_to_bgr
    raw = sct.grab(monitor)
  File "C:\Users\thitopp\AppData\Local\Python\pythoncore-3.14-64\Lib\site-packages\mss\base.py", line 312, in grab
    img_data_and_maybe_size = self._impl.grab(monitor)
  File "C:\Users\thitopp\AppData\Local\Python\pythoncore-3.14-64\Lib\site-packages\mss\windows\gdi.py", line 380, in grab
    gdi.BitBlt(memdc, 0, 0, width, height, srcdc, monitor["left"], monitor["top"], SRCCOPY | CAPTUREBLT)
    ~~~~~~~~~~^^^^^^^^^^^^^^^^^^^^^^^^^^^^^^^^^^^^^^^^^^^^^^^^^^^^^^^^^^^^^^^^^^^^^^^^^^^^^^^^^^^^^^^^^^
  File "C:\Users\thitopp\AppData\Local\Python\pythoncore-3.14-64\Lib\site-packages\mss\windows\gdi.py", line 127, in _errcheck
    raise ScreenShotError(msg, details=details)
mss.exception.ScreenShotError: Windows graphics function failed (no error provided): BitBlt
[2026-09-21 05:36:53] ERROR    worker: Worker loop error: Windows graphics function failed (no error provided): BitBlt
Traceback (most recent call last):
  File "d:\Projects\PixelClick\detection_worker.py", line 142, in _run
    frame = self._capture_frame()
  File "d:\Projects\PixelClick\detection_worker.py", line 171, in _capture_frame
    return self._capture.capture_region(r["x"], r["y"], r["width"], r["height"])
           ~~~~~~~~~~~~~~~~~~~~~~~~~~~~^^^^^^^^^^^^^^^^^^^^^^^^^^^^^^^^^^^^^^^^^
  File "d:\Projects\PixelClick\capture\screen_capture.py", line 36, in capture_region
    return self._grab_to_bgr(sct, monitor)
           ~~~~~~~~~~~~~~~~~^^^^^^^^^^^^^^
  File "d:\Projects\PixelClick\capture\screen_capture.py", line 47, in _grab_to_bgr
    raw = sct.grab(monitor)
  File "C:\Users\thitopp\AppData\Local\Python\pythoncore-3.14-64\Lib\site-packages\mss\base.py", line 312, in grab
    img_data_and_maybe_size = self._impl.grab(monitor)
  File "C:\Users\thitopp\AppData\Local\Python\pythoncore-3.14-64\Lib\site-packages\mss\windows\gdi.py", line 380, in grab
    gdi.BitBlt(memdc, 0, 0, width, height, srcdc, monitor["left"], monitor["top"], SRCCOPY | CAPTUREBLT)
    ~~~~~~~~~~^^^^^^^^^^^^^^^^^^^^^^^^^^^^^^^^^^^^^^^^^^^^^^^^^^^^^^^^^^^^^^^^^^^^^^^^^^^^^^^^^^^^^^^^^^
  File "C:\Users\thitopp\AppData\Local\Python\pythoncore-3.14-64\Lib\site-packages\mss\windows\gdi.py", line 127, in _errcheck
    raise ScreenShotError(msg, details=details)
mss.exception.ScreenShotError: Windows graphics function failed (no error provided): BitBlt
[2026-09-21 05:36:53] ERROR    worker: Worker loop error: Windows graphics function failed (no error provided): BitBlt
Traceback (most recent call last):
  File "d:\Projects\PixelClick\detection_worker.py", line 142, in _run
    frame = self._capture_frame()
  File "d:\Projects\PixelClick\detection_worker.py", line 171, in _capture_frame
    return self._capture.capture_region(r["x"], r["y"], r["width"], r["height"])
           ~~~~~~~~~~~~~~~~~~~~~~~~~~~~^^^^^^^^^^^^^^^^^^^^^^^^^^^^^^^^^^^^^^^^^
  File "d:\Projects\PixelClick\capture\screen_capture.py", line 36, in capture_region
    return self._grab_to_bgr(sct, monitor)
           ~~~~~~~~~~~~~~~~~^^^^^^^^^^^^^^
  File "d:\Projects\PixelClick\capture\screen_capture.py", line 47, in _grab_to_bgr
    raw = sct.grab(monitor)
  File "C:\Users\thitopp\AppData\Local\Python\pythoncore-3.14-64\Lib\site-packages\mss\base.py", line 312, in grab
    img_data_and_maybe_size = self._impl.grab(monitor)
  File "C:\Users\thitopp\AppData\Local\Python\pythoncore-3.14-64\Lib\site-packages\mss\windows\gdi.py", line 380, in grab
    gdi.BitBlt(memdc, 0, 0, width, height, srcdc, monitor["left"], monitor["top"], SRCCOPY | CAPTUREBLT)
    ~~~~~~~~~~^^^^^^^^^^^^^^^^^^^^^^^^^^^^^^^^^^^^^^^^^^^^^^^^^^^^^^^^^^^^^^^^^^^^^^^^^^^^^^^^^^^^^^^^^^
  File "C:\Users\thitopp\AppData\Local\Python\pythoncore-3.14-64\Lib\site-packages\mss\windows\gdi.py", line 127, in _errcheck
    raise ScreenShotError(msg, details=details)
mss.exception.ScreenShotError: Windows graphics function failed (no error provided): BitBlt
[2026-09-21 05:36:54] ERROR    worker: Worker loop error: Windows graphics function failed (no error provided): BitBlt
Traceback (most recent call last):
  File "d:\Projects\PixelClick\detection_worker.py", line 142, in _run
    frame = self._capture_frame()
  File "d:\Projects\PixelClick\detection_worker.py", line 171, in _capture_frame
    return self._capture.capture_region(r["x"], r["y"], r["width"], r["height"])
           ~~~~~~~~~~~~~~~~~~~~~~~~~~~~^^^^^^^^^^^^^^^^^^^^^^^^^^^^^^^^^^^^^^^^^
  File "d:\Projects\PixelClick\capture\screen_capture.py", line 36, in capture_region
    return self._grab_to_bgr(sct, monitor)
           ~~~~~~~~~~~~~~~~~^^^^^^^^^^^^^^
  File "d:\Projects\PixelClick\capture\screen_capture.py", line 47, in _grab_to_bgr
    raw = sct.grab(monitor)
  File "C:\Users\thitopp\AppData\Local\Python\pythoncore-3.14-64\Lib\site-packages\mss\base.py", line 312, in grab
    img_data_and_maybe_size = self._impl.grab(monitor)
  File "C:\Users\thitopp\AppData\Local\Python\pythoncore-3.14-64\Lib\site-packages\mss\windows\gdi.py", line 380, in grab
    gdi.BitBlt(memdc, 0, 0, width, height, srcdc, monitor["left"], monitor["top"], SRCCOPY | CAPTUREBLT)
    ~~~~~~~~~~^^^^^^^^^^^^^^^^^^^^^^^^^^^^^^^^^^^^^^^^^^^^^^^^^^^^^^^^^^^^^^^^^^^^^^^^^^^^^^^^^^^^^^^^^^
  File "C:\Users\thitopp\AppData\Local\Python\pythoncore-3.14-64\Lib\site-packages\mss\windows\gdi.py", line 127, in _errcheck
    raise ScreenShotError(msg, details=details)
mss.exception.ScreenShotError: Windows graphics function failed (no error provided): BitBlt
[2026-09-21 05:36:54] ERROR    worker: Worker loop error: Windows graphics function failed (no error provided): BitBlt
Traceback (most recent call last):
  File "d:\Projects\PixelClick\detection_worker.py", line 142, in _run
    frame = self._capture_frame()
  File "d:\Projects\PixelClick\detection_worker.py", line 171, in _capture_frame
    return self._capture.capture_region(r["x"], r["y"], r["width"], r["height"])
           ~~~~~~~~~~~~~~~~~~~~~~~~~~~~^^^^^^^^^^^^^^^^^^^^^^^^^^^^^^^^^^^^^^^^^
  File "d:\Projects\PixelClick\capture\screen_capture.py", line 36, in capture_region
    return self._grab_to_bgr(sct, monitor)
           ~~~~~~~~~~~~~~~~~^^^^^^^^^^^^^^
  File "d:\Projects\PixelClick\capture\screen_capture.py", line 47, in _grab_to_bgr
    raw = sct.grab(monitor)
  File "C:\Users\thitopp\AppData\Local\Python\pythoncore-3.14-64\Lib\site-packages\mss\base.py", line 312, in grab
    img_data_and_maybe_size = self._impl.grab(monitor)
  File "C:\Users\thitopp\AppData\Local\Python\pythoncore-3.14-64\Lib\site-packages\mss\windows\gdi.py", line 380, in grab
    gdi.BitBlt(memdc, 0, 0, width, height, srcdc, monitor["left"], monitor["top"], SRCCOPY | CAPTUREBLT)
    ~~~~~~~~~~^^^^^^^^^^^^^^^^^^^^^^^^^^^^^^^^^^^^^^^^^^^^^^^^^^^^^^^^^^^^^^^^^^^^^^^^^^^^^^^^^^^^^^^^^^
  File "C:\Users\thitopp\AppData\Local\Python\pythoncore-3.14-64\Lib\site-packages\mss\windows\gdi.py", line 127, in _errcheck
    raise ScreenShotError(msg, details=details)
mss.exception.ScreenShotError: Windows graphics function failed (no error provided): BitBlt
[2026-09-21 05:36:54] ERROR    worker: Worker loop error: Windows graphics function failed (no error provided): BitBlt
Traceback (most recent call last):
  File "d:\Projects\PixelClick\detection_worker.py", line 142, in _run
    frame = self._capture_frame()
  File "d:\Projects\PixelClick\detection_worker.py", line 171, in _capture_frame
    return self._capture.capture_region(r["x"], r["y"], r["width"], r["height"])
           ~~~~~~~~~~~~~~~~~~~~~~~~~~~~^^^^^^^^^^^^^^^^^^^^^^^^^^^^^^^^^^^^^^^^^
  File "d:\Projects\PixelClick\capture\screen_capture.py", line 36, in capture_region
    return self._grab_to_bgr(sct, monitor)
           ~~~~~~~~~~~~~~~~~^^^^^^^^^^^^^^
  File "d:\Projects\PixelClick\capture\screen_capture.py", line 47, in _grab_to_bgr
    raw = sct.grab(monitor)
  File "C:\Users\thitopp\AppData\Local\Python\pythoncore-3.14-64\Lib\site-packages\mss\base.py", line 312, in grab
    img_data_and_maybe_size = self._impl.grab(monitor)
  File "C:\Users\thitopp\AppData\Local\Python\pythoncore-3.14-64\Lib\site-packages\mss\windows\gdi.py", line 380, in grab
    gdi.BitBlt(memdc, 0, 0, width, height, srcdc, monitor["left"], monitor["top"], SRCCOPY | CAPTUREBLT)
    ~~~~~~~~~~^^^^^^^^^^^^^^^^^^^^^^^^^^^^^^^^^^^^^^^^^^^^^^^^^^^^^^^^^^^^^^^^^^^^^^^^^^^^^^^^^^^^^^^^^^
  File "C:\Users\thitopp\AppData\Local\Python\pythoncore-3.14-64\Lib\site-packages\mss\windows\gdi.py", line 127, in _errcheck
    raise ScreenShotError(msg, details=details)
mss.exception.ScreenShotError: Windows graphics function failed (no error provided): BitBlt
[2026-09-21 05:36:54] ERROR    worker: Worker loop error: Windows graphics function failed (no error provided): BitBlt
Traceback (most recent call last):
  File "d:\Projects\PixelClick\detection_worker.py", line 142, in _run
    frame = self._capture_frame()
  File "d:\Projects\PixelClick\detection_worker.py", line 171, in _capture_frame
    return self._capture.capture_region(r["x"], r["y"], r["width"], r["height"])
           ~~~~~~~~~~~~~~~~~~~~~~~~~~~~^^^^^^^^^^^^^^^^^^^^^^^^^^^^^^^^^^^^^^^^^
  File "d:\Projects\PixelClick\capture\screen_capture.py", line 36, in capture_region
    return self._grab_to_bgr(sct, monitor)
           ~~~~~~~~~~~~~~~~~^^^^^^^^^^^^^^
  File "d:\Projects\PixelClick\capture\screen_capture.py", line 47, in _grab_to_bgr
    raw = sct.grab(monitor)
  File "C:\Users\thitopp\AppData\Local\Python\pythoncore-3.14-64\Lib\site-packages\mss\base.py", line 312, in grab
    img_data_and_maybe_size = self._impl.grab(monitor)
  File "C:\Users\thitopp\AppData\Local\Python\pythoncore-3.14-64\Lib\site-packages\mss\windows\gdi.py", line 380, in grab
    gdi.BitBlt(memdc, 0, 0, width, height, srcdc, monitor["left"], monitor["top"], SRCCOPY | CAPTUREBLT)
    ~~~~~~~~~~^^^^^^^^^^^^^^^^^^^^^^^^^^^^^^^^^^^^^^^^^^^^^^^^^^^^^^^^^^^^^^^^^^^^^^^^^^^^^^^^^^^^^^^^^^
  File "C:\Users\thitopp\AppData\Local\Python\pythoncore-3.14-64\Lib\site-packages\mss\windows\gdi.py", line 127, in _errcheck
    raise ScreenShotError(msg, details=details)
mss.exception.ScreenShotError: Windows graphics function failed (no error provided): BitBlt
[2026-09-21 05:36:54] ERROR    worker: Worker loop error: Windows graphics function failed (no error provided): BitBlt
Traceback (most recent call last):
  File "d:\Projects\PixelClick\detection_worker.py", line 142, in _run
    frame = self._capture_frame()
  File "d:\Projects\PixelClick\detection_worker.py", line 171, in _capture_frame
    return self._capture.capture_region(r["x"], r["y"], r["width"], r["height"])
           ~~~~~~~~~~~~~~~~~~~~~~~~~~~~^^^^^^^^^^^^^^^^^^^^^^^^^^^^^^^^^^^^^^^^^
  File "d:\Projects\PixelClick\capture\screen_capture.py", line 36, in capture_region
    return self._grab_to_bgr(sct, monitor)
           ~~~~~~~~~~~~~~~~~^^^^^^^^^^^^^^
  File "d:\Projects\PixelClick\capture\screen_capture.py", line 47, in _grab_to_bgr
    raw = sct.grab(monitor)
  File "C:\Users\thitopp\AppData\Local\Python\pythoncore-3.14-64\Lib\site-packages\mss\base.py", line 312, in grab
    img_data_and_maybe_size = self._impl.grab(monitor)
  File "C:\Users\thitopp\AppData\Local\Python\pythoncore-3.14-64\Lib\site-packages\mss\windows\gdi.py", line 380, in grab
    gdi.BitBlt(memdc, 0, 0, width, height, srcdc, monitor["left"], monitor["top"], SRCCOPY | CAPTUREBLT)
    ~~~~~~~~~~^^^^^^^^^^^^^^^^^^^^^^^^^^^^^^^^^^^^^^^^^^^^^^^^^^^^^^^^^^^^^^^^^^^^^^^^^^^^^^^^^^^^^^^^^^
  File "C:\Users\thitopp\AppData\Local\Python\pythoncore-3.14-64\Lib\site-packages\mss\windows\gdi.py", line 127, in _errcheck
    raise ScreenShotError(msg, details=details)
mss.exception.ScreenShotError: Windows graphics function failed (no error provided): BitBlt
[2026-09-21 05:36:54] ERROR    worker: Worker loop error: Windows graphics function failed (no error provided): BitBlt
Traceback (most recent call last):
  File "d:\Projects\PixelClick\detection_worker.py", line 142, in _run
    frame = self._capture_frame()
  File "d:\Projects\PixelClick\detection_worker.py", line 171, in _capture_frame
    return self._capture.capture_region(r["x"], r["y"], r["width"], r["height"])
           ~~~~~~~~~~~~~~~~~~~~~~~~~~~~^^^^^^^^^^^^^^^^^^^^^^^^^^^^^^^^^^^^^^^^^
  File "d:\Projects\PixelClick\capture\screen_capture.py", line 36, in capture_region
    return self._grab_to_bgr(sct, monitor)
           ~~~~~~~~~~~~~~~~~^^^^^^^^^^^^^^
  File "d:\Projects\PixelClick\capture\screen_capture.py", line 47, in _grab_to_bgr
    raw = sct.grab(monitor)
  File "C:\Users\thitopp\AppData\Local\Python\pythoncore-3.14-64\Lib\site-packages\mss\base.py", line 312, in grab
    img_data_and_maybe_size = self._impl.grab(monitor)
  File "C:\Users\thitopp\AppData\Local\Python\pythoncore-3.14-64\Lib\site-packages\mss\windows\gdi.py", line 380, in grab
    gdi.BitBlt(memdc, 0, 0, width, height, srcdc, monitor["left"], monitor["top"], SRCCOPY | CAPTUREBLT)
    ~~~~~~~~~~^^^^^^^^^^^^^^^^^^^^^^^^^^^^^^^^^^^^^^^^^^^^^^^^^^^^^^^^^^^^^^^^^^^^^^^^^^^^^^^^^^^^^^^^^^
  File "C:\Users\thitopp\AppData\Local\Python\pythoncore-3.14-64\Lib\site-packages\mss\windows\gdi.py", line 127, in _errcheck
    raise ScreenShotError(msg, details=details)
mss.exception.ScreenShotError: Windows graphics function failed (no error provided): BitBlt
[2026-09-21 05:36:54] ERROR    worker: Worker loop error: Windows graphics function failed (no error provided): BitBlt
Traceback (most recent call last):
  File "d:\Projects\PixelClick\detection_worker.py", line 142, in _run
    frame = self._capture_frame()
  File "d:\Projects\PixelClick\detection_worker.py", line 171, in _capture_frame
    return self._capture.capture_region(r["x"], r["y"], r["width"], r["height"])
           ~~~~~~~~~~~~~~~~~~~~~~~~~~~~^^^^^^^^^^^^^^^^^^^^^^^^^^^^^^^^^^^^^^^^^
  File "d:\Projects\PixelClick\capture\screen_capture.py", line 36, in capture_region
    return self._grab_to_bgr(sct, monitor)
           ~~~~~~~~~~~~~~~~~^^^^^^^^^^^^^^
  File "d:\Projects\PixelClick\capture\screen_capture.py", line 47, in _grab_to_bgr
    raw = sct.grab(monitor)
  File "C:\Users\thitopp\AppData\Local\Python\pythoncore-3.14-64\Lib\site-packages\mss\base.py", line 312, in grab
    img_data_and_maybe_size = self._impl.grab(monitor)
  File "C:\Users\thitopp\AppData\Local\Python\pythoncore-3.14-64\Lib\site-packages\mss\windows\gdi.py", line 380, in grab
    gdi.BitBlt(memdc, 0, 0, width, height, srcdc, monitor["left"], monitor["top"], SRCCOPY | CAPTUREBLT)
    ~~~~~~~~~~^^^^^^^^^^^^^^^^^^^^^^^^^^^^^^^^^^^^^^^^^^^^^^^^^^^^^^^^^^^^^^^^^^^^^^^^^^^^^^^^^^^^^^^^^^
  File "C:\Users\thitopp\AppData\Local\Python\pythoncore-3.14-64\Lib\site-packages\mss\windows\gdi.py", line 127, in _errcheck
    raise ScreenShotError(msg, details=details)
mss.exception.ScreenShotError: Windows graphics function failed (no error provided): BitBlt
[2026-09-21 05:36:54] ERROR    worker: Worker loop error: Windows graphics function failed (no error provided): BitBlt
Traceback (most recent call last):
  File "d:\Projects\PixelClick\detection_worker.py", line 142, in _run
    frame = self._capture_frame()
  File "d:\Projects\PixelClick\detection_worker.py", line 171, in _capture_frame
    return self._capture.capture_region(r["x"], r["y"], r["width"], r["height"])
           ~~~~~~~~~~~~~~~~~~~~~~~~~~~~^^^^^^^^^^^^^^^^^^^^^^^^^^^^^^^^^^^^^^^^^
  File "d:\Projects\PixelClick\capture\screen_capture.py", line 36, in capture_region
    return self._grab_to_bgr(sct, monitor)
           ~~~~~~~~~~~~~~~~~^^^^^^^^^^^^^^
  File "d:\Projects\PixelClick\capture\screen_capture.py", line 47, in _grab_to_bgr
    raw = sct.grab(monitor)
  File "C:\Users\thitopp\AppData\Local\Python\pythoncore-3.14-64\Lib\site-packages\mss\base.py", line 312, in grab
    img_data_and_maybe_size = self._impl.grab(monitor)
  File "C:\Users\thitopp\AppData\Local\Python\pythoncore-3.14-64\Lib\site-packages\mss\windows\gdi.py", line 380, in grab
    gdi.BitBlt(memdc, 0, 0, width, height, srcdc, monitor["left"], monitor["top"], SRCCOPY | CAPTUREBLT)
    ~~~~~~~~~~^^^^^^^^^^^^^^^^^^^^^^^^^^^^^^^^^^^^^^^^^^^^^^^^^^^^^^^^^^^^^^^^^^^^^^^^^^^^^^^^^^^^^^^^^^
  File "C:\Users\thitopp\AppData\Local\Python\pythoncore-3.14-64\Lib\site-packages\mss\windows\gdi.py", line 127, in _errcheck
    raise ScreenShotError(msg, details=details)
mss.exception.ScreenShotError: Windows graphics function failed (no error provided): BitBlt
[2026-09-21 05:36:54] ERROR    worker: Worker loop error: Windows graphics function failed (no error provided): BitBlt
Traceback (most recent call last):
  File "d:\Projects\PixelClick\detection_worker.py", line 142, in _run
    frame = self._capture_frame()
  File "d:\Projects\PixelClick\detection_worker.py", line 171, in _capture_frame
    return self._capture.capture_region(r["x"], r["y"], r["width"], r["height"])
           ~~~~~~~~~~~~~~~~~~~~~~~~~~~~^^^^^^^^^^^^^^^^^^^^^^^^^^^^^^^^^^^^^^^^^
  File "d:\Projects\PixelClick\capture\screen_capture.py", line 36, in capture_region
    return self._grab_to_bgr(sct, monitor)
           ~~~~~~~~~~~~~~~~~^^^^^^^^^^^^^^
  File "d:\Projects\PixelClick\capture\screen_capture.py", line 47, in _grab_to_bgr
    raw = sct.grab(monitor)
  File "C:\Users\thitopp\AppData\Local\Python\pythoncore-3.14-64\Lib\site-packages\mss\base.py", line 312, in grab
    img_data_and_maybe_size = self._impl.grab(monitor)
  File "C:\Users\thitopp\AppData\Local\Python\pythoncore-3.14-64\Lib\site-packages\mss\windows\gdi.py", line 380, in grab
    gdi.BitBlt(memdc, 0, 0, width, height, srcdc, monitor["left"], monitor["top"], SRCCOPY | CAPTUREBLT)
    ~~~~~~~~~~^^^^^^^^^^^^^^^^^^^^^^^^^^^^^^^^^^^^^^^^^^^^^^^^^^^^^^^^^^^^^^^^^^^^^^^^^^^^^^^^^^^^^^^^^^
  File "C:\Users\thitopp\AppData\Local\Python\pythoncore-3.14-64\Lib\site-packages\mss\windows\gdi.py", line 127, in _errcheck
    raise ScreenShotError(msg, details=details)
mss.exception.ScreenShotError: Windows graphics function failed (no error provided): BitBlt
[2026-09-21 05:36:54] ERROR    worker: Worker loop error: Windows graphics function failed (no error provided): BitBlt
Traceback (most recent call last):
  File "d:\Projects\PixelClick\detection_worker.py", line 142, in _run
    frame = self._capture_frame()
  File "d:\Projects\PixelClick\detection_worker.py", line 171, in _capture_frame
    return self._capture.capture_region(r["x"], r["y"], r["width"], r["height"])
           ~~~~~~~~~~~~~~~~~~~~~~~~~~~~^^^^^^^^^^^^^^^^^^^^^^^^^^^^^^^^^^^^^^^^^
  File "d:\Projects\PixelClick\capture\screen_capture.py", line 36, in capture_region
    return self._grab_to_bgr(sct, monitor)
           ~~~~~~~~~~~~~~~~~^^^^^^^^^^^^^^
  File "d:\Projects\PixelClick\capture\screen_capture.py", line 47, in _grab_to_bgr
    raw = sct.grab(monitor)
  File "C:\Users\thitopp\AppData\Local\Python\pythoncore-3.14-64\Lib\site-packages\mss\base.py", line 312, in grab
    img_data_and_maybe_size = self._impl.grab(monitor)
  File "C:\Users\thitopp\AppData\Local\Python\pythoncore-3.14-64\Lib\site-packages\mss\windows\gdi.py", line 380, in grab
    gdi.BitBlt(memdc, 0, 0, width, height, srcdc, monitor["left"], monitor["top"], SRCCOPY | CAPTUREBLT)
    ~~~~~~~~~~^^^^^^^^^^^^^^^^^^^^^^^^^^^^^^^^^^^^^^^^^^^^^^^^^^^^^^^^^^^^^^^^^^^^^^^^^^^^^^^^^^^^^^^^^^
  File "C:\Users\thitopp\AppData\Local\Python\pythoncore-3.14-64\Lib\site-packages\mss\windows\gdi.py", line 127, in _errcheck
    raise ScreenShotError(msg, details=details)
mss.exception.ScreenShotError: Windows graphics function failed (no error provided): BitBlt
[2026-09-21 05:36:54] ERROR    worker: Worker loop error: Windows graphics function failed (no error provided): BitBlt
Traceback (most recent call last):
  File "d:\Projects\PixelClick\detection_worker.py", line 142, in _run
    frame = self._capture_frame()
  File "d:\Projects\PixelClick\detection_worker.py", line 171, in _capture_frame
    return self._capture.capture_region(r["x"], r["y"], r["width"], r["height"])
           ~~~~~~~~~~~~~~~~~~~~~~~~~~~~^^^^^^^^^^^^^^^^^^^^^^^^^^^^^^^^^^^^^^^^^
  File "d:\Projects\PixelClick\capture\screen_capture.py", line 36, in capture_region
    return self._grab_to_bgr(sct, monitor)
           ~~~~~~~~~~~~~~~~~^^^^^^^^^^^^^^
  File "d:\Projects\PixelClick\capture\screen_capture.py", line 47, in _grab_to_bgr
    raw = sct.grab(monitor)
  File "C:\Users\thitopp\AppData\Local\Python\pythoncore-3.14-64\Lib\site-packages\mss\base.py", line 312, in grab
    img_data_and_maybe_size = self._impl.grab(monitor)
  File "C:\Users\thitopp\AppData\Local\Python\pythoncore-3.14-64\Lib\site-packages\mss\windows\gdi.py", line 380, in grab
    gdi.BitBlt(memdc, 0, 0, width, height, srcdc, monitor["left"], monitor["top"], SRCCOPY | CAPTUREBLT)
    ~~~~~~~~~~^^^^^^^^^^^^^^^^^^^^^^^^^^^^^^^^^^^^^^^^^^^^^^^^^^^^^^^^^^^^^^^^^^^^^^^^^^^^^^^^^^^^^^^^^^
  File "C:\Users\thitopp\AppData\Local\Python\pythoncore-3.14-64\Lib\site-packages\mss\windows\gdi.py", line 127, in _errcheck
    raise ScreenShotError(msg, details=details)
mss.exception.ScreenShotError: Windows graphics function failed (no error provided): BitBlt
[2026-09-21 05:36:54] ERROR    worker: Worker loop error: Windows graphics function failed (no error provided): BitBlt
Traceback (most recent call last):
  File "d:\Projects\PixelClick\detection_worker.py", line 142, in _run
    frame = self._capture_frame()
  File "d:\Projects\PixelClick\detection_worker.py", line 171, in _capture_frame
    return self._capture.capture_region(r["x"], r["y"], r["width"], r["height"])
           ~~~~~~~~~~~~~~~~~~~~~~~~~~~~^^^^^^^^^^^^^^^^^^^^^^^^^^^^^^^^^^^^^^^^^
  File "d:\Projects\PixelClick\capture\screen_capture.py", line 36, in capture_region
    return self._grab_to_bgr(sct, monitor)
           ~~~~~~~~~~~~~~~~~^^^^^^^^^^^^^^
  File "d:\Projects\PixelClick\capture\screen_capture.py", line 47, in _grab_to_bgr
    raw = sct.grab(monitor)
  File "C:\Users\thitopp\AppData\Local\Python\pythoncore-3.14-64\Lib\site-packages\mss\base.py", line 312, in grab
    img_data_and_maybe_size = self._impl.grab(monitor)
  File "C:\Users\thitopp\AppData\Local\Python\pythoncore-3.14-64\Lib\site-packages\mss\windows\gdi.py", line 380, in grab
    gdi.BitBlt(memdc, 0, 0, width, height, srcdc, monitor["left"], monitor["top"], SRCCOPY | CAPTUREBLT)
    ~~~~~~~~~~^^^^^^^^^^^^^^^^^^^^^^^^^^^^^^^^^^^^^^^^^^^^^^^^^^^^^^^^^^^^^^^^^^^^^^^^^^^^^^^^^^^^^^^^^^
  File "C:\Users\thitopp\AppData\Local\Python\pythoncore-3.14-64\Lib\site-packages\mss\windows\gdi.py", line 127, in _errcheck
    raise ScreenShotError(msg, details=details)
mss.exception.ScreenShotError: Windows graphics function failed (no error provided): BitBlt
[2026-09-21 05:36:54] ERROR    worker: Worker loop error: Windows graphics function failed (no error provided): BitBlt
Traceback (most recent call last):
  File "d:\Projects\PixelClick\detection_worker.py", line 142, in _run
    frame = self._capture_frame()
  File "d:\Projects\PixelClick\detection_worker.py", line 171, in _capture_frame
    return self._capture.capture_region(r["x"], r["y"], r["width"], r["height"])
           ~~~~~~~~~~~~~~~~~~~~~~~~~~~~^^^^^^^^^^^^^^^^^^^^^^^^^^^^^^^^^^^^^^^^^
  File "d:\Projects\PixelClick\capture\screen_capture.py", line 36, in capture_region
    return self._grab_to_bgr(sct, monitor)
           ~~~~~~~~~~~~~~~~~^^^^^^^^^^^^^^
  File "d:\Projects\PixelClick\capture\screen_capture.py", line 47, in _grab_to_bgr
    raw = sct.grab(monitor)
  File "C:\Users\thitopp\AppData\Local\Python\pythoncore-3.14-64\Lib\site-packages\mss\base.py", line 312, in grab
    img_data_and_maybe_size = self._impl.grab(monitor)
  File "C:\Users\thitopp\AppData\Local\Python\pythoncore-3.14-64\Lib\site-packages\mss\windows\gdi.py", line 380, in grab
    gdi.BitBlt(memdc, 0, 0, width, height, srcdc, monitor["left"], monitor["top"], SRCCOPY | CAPTUREBLT)
    ~~~~~~~~~~^^^^^^^^^^^^^^^^^^^^^^^^^^^^^^^^^^^^^^^^^^^^^^^^^^^^^^^^^^^^^^^^^^^^^^^^^^^^^^^^^^^^^^^^^^
  File "C:\Users\thitopp\AppData\Local\Python\pythoncore-3.14-64\Lib\site-packages\mss\windows\gdi.py", line 127, in _errcheck
    raise ScreenShotError(msg, details=details)
mss.exception.ScreenShotError: Windows graphics function failed (no error provided): BitBlt
[2026-09-21 05:36:54] ERROR    worker: Worker loop error: Windows graphics function failed (no error provided): BitBlt
Traceback (most recent call last):
  File "d:\Projects\PixelClick\detection_worker.py", line 142, in _run
    frame = self._capture_frame()
  File "d:\Projects\PixelClick\detection_worker.py", line 171, in _capture_frame
    return self._capture.capture_region(r["x"], r["y"], r["width"], r["height"])
           ~~~~~~~~~~~~~~~~~~~~~~~~~~~~^^^^^^^^^^^^^^^^^^^^^^^^^^^^^^^^^^^^^^^^^
  File "d:\Projects\PixelClick\capture\screen_capture.py", line 36, in capture_region
    return self._grab_to_bgr(sct, monitor)
           ~~~~~~~~~~~~~~~~~^^^^^^^^^^^^^^
  File "d:\Projects\PixelClick\capture\screen_capture.py", line 47, in _grab_to_bgr
    raw = sct.grab(monitor)
  File "C:\Users\thitopp\AppData\Local\Python\pythoncore-3.14-64\Lib\site-packages\mss\base.py", line 312, in grab
    img_data_and_maybe_size = self._impl.grab(monitor)
  File "C:\Users\thitopp\AppData\Local\Python\pythoncore-3.14-64\Lib\site-packages\mss\windows\gdi.py", line 380, in grab
    gdi.BitBlt(memdc, 0, 0, width, height, srcdc, monitor["left"], monitor["top"], SRCCOPY | CAPTUREBLT)
    ~~~~~~~~~~^^^^^^^^^^^^^^^^^^^^^^^^^^^^^^^^^^^^^^^^^^^^^^^^^^^^^^^^^^^^^^^^^^^^^^^^^^^^^^^^^^^^^^^^^^
  File "C:\Users\thitopp\AppData\Local\Python\pythoncore-3.14-64\Lib\site-packages\mss\windows\gdi.py", line 127, in _errcheck
    raise ScreenShotError(msg, details=details)
mss.exception.ScreenShotError: Windows graphics function failed (no error provided): BitBlt
[2026-09-21 05:36:54] ERROR    worker: Worker loop error: Windows graphics function failed (no error provided): BitBlt
Traceback (most recent call last):
  File "d:\Projects\PixelClick\detection_worker.py", line 142, in _run
    frame = self._capture_frame()
  File "d:\Projects\PixelClick\detection_worker.py", line 171, in _capture_frame
    return self._capture.capture_region(r["x"], r["y"], r["width"], r["height"])
           ~~~~~~~~~~~~~~~~~~~~~~~~~~~~^^^^^^^^^^^^^^^^^^^^^^^^^^^^^^^^^^^^^^^^^
  File "d:\Projects\PixelClick\capture\screen_capture.py", line 36, in capture_region
    return self._grab_to_bgr(sct, monitor)
           ~~~~~~~~~~~~~~~~~^^^^^^^^^^^^^^
  File "d:\Projects\PixelClick\capture\screen_capture.py", line 47, in _grab_to_bgr
    raw = sct.grab(monitor)
  File "C:\Users\thitopp\AppData\Local\Python\pythoncore-3.14-64\Lib\site-packages\mss\base.py", line 312, in grab
    img_data_and_maybe_size = self._impl.grab(monitor)
  File "C:\Users\thitopp\AppData\Local\Python\pythoncore-3.14-64\Lib\site-packages\mss\windows\gdi.py", line 380, in grab
    gdi.BitBlt(memdc, 0, 0, width, height, srcdc, monitor["left"], monitor["top"], SRCCOPY | CAPTUREBLT)
    ~~~~~~~~~~^^^^^^^^^^^^^^^^^^^^^^^^^^^^^^^^^^^^^^^^^^^^^^^^^^^^^^^^^^^^^^^^^^^^^^^^^^^^^^^^^^^^^^^^^^
  File "C:\Users\thitopp\AppData\Local\Python\pythoncore-3.14-64\Lib\site-packages\mss\windows\gdi.py", line 127, in _errcheck
    raise ScreenShotError(msg, details=details)
mss.exception.ScreenShotError: Windows graphics function failed (no error provided): BitBlt
[2026-09-21 05:36:54] ERROR    worker: Worker loop error: Windows graphics function failed (no error provided): BitBlt
Traceback (most recent call last):
  File "d:\Projects\PixelClick\detection_worker.py", line 142, in _run
    frame = self._capture_frame()
  File "d:\Projects\PixelClick\detection_worker.py", line 171, in _capture_frame
    return self._capture.capture_region(r["x"], r["y"], r["width"], r["height"])
           ~~~~~~~~~~~~~~~~~~~~~~~~~~~~^^^^^^^^^^^^^^^^^^^^^^^^^^^^^^^^^^^^^^^^^
  File "d:\Projects\PixelClick\capture\screen_capture.py", line 36, in capture_region
    return self._grab_to_bgr(sct, monitor)
           ~~~~~~~~~~~~~~~~~^^^^^^^^^^^^^^
  File "d:\Projects\PixelClick\capture\screen_capture.py", line 47, in _grab_to_bgr
    raw = sct.grab(monitor)
  File "C:\Users\thitopp\AppData\Local\Python\pythoncore-3.14-64\Lib\site-packages\mss\base.py", line 312, in grab
    img_data_and_maybe_size = self._impl.grab(monitor)
  File "C:\Users\thitopp\AppData\Local\Python\pythoncore-3.14-64\Lib\site-packages\mss\windows\gdi.py", line 380, in grab
    gdi.BitBlt(memdc, 0, 0, width, height, srcdc, monitor["left"], monitor["top"], SRCCOPY | CAPTUREBLT)
    ~~~~~~~~~~^^^^^^^^^^^^^^^^^^^^^^^^^^^^^^^^^^^^^^^^^^^^^^^^^^^^^^^^^^^^^^^^^^^^^^^^^^^^^^^^^^^^^^^^^^
  File "C:\Users\thitopp\AppData\Local\Python\pythoncore-3.14-64\Lib\site-packages\mss\windows\gdi.py", line 127, in _errcheck
    raise ScreenShotError(msg, details=details)
mss.exception.ScreenShotError: Windows graphics function failed (no error provided): BitBlt
[2026-09-21 05:36:54] ERROR    worker: Worker loop error: Windows graphics function failed (no error provided): BitBlt
Traceback (most recent call last):
  File "d:\Projects\PixelClick\detection_worker.py", line 142, in _run
    frame = self._capture_frame()
  File "d:\Projects\PixelClick\detection_worker.py", line 171, in _capture_frame
    return self._capture.capture_region(r["x"], r["y"], r["width"], r["height"])
           ~~~~~~~~~~~~~~~~~~~~~~~~~~~~^^^^^^^^^^^^^^^^^^^^^^^^^^^^^^^^^^^^^^^^^
  File "d:\Projects\PixelClick\capture\screen_capture.py", line 36, in capture_region
    return self._grab_to_bgr(sct, monitor)
           ~~~~~~~~~~~~~~~~~^^^^^^^^^^^^^^
  File "d:\Projects\PixelClick\capture\screen_capture.py", line 47, in _grab_to_bgr
    raw = sct.grab(monitor)
  File "C:\Users\thitopp\AppData\Local\Python\pythoncore-3.14-64\Lib\site-packages\mss\base.py", line 312, in grab
    img_data_and_maybe_size = self._impl.grab(monitor)
  File "C:\Users\thitopp\AppData\Local\Python\pythoncore-3.14-64\Lib\site-packages\mss\windows\gdi.py", line 380, in grab
    gdi.BitBlt(memdc, 0, 0, width, height, srcdc, monitor["left"], monitor["top"], SRCCOPY | CAPTUREBLT)
    ~~~~~~~~~~^^^^^^^^^^^^^^^^^^^^^^^^^^^^^^^^^^^^^^^^^^^^^^^^^^^^^^^^^^^^^^^^^^^^^^^^^^^^^^^^^^^^^^^^^^
  File "C:\Users\thitopp\AppData\Local\Python\pythoncore-3.14-64\Lib\site-packages\mss\windows\gdi.py", line 127, in _errcheck
    raise ScreenShotError(msg, details=details)
mss.exception.ScreenShotError: Windows graphics function failed (no error provided): BitBlt
[2026-09-21 05:36:54] ERROR    worker: Worker loop error: Windows graphics function failed (no error provided): BitBlt
Traceback (most recent call last):
  File "d:\Projects\PixelClick\detection_worker.py", line 142, in _run
    frame = self._capture_frame()
  File "d:\Projects\PixelClick\detection_worker.py", line 171, in _capture_frame
    return self._capture.capture_region(r["x"], r["y"], r["width"], r["height"])
           ~~~~~~~~~~~~~~~~~~~~~~~~~~~~^^^^^^^^^^^^^^^^^^^^^^^^^^^^^^^^^^^^^^^^^
  File "d:\Projects\PixelClick\capture\screen_capture.py", line 36, in capture_region
    return self._grab_to_bgr(sct, monitor)
           ~~~~~~~~~~~~~~~~~^^^^^^^^^^^^^^
  File "d:\Projects\PixelClick\capture\screen_capture.py", line 47, in _grab_to_bgr
    raw = sct.grab(monitor)
  File "C:\Users\thitopp\AppData\Local\Python\pythoncore-3.14-64\Lib\site-packages\mss\base.py", line 312, in grab
    img_data_and_maybe_size = self._impl.grab(monitor)
  File "C:\Users\thitopp\AppData\Local\Python\pythoncore-3.14-64\Lib\site-packages\mss\windows\gdi.py", line 380, in grab
    gdi.BitBlt(memdc, 0, 0, width, height, srcdc, monitor["left"], monitor["top"], SRCCOPY | CAPTUREBLT)
    ~~~~~~~~~~^^^^^^^^^^^^^^^^^^^^^^^^^^^^^^^^^^^^^^^^^^^^^^^^^^^^^^^^^^^^^^^^^^^^^^^^^^^^^^^^^^^^^^^^^^
  File "C:\Users\thitopp\AppData\Local\Python\pythoncore-3.14-64\Lib\site-packages\mss\windows\gdi.py", line 127, in _errcheck
    raise ScreenShotError(msg, details=details)
mss.exception.ScreenShotError: Windows graphics function failed (no error provided): BitBlt
[2026-09-21 05:36:54] ERROR    worker: Worker loop error: Windows graphics function failed (no error provided): BitBlt
Traceback (most recent call last):
  File "d:\Projects\PixelClick\detection_worker.py", line 142, in _run
    frame = self._capture_frame()
  File "d:\Projects\PixelClick\detection_worker.py", line 171, in _capture_frame
    return self._capture.capture_region(r["x"], r["y"], r["width"], r["height"])
           ~~~~~~~~~~~~~~~~~~~~~~~~~~~~^^^^^^^^^^^^^^^^^^^^^^^^^^^^^^^^^^^^^^^^^
  File "d:\Projects\PixelClick\capture\screen_capture.py", line 36, in capture_region
    return self._grab_to_bgr(sct, monitor)
           ~~~~~~~~~~~~~~~~~^^^^^^^^^^^^^^
  File "d:\Projects\PixelClick\capture\screen_capture.py", line 47, in _grab_to_bgr
    raw = sct.grab(monitor)
  File "C:\Users\thitopp\AppData\Local\Python\pythoncore-3.14-64\Lib\site-packages\mss\base.py", line 312, in grab
    img_data_and_maybe_size = self._impl.grab(monitor)
  File "C:\Users\thitopp\AppData\Local\Python\pythoncore-3.14-64\Lib\site-packages\mss\windows\gdi.py", line 380, in grab
    gdi.BitBlt(memdc, 0, 0, width, height, srcdc, monitor["left"], monitor["top"], SRCCOPY | CAPTUREBLT)
    ~~~~~~~~~~^^^^^^^^^^^^^^^^^^^^^^^^^^^^^^^^^^^^^^^^^^^^^^^^^^^^^^^^^^^^^^^^^^^^^^^^^^^^^^^^^^^^^^^^^^
  File "C:\Users\thitopp\AppData\Local\Python\pythoncore-3.14-64\Lib\site-packages\mss\windows\gdi.py", line 127, in _errcheck
    raise ScreenShotError(msg, details=details)
mss.exception.ScreenShotError: Windows graphics function failed (no error provided): BitBlt
[2026-09-21 05:36:54] ERROR    worker: Worker loop error: Windows graphics function failed (no error provided): BitBlt
Traceback (most recent call last):
  File "d:\Projects\PixelClick\detection_worker.py", line 142, in _run
    frame = self._capture_frame()
  File "d:\Projects\PixelClick\detection_worker.py", line 171, in _capture_frame
    return self._capture.capture_region(r["x"], r["y"], r["width"], r["height"])
           ~~~~~~~~~~~~~~~~~~~~~~~~~~~~^^^^^^^^^^^^^^^^^^^^^^^^^^^^^^^^^^^^^^^^^
  File "d:\Projects\PixelClick\capture\screen_capture.py", line 36, in capture_region
    return self._grab_to_bgr(sct, monitor)
           ~~~~~~~~~~~~~~~~~^^^^^^^^^^^^^^
  File "d:\Projects\PixelClick\capture\screen_capture.py", line 47, in _grab_to_bgr
    raw = sct.grab(monitor)
  File "C:\Users\thitopp\AppData\Local\Python\pythoncore-3.14-64\Lib\site-packages\mss\base.py", line 312, in grab
    img_data_and_maybe_size = self._impl.grab(monitor)
  File "C:\Users\thitopp\AppData\Local\Python\pythoncore-3.14-64\Lib\site-packages\mss\windows\gdi.py", line 380, in grab
    gdi.BitBlt(memdc, 0, 0, width, height, srcdc, monitor["left"], monitor["top"], SRCCOPY | CAPTUREBLT)
    ~~~~~~~~~~^^^^^^^^^^^^^^^^^^^^^^^^^^^^^^^^^^^^^^^^^^^^^^^^^^^^^^^^^^^^^^^^^^^^^^^^^^^^^^^^^^^^^^^^^^
  File "C:\Users\thitopp\AppData\Local\Python\pythoncore-3.14-64\Lib\site-packages\mss\windows\gdi.py", line 127, in _errcheck
    raise ScreenShotError(msg, details=details)
mss.exception.ScreenShotError: Windows graphics function failed (no error provided): BitBlt
[2026-09-21 05:36:55] ERROR    worker: Worker loop error: Windows graphics function failed (no error provided): BitBlt
Traceback (most recent call last):
  File "d:\Projects\PixelClick\detection_worker.py", line 142, in _run
    frame = self._capture_frame()
  File "d:\Projects\PixelClick\detection_worker.py", line 171, in _capture_frame
    return self._capture.capture_region(r["x"], r["y"], r["width"], r["height"])
           ~~~~~~~~~~~~~~~~~~~~~~~~~~~~^^^^^^^^^^^^^^^^^^^^^^^^^^^^^^^^^^^^^^^^^
  File "d:\Projects\PixelClick\capture\screen_capture.py", line 36, in capture_region
    return self._grab_to_bgr(sct, monitor)
           ~~~~~~~~~~~~~~~~~^^^^^^^^^^^^^^
  File "d:\Projects\PixelClick\capture\screen_capture.py", line 47, in _grab_to_bgr
    raw = sct.grab(monitor)
  File "C:\Users\thitopp\AppData\Local\Python\pythoncore-3.14-64\Lib\site-packages\mss\base.py", line 312, in grab
    img_data_and_maybe_size = self._impl.grab(monitor)
  File "C:\Users\thitopp\AppData\Local\Python\pythoncore-3.14-64\Lib\site-packages\mss\windows\gdi.py", line 380, in grab
    gdi.BitBlt(memdc, 0, 0, width, height, srcdc, monitor["left"], monitor["top"], SRCCOPY | CAPTUREBLT)
    ~~~~~~~~~~^^^^^^^^^^^^^^^^^^^^^^^^^^^^^^^^^^^^^^^^^^^^^^^^^^^^^^^^^^^^^^^^^^^^^^^^^^^^^^^^^^^^^^^^^^
  File "C:\Users\thitopp\AppData\Local\Python\pythoncore-3.14-64\Lib\site-packages\mss\windows\gdi.py", line 127, in _errcheck
    raise ScreenShotError(msg, details=details)
mss.exception.ScreenShotError: Windows graphics function failed (no error provided): BitBlt
[2026-09-21 05:36:55] ERROR    worker: Worker loop error: Windows graphics function failed (no error provided): BitBlt
Traceback (most recent call last):
  File "d:\Projects\PixelClick\detection_worker.py", line 142, in _run
    frame = self._capture_frame()
  File "d:\Projects\PixelClick\detection_worker.py", line 171, in _capture_frame
    return self._capture.capture_region(r["x"], r["y"], r["width"], r["height"])
           ~~~~~~~~~~~~~~~~~~~~~~~~~~~~^^^^^^^^^^^^^^^^^^^^^^^^^^^^^^^^^^^^^^^^^
  File "d:\Projects\PixelClick\capture\screen_capture.py", line 36, in capture_region
    return self._grab_to_bgr(sct, monitor)
           ~~~~~~~~~~~~~~~~~^^^^^^^^^^^^^^
  File "d:\Projects\PixelClick\capture\screen_capture.py", line 47, in _grab_to_bgr
    raw = sct.grab(monitor)
  File "C:\Users\thitopp\AppData\Local\Python\pythoncore-3.14-64\Lib\site-packages\mss\base.py", line 312, in grab
    img_data_and_maybe_size = self._impl.grab(monitor)
  File "C:\Users\thitopp\AppData\Local\Python\pythoncore-3.14-64\Lib\site-packages\mss\windows\gdi.py", line 380, in grab
    gdi.BitBlt(memdc, 0, 0, width, height, srcdc, monitor["left"], monitor["top"], SRCCOPY | CAPTUREBLT)
    ~~~~~~~~~~^^^^^^^^^^^^^^^^^^^^^^^^^^^^^^^^^^^^^^^^^^^^^^^^^^^^^^^^^^^^^^^^^^^^^^^^^^^^^^^^^^^^^^^^^^
  File "C:\Users\thitopp\AppData\Local\Python\pythoncore-3.14-64\Lib\site-packages\mss\windows\gdi.py", line 127, in _errcheck
    raise ScreenShotError(msg, details=details)
mss.exception.ScreenShotError: Windows graphics function failed (no error provided): BitBlt
[2026-09-21 05:36:55] ERROR    worker: Worker loop error: Windows graphics function failed (no error provided): BitBlt
Traceback (most recent call last):
  File "d:\Projects\PixelClick\detection_worker.py", line 142, in _run
    frame = self._capture_frame()
  File "d:\Projects\PixelClick\detection_worker.py", line 171, in _capture_frame
    return self._capture.capture_region(r["x"], r["y"], r["width"], r["height"])
           ~~~~~~~~~~~~~~~~~~~~~~~~~~~~^^^^^^^^^^^^^^^^^^^^^^^^^^^^^^^^^^^^^^^^^
  File "d:\Projects\PixelClick\capture\screen_capture.py", line 36, in capture_region
    return self._grab_to_bgr(sct, monitor)
           ~~~~~~~~~~~~~~~~~^^^^^^^^^^^^^^
  File "d:\Projects\PixelClick\capture\screen_capture.py", line 47, in _grab_to_bgr
    raw = sct.grab(monitor)
  File "C:\Users\thitopp\AppData\Local\Python\pythoncore-3.14-64\Lib\site-packages\mss\base.py", line 312, in grab
    img_data_and_maybe_size = self._impl.grab(monitor)
  File "C:\Users\thitopp\AppData\Local\Python\pythoncore-3.14-64\Lib\site-packages\mss\windows\gdi.py", line 380, in grab
    gdi.BitBlt(memdc, 0, 0, width, height, srcdc, monitor["left"], monitor["top"], SRCCOPY | CAPTUREBLT)
    ~~~~~~~~~~^^^^^^^^^^^^^^^^^^^^^^^^^^^^^^^^^^^^^^^^^^^^^^^^^^^^^^^^^^^^^^^^^^^^^^^^^^^^^^^^^^^^^^^^^^
  File "C:\Users\thitopp\AppData\Local\Python\pythoncore-3.14-64\Lib\site-packages\mss\windows\gdi.py", line 127, in _errcheck
    raise ScreenShotError(msg, details=details)
mss.exception.ScreenShotError: Windows graphics function failed (no error provided): BitBlt
[2026-09-21 05:36:55] ERROR    worker: Worker loop error: Windows graphics function failed (no error provided): BitBlt
Traceback (most recent call last):
  File "d:\Projects\PixelClick\detection_worker.py", line 142, in _run
    frame = self._capture_frame()
  File "d:\Projects\PixelClick\detection_worker.py", line 171, in _capture_frame
    return self._capture.capture_region(r["x"], r["y"], r["width"], r["height"])
           ~~~~~~~~~~~~~~~~~~~~~~~~~~~~^^^^^^^^^^^^^^^^^^^^^^^^^^^^^^^^^^^^^^^^^
  File "d:\Projects\PixelClick\capture\screen_capture.py", line 36, in capture_region
    return self._grab_to_bgr(sct, monitor)
           ~~~~~~~~~~~~~~~~~^^^^^^^^^^^^^^
  File "d:\Projects\PixelClick\capture\screen_capture.py", line 47, in _grab_to_bgr
    raw = sct.grab(monitor)
  File "C:\Users\thitopp\AppData\Local\Python\pythoncore-3.14-64\Lib\site-packages\mss\base.py", line 312, in grab
    img_data_and_maybe_size = self._impl.grab(monitor)
  File "C:\Users\thitopp\AppData\Local\Python\pythoncore-3.14-64\Lib\site-packages\mss\windows\gdi.py", line 380, in grab
    gdi.BitBlt(memdc, 0, 0, width, height, srcdc, monitor["left"], monitor["top"], SRCCOPY | CAPTUREBLT)
    ~~~~~~~~~~^^^^^^^^^^^^^^^^^^^^^^^^^^^^^^^^^^^^^^^^^^^^^^^^^^^^^^^^^^^^^^^^^^^^^^^^^^^^^^^^^^^^^^^^^^
  File "C:\Users\thitopp\AppData\Local\Python\pythoncore-3.14-64\Lib\site-packages\mss\windows\gdi.py", line 127, in _errcheck
    raise ScreenShotError(msg, details=details)
mss.exception.ScreenShotError: Windows graphics function failed (no error provided): BitBlt
[2026-09-21 05:36:55] ERROR    worker: Worker loop error: Windows graphics function failed (no error provided): BitBlt
Traceback (most recent call last):
  File "d:\Projects\PixelClick\detection_worker.py", line 142, in _run
    frame = self._capture_frame()
  File "d:\Projects\PixelClick\detection_worker.py", line 171, in _capture_frame
    return self._capture.capture_region(r["x"], r["y"], r["width"], r["height"])
           ~~~~~~~~~~~~~~~~~~~~~~~~~~~~^^^^^^^^^^^^^^^^^^^^^^^^^^^^^^^^^^^^^^^^^
  File "d:\Projects\PixelClick\capture\screen_capture.py", line 36, in capture_region
    return self._grab_to_bgr(sct, monitor)
           ~~~~~~~~~~~~~~~~~^^^^^^^^^^^^^^
  File "d:\Projects\PixelClick\capture\screen_capture.py", line 47, in _grab_to_bgr
    raw = sct.grab(monitor)
  File "C:\Users\thitopp\AppData\Local\Python\pythoncore-3.14-64\Lib\site-packages\mss\base.py", line 312, in grab
    img_data_and_maybe_size = self._impl.grab(monitor)
  File "C:\Users\thitopp\AppData\Local\Python\pythoncore-3.14-64\Lib\site-packages\mss\windows\gdi.py", line 380, in grab
    gdi.BitBlt(memdc, 0, 0, width, height, srcdc, monitor["left"], monitor["top"], SRCCOPY | CAPTUREBLT)
    ~~~~~~~~~~^^^^^^^^^^^^^^^^^^^^^^^^^^^^^^^^^^^^^^^^^^^^^^^^^^^^^^^^^^^^^^^^^^^^^^^^^^^^^^^^^^^^^^^^^^
  File "C:\Users\thitopp\AppData\Local\Python\pythoncore-3.14-64\Lib\site-packages\mss\windows\gdi.py", line 127, in _errcheck
    raise ScreenShotError(msg, details=details)
mss.exception.ScreenShotError: Windows graphics function failed (no error provided): BitBlt
[2026-09-21 05:36:55] ERROR    worker: Worker loop error: Windows graphics function failed (no error provided): BitBlt
Traceback (most recent call last):
  File "d:\Projects\PixelClick\detection_worker.py", line 142, in _run
    frame = self._capture_frame()
  File "d:\Projects\PixelClick\detection_worker.py", line 171, in _capture_frame
    return self._capture.capture_region(r["x"], r["y"], r["width"], r["height"])
           ~~~~~~~~~~~~~~~~~~~~~~~~~~~~^^^^^^^^^^^^^^^^^^^^^^^^^^^^^^^^^^^^^^^^^
  File "d:\Projects\PixelClick\capture\screen_capture.py", line 36, in capture_region
    return self._grab_to_bgr(sct, monitor)
           ~~~~~~~~~~~~~~~~~^^^^^^^^^^^^^^
  File "d:\Projects\PixelClick\capture\screen_capture.py", line 47, in _grab_to_bgr
    raw = sct.grab(monitor)
  File "C:\Users\thitopp\AppData\Local\Python\pythoncore-3.14-64\Lib\site-packages\mss\base.py", line 312, in grab
    img_data_and_maybe_size = self._impl.grab(monitor)
  File "C:\Users\thitopp\AppData\Local\Python\pythoncore-3.14-64\Lib\site-packages\mss\windows\gdi.py", line 380, in grab
    gdi.BitBlt(memdc, 0, 0, width, height, srcdc, monitor["left"], monitor["top"], SRCCOPY | CAPTUREBLT)
    ~~~~~~~~~~^^^^^^^^^^^^^^^^^^^^^^^^^^^^^^^^^^^^^^^^^^^^^^^^^^^^^^^^^^^^^^^^^^^^^^^^^^^^^^^^^^^^^^^^^^
  File "C:\Users\thitopp\AppData\Local\Python\pythoncore-3.14-64\Lib\site-packages\mss\windows\gdi.py", line 127, in _errcheck
    raise ScreenShotError(msg, details=details)
mss.exception.ScreenShotError: Windows graphics function failed (no error provided): BitBlt
[2026-09-21 05:36:55] ERROR    worker: Worker loop error: Windows graphics function failed (no error provided): BitBlt
Traceback (most recent call last):
  File "d:\Projects\PixelClick\detection_worker.py", line 142, in _run
    frame = self._capture_frame()
  File "d:\Projects\PixelClick\detection_worker.py", line 171, in _capture_frame
    return self._capture.capture_region(r["x"], r["y"], r["width"], r["height"])
           ~~~~~~~~~~~~~~~~~~~~~~~~~~~~^^^^^^^^^^^^^^^^^^^^^^^^^^^^^^^^^^^^^^^^^
  File "d:\Projects\PixelClick\capture\screen_capture.py", line 36, in capture_region
    return self._grab_to_bgr(sct, monitor)
           ~~~~~~~~~~~~~~~~~^^^^^^^^^^^^^^
  File "d:\Projects\PixelClick\capture\screen_capture.py", line 47, in _grab_to_bgr
    raw = sct.grab(monitor)
  File "C:\Users\thitopp\AppData\Local\Python\pythoncore-3.14-64\Lib\site-packages\mss\base.py", line 312, in grab
    img_data_and_maybe_size = self._impl.grab(monitor)
  File "C:\Users\thitopp\AppData\Local\Python\pythoncore-3.14-64\Lib\site-packages\mss\windows\gdi.py", line 380, in grab
    gdi.BitBlt(memdc, 0, 0, width, height, srcdc, monitor["left"], monitor["top"], SRCCOPY | CAPTUREBLT)
    ~~~~~~~~~~^^^^^^^^^^^^^^^^^^^^^^^^^^^^^^^^^^^^^^^^^^^^^^^^^^^^^^^^^^^^^^^^^^^^^^^^^^^^^^^^^^^^^^^^^^
  File "C:\Users\thitopp\AppData\Local\Python\pythoncore-3.14-64\Lib\site-packages\mss\windows\gdi.py", line 127, in _errcheck
    raise ScreenShotError(msg, details=details)
mss.exception.ScreenShotError: Windows graphics function failed (no error provided): BitBlt
[2026-09-21 05:36:55] ERROR    worker: Worker loop error: Windows graphics function failed (no error provided): BitBlt
Traceback (most recent call last):
  File "d:\Projects\PixelClick\detection_worker.py", line 142, in _run
    frame = self._capture_frame()
  File "d:\Projects\PixelClick\detection_worker.py", line 171, in _capture_frame
    return self._capture.capture_region(r["x"], r["y"], r["width"], r["height"])
           ~~~~~~~~~~~~~~~~~~~~~~~~~~~~^^^^^^^^^^^^^^^^^^^^^^^^^^^^^^^^^^^^^^^^^
  File "d:\Projects\PixelClick\capture\screen_capture.py", line 36, in capture_region
    return self._grab_to_bgr(sct, monitor)
           ~~~~~~~~~~~~~~~~~^^^^^^^^^^^^^^
  File "d:\Projects\PixelClick\capture\screen_capture.py", line 47, in _grab_to_bgr
    raw = sct.grab(monitor)
  File "C:\Users\thitopp\AppData\Local\Python\pythoncore-3.14-64\Lib\site-packages\mss\base.py", line 312, in grab
    img_data_and_maybe_size = self._impl.grab(monitor)
  File "C:\Users\thitopp\AppData\Local\Python\pythoncore-3.14-64\Lib\site-packages\mss\windows\gdi.py", line 380, in grab
    gdi.BitBlt(memdc, 0, 0, width, height, srcdc, monitor["left"], monitor["top"], SRCCOPY | CAPTUREBLT)
    ~~~~~~~~~~^^^^^^^^^^^^^^^^^^^^^^^^^^^^^^^^^^^^^^^^^^^^^^^^^^^^^^^^^^^^^^^^^^^^^^^^^^^^^^^^^^^^^^^^^^
  File "C:\Users\thitopp\AppData\Local\Python\pythoncore-3.14-64\Lib\site-packages\mss\windows\gdi.py", line 127, in _errcheck
    raise ScreenShotError(msg, details=details)
mss.exception.ScreenShotError: Windows graphics function failed (no error provided): BitBlt
[2026-09-21 05:36:55] ERROR    worker: Worker loop error: Windows graphics function failed (no error provided): BitBlt
Traceback (most recent call last):
  File "d:\Projects\PixelClick\detection_worker.py", line 142, in _run
    frame = self._capture_frame()
  File "d:\Projects\PixelClick\detection_worker.py", line 171, in _capture_frame
    return self._capture.capture_region(r["x"], r["y"], r["width"], r["height"])
           ~~~~~~~~~~~~~~~~~~~~~~~~~~~~^^^^^^^^^^^^^^^^^^^^^^^^^^^^^^^^^^^^^^^^^
  File "d:\Projects\PixelClick\capture\screen_capture.py", line 36, in capture_region
    return self._grab_to_bgr(sct, monitor)
           ~~~~~~~~~~~~~~~~~^^^^^^^^^^^^^^
  File "d:\Projects\PixelClick\capture\screen_capture.py", line 47, in _grab_to_bgr
    raw = sct.grab(monitor)
  File "C:\Users\thitopp\AppData\Local\Python\pythoncore-3.14-64\Lib\site-packages\mss\base.py", line 312, in grab
    img_data_and_maybe_size = self._impl.grab(monitor)
  File "C:\Users\thitopp\AppData\Local\Python\pythoncore-3.14-64\Lib\site-packages\mss\windows\gdi.py", line 380, in grab
    gdi.BitBlt(memdc, 0, 0, width, height, srcdc, monitor["left"], monitor["top"], SRCCOPY | CAPTUREBLT)
    ~~~~~~~~~~^^^^^^^^^^^^^^^^^^^^^^^^^^^^^^^^^^^^^^^^^^^^^^^^^^^^^^^^^^^^^^^^^^^^^^^^^^^^^^^^^^^^^^^^^^
  File "C:\Users\thitopp\AppData\Local\Python\pythoncore-3.14-64\Lib\site-packages\mss\windows\gdi.py", line 127, in _errcheck
    raise ScreenShotError(msg, details=details)
mss.exception.ScreenShotError: Windows graphics function failed (no error provided): BitBlt
[2026-09-21 05:36:55] ERROR    worker: Worker loop error: Windows graphics function failed (no error provided): BitBlt
Traceback (most recent call last):
  File "d:\Projects\PixelClick\detection_worker.py", line 142, in _run
    frame = self._capture_frame()
  File "d:\Projects\PixelClick\detection_worker.py", line 171, in _capture_frame
    return self._capture.capture_region(r["x"], r["y"], r["width"], r["height"])
           ~~~~~~~~~~~~~~~~~~~~~~~~~~~~^^^^^^^^^^^^^^^^^^^^^^^^^^^^^^^^^^^^^^^^^
  File "d:\Projects\PixelClick\capture\screen_capture.py", line 36, in capture_region
    return self._grab_to_bgr(sct, monitor)
           ~~~~~~~~~~~~~~~~~^^^^^^^^^^^^^^
  File "d:\Projects\PixelClick\capture\screen_capture.py", line 47, in _grab_to_bgr
    raw = sct.grab(monitor)
  File "C:\Users\thitopp\AppData\Local\Python\pythoncore-3.14-64\Lib\site-packages\mss\base.py", line 312, in grab
    img_data_and_maybe_size = self._impl.grab(monitor)
  File "C:\Users\thitopp\AppData\Local\Python\pythoncore-3.14-64\Lib\site-packages\mss\windows\gdi.py", line 380, in grab
    gdi.BitBlt(memdc, 0, 0, width, height, srcdc, monitor["left"], monitor["top"], SRCCOPY | CAPTUREBLT)
    ~~~~~~~~~~^^^^^^^^^^^^^^^^^^^^^^^^^^^^^^^^^^^^^^^^^^^^^^^^^^^^^^^^^^^^^^^^^^^^^^^^^^^^^^^^^^^^^^^^^^
  File "C:\Users\thitopp\AppData\Local\Python\pythoncore-3.14-64\Lib\site-packages\mss\windows\gdi.py", line 127, in _errcheck
    raise ScreenShotError(msg, details=details)
mss.exception.ScreenShotError: Windows graphics function failed (no error provided): BitBlt
[2026-09-21 05:36:55] ERROR    worker: Worker loop error: Windows graphics function failed (no error provided): BitBlt
Traceback (most recent call last):
  File "d:\Projects\PixelClick\detection_worker.py", line 142, in _run
    frame = self._capture_frame()
  File "d:\Projects\PixelClick\detection_worker.py", line 171, in _capture_frame
    return self._capture.capture_region(r["x"], r["y"], r["width"], r["height"])
           ~~~~~~~~~~~~~~~~~~~~~~~~~~~~^^^^^^^^^^^^^^^^^^^^^^^^^^^^^^^^^^^^^^^^^
  File "d:\Projects\PixelClick\capture\screen_capture.py", line 36, in capture_region
    return self._grab_to_bgr(sct, monitor)
           ~~~~~~~~~~~~~~~~~^^^^^^^^^^^^^^
  File "d:\Projects\PixelClick\capture\screen_capture.py", line 47, in _grab_to_bgr
    raw = sct.grab(monitor)
  File "C:\Users\thitopp\AppData\Local\Python\pythoncore-3.14-64\Lib\site-packages\mss\base.py", line 312, in grab
    img_data_and_maybe_size = self._impl.grab(monitor)
  File "C:\Users\thitopp\AppData\Local\Python\pythoncore-3.14-64\Lib\site-packages\mss\windows\gdi.py", line 380, in grab
    gdi.BitBlt(memdc, 0, 0, width, height, srcdc, monitor["left"], monitor["top"], SRCCOPY | CAPTUREBLT)
    ~~~~~~~~~~^^^^^^^^^^^^^^^^^^^^^^^^^^^^^^^^^^^^^^^^^^^^^^^^^^^^^^^^^^^^^^^^^^^^^^^^^^^^^^^^^^^^^^^^^^
  File "C:\Users\thitopp\AppData\Local\Python\pythoncore-3.14-64\Lib\site-packages\mss\windows\gdi.py", line 127, in _errcheck
    raise ScreenShotError(msg, details=details)
mss.exception.ScreenShotError: Windows graphics function failed (no error provided): BitBlt
[2026-09-21 05:36:55] ERROR    worker: Worker loop error: Windows graphics function failed (no error provided): BitBlt
Traceback (most recent call last):
  File "d:\Projects\PixelClick\detection_worker.py", line 142, in _run
    frame = self._capture_frame()
  File "d:\Projects\PixelClick\detection_worker.py", line 171, in _capture_frame
    return self._capture.capture_region(r["x"], r["y"], r["width"], r["height"])
           ~~~~~~~~~~~~~~~~~~~~~~~~~~~~^^^^^^^^^^^^^^^^^^^^^^^^^^^^^^^^^^^^^^^^^
  File "d:\Projects\PixelClick\capture\screen_capture.py", line 36, in capture_region
    return self._grab_to_bgr(sct, monitor)
           ~~~~~~~~~~~~~~~~~^^^^^^^^^^^^^^
  File "d:\Projects\PixelClick\capture\screen_capture.py", line 47, in _grab_to_bgr
    raw = sct.grab(monitor)
  File "C:\Users\thitopp\AppData\Local\Python\pythoncore-3.14-64\Lib\site-packages\mss\base.py", line 312, in grab
    img_data_and_maybe_size = self._impl.grab(monitor)
  File "C:\Users\thitopp\AppData\Local\Python\pythoncore-3.14-64\Lib\site-packages\mss\windows\gdi.py", line 380, in grab
    gdi.BitBlt(memdc, 0, 0, width, height, srcdc, monitor["left"], monitor["top"], SRCCOPY | CAPTUREBLT)
    ~~~~~~~~~~^^^^^^^^^^^^^^^^^^^^^^^^^^^^^^^^^^^^^^^^^^^^^^^^^^^^^^^^^^^^^^^^^^^^^^^^^^^^^^^^^^^^^^^^^^
  File "C:\Users\thitopp\AppData\Local\Python\pythoncore-3.14-64\Lib\site-packages\mss\windows\gdi.py", line 127, in _errcheck
    raise ScreenShotError(msg, details=details)
mss.exception.ScreenShotError: Windows graphics function failed (no error provided): BitBlt
[2026-09-21 05:36:55] ERROR    worker: Worker loop error: Windows graphics function failed (no error provided): BitBlt
Traceback (most recent call last):
  File "d:\Projects\PixelClick\detection_worker.py", line 142, in _run
    frame = self._capture_frame()
  File "d:\Projects\PixelClick\detection_worker.py", line 171, in _capture_frame
    return self._capture.capture_region(r["x"], r["y"], r["width"], r["height"])
           ~~~~~~~~~~~~~~~~~~~~~~~~~~~~^^^^^^^^^^^^^^^^^^^^^^^^^^^^^^^^^^^^^^^^^
  File "d:\Projects\PixelClick\capture\screen_capture.py", line 36, in capture_region
    return self._grab_to_bgr(sct, monitor)
           ~~~~~~~~~~~~~~~~~^^^^^^^^^^^^^^
  File "d:\Projects\PixelClick\capture\screen_capture.py", line 47, in _grab_to_bgr
    raw = sct.grab(monitor)
  File "C:\Users\thitopp\AppData\Local\Python\pythoncore-3.14-64\Lib\site-packages\mss\base.py", line 312, in grab
    img_data_and_maybe_size = self._impl.grab(monitor)
  File "C:\Users\thitopp\AppData\Local\Python\pythoncore-3.14-64\Lib\site-packages\mss\windows\gdi.py", line 380, in grab
    gdi.BitBlt(memdc, 0, 0, width, height, srcdc, monitor["left"], monitor["top"], SRCCOPY | CAPTUREBLT)
    ~~~~~~~~~~^^^^^^^^^^^^^^^^^^^^^^^^^^^^^^^^^^^^^^^^^^^^^^^^^^^^^^^^^^^^^^^^^^^^^^^^^^^^^^^^^^^^^^^^^^
  File "C:\Users\thitopp\AppData\Local\Python\pythoncore-3.14-64\Lib\site-packages\mss\windows\gdi.py", line 127, in _errcheck
    raise ScreenShotError(msg, details=details)
mss.exception.ScreenShotError: Windows graphics function failed (no error provided): BitBlt
[2026-09-21 05:36:55] ERROR    worker: Worker loop error: Windows graphics function failed (no error provided): BitBlt
Traceback (most recent call last):
  File "d:\Projects\PixelClick\detection_worker.py", line 142, in _run
    frame = self._capture_frame()
  File "d:\Projects\PixelClick\detection_worker.py", line 171, in _capture_frame
    return self._capture.capture_region(r["x"], r["y"], r["width"], r["height"])
           ~~~~~~~~~~~~~~~~~~~~~~~~~~~~^^^^^^^^^^^^^^^^^^^^^^^^^^^^^^^^^^^^^^^^^
  File "d:\Projects\PixelClick\capture\screen_capture.py", line 36, in capture_region
    return self._grab_to_bgr(sct, monitor)
           ~~~~~~~~~~~~~~~~~^^^^^^^^^^^^^^
  File "d:\Projects\PixelClick\capture\screen_capture.py", line 47, in _grab_to_bgr
    raw = sct.grab(monitor)
  File "C:\Users\thitopp\AppData\Local\Python\pythoncore-3.14-64\Lib\site-packages\mss\base.py", line 312, in grab
    img_data_and_maybe_size = self._impl.grab(monitor)
  File "C:\Users\thitopp\AppData\Local\Python\pythoncore-3.14-64\Lib\site-packages\mss\windows\gdi.py", line 380, in grab
    gdi.BitBlt(memdc, 0, 0, width, height, srcdc, monitor["left"], monitor["top"], SRCCOPY | CAPTUREBLT)
    ~~~~~~~~~~^^^^^^^^^^^^^^^^^^^^^^^^^^^^^^^^^^^^^^^^^^^^^^^^^^^^^^^^^^^^^^^^^^^^^^^^^^^^^^^^^^^^^^^^^^
  File "C:\Users\thitopp\AppData\Local\Python\pythoncore-3.14-64\Lib\site-packages\mss\windows\gdi.py", line 127, in _errcheck
    raise ScreenShotError(msg, details=details)
mss.exception.ScreenShotError: Windows graphics function failed (no error provided): BitBlt
[2026-09-21 05:36:55] INFO     worker: Detection worker stopped.
[2026-09-21 05:36:55] INFO     main_window: Detection stopped.
[2026-09-21 05:37:08] INFO     template_match: Template loaded: D:\Projects\PixelClick\img_test\imgtest.jpg  (938×1136)
[2026-09-21 05:37:08] ERROR    worker: Worker loop error: Windows graphics function failed (no error provided): BitBlt
Traceback (most recent call last):
  File "d:\Projects\PixelClick\detection_worker.py", line 142, in _run
    frame = self._capture_frame()
  File "d:\Projects\PixelClick\detection_worker.py", line 171, in _capture_frame
    return self._capture.capture_region(r["x"], r["y"], r["width"], r["height"])
           ~~~~~~~~~~~~~~~~~~~~~~~~~~~~^^^^^^^^^^^^^^^^^^^^^^^^^^^^^^^^^^^^^^^^^
  File "d:\Projects\PixelClick\capture\screen_capture.py", line 36, in capture_region
    return self._grab_to_bgr(sct, monitor)
           ~~~~~~~~~~~~~~~~~^^^^^^^^^^^^^^
  File "d:\Projects\PixelClick\capture\screen_capture.py", line 47, in _grab_to_bgr
    raw = sct.grab(monitor)
  File "C:\Users\thitopp\AppData\Local\Python\pythoncore-3.14-64\Lib\site-packages\mss\base.py", line 312, in grab
    img_data_and_maybe_size = self._impl.grab(monitor)
  File "C:\Users\thitopp\AppData\Local\Python\pythoncore-3.14-64\Lib\site-packages\mss\windows\gdi.py", line 380, in grab
    gdi.BitBlt(memdc, 0, 0, width, height, srcdc, monitor["left"], monitor["top"], SRCCOPY | CAPTUREBLT)
    ~~~~~~~~~~^^^^^^^^^^^^^^^^^^^^^^^^^^^^^^^^^^^^^^^^^^^^^^^^^^^^^^^^^^^^^^^^^^^^^^^^^^^^^^^^^^^^^^^^^^
  File "C:\Users\thitopp\AppData\Local\Python\pythoncore-3.14-64\Lib\site-packages\mss\windows\gdi.py", line 127, in _errcheck
    raise ScreenShotError(msg, details=details)
mss.exception.ScreenShotError: Windows graphics function failed (no error provided): BitBlt
[2026-09-21 05:37:08] INFO     worker: Detection worker started.
[2026-09-21 05:37:08] INFO     main_window: Detection started.
[2026-09-21 05:37:08] ERROR    worker: Worker loop error: Windows graphics function failed (no error provided): BitBlt
Traceback (most recent call last):
  File "d:\Projects\PixelClick\detection_worker.py", line 142, in _run
    frame = self._capture_frame()
  File "d:\Projects\PixelClick\detection_worker.py", line 171, in _capture_frame
    return self._capture.capture_region(r["x"], r["y"], r["width"], r["height"])
           ~~~~~~~~~~~~~~~~~~~~~~~~~~~~^^^^^^^^^^^^^^^^^^^^^^^^^^^^^^^^^^^^^^^^^
  File "d:\Projects\PixelClick\capture\screen_capture.py", line 36, in capture_region
    return self._grab_to_bgr(sct, monitor)
           ~~~~~~~~~~~~~~~~~^^^^^^^^^^^^^^
  File "d:\Projects\PixelClick\capture\screen_capture.py", line 47, in _grab_to_bgr
    raw = sct.grab(monitor)
  File "C:\Users\thitopp\AppData\Local\Python\pythoncore-3.14-64\Lib\site-packages\mss\base.py", line 312, in grab
    img_data_and_maybe_size = self._impl.grab(monitor)
  File "C:\Users\thitopp\AppData\Local\Python\pythoncore-3.14-64\Lib\site-packages\mss\windows\gdi.py", line 380, in grab
    gdi.BitBlt(memdc, 0, 0, width, height, srcdc, monitor["left"], monitor["top"], SRCCOPY | CAPTUREBLT)
    ~~~~~~~~~~^^^^^^^^^^^^^^^^^^^^^^^^^^^^^^^^^^^^^^^^^^^^^^^^^^^^^^^^^^^^^^^^^^^^^^^^^^^^^^^^^^^^^^^^^^
  File "C:\Users\thitopp\AppData\Local\Python\pythoncore-3.14-64\Lib\site-packages\mss\windows\gdi.py", line 127, in _errcheck
    raise ScreenShotError(msg, details=details)
mss.exception.ScreenShotError: Windows graphics function failed (no error provided): BitBlt
[2026-09-21 05:37:08] ERROR    worker: Worker loop error: Windows graphics function failed (no error provided): BitBlt
Traceback (most recent call last):
  File "d:\Projects\PixelClick\detection_worker.py", line 142, in _run
    frame = self._capture_frame()
  File "d:\Projects\PixelClick\detection_worker.py", line 171, in _capture_frame
    return self._capture.capture_region(r["x"], r["y"], r["width"], r["height"])
           ~~~~~~~~~~~~~~~~~~~~~~~~~~~~^^^^^^^^^^^^^^^^^^^^^^^^^^^^^^^^^^^^^^^^^
  File "d:\Projects\PixelClick\capture\screen_capture.py", line 36, in capture_region
    return self._grab_to_bgr(sct, monitor)
           ~~~~~~~~~~~~~~~~~^^^^^^^^^^^^^^
  File "d:\Projects\PixelClick\capture\screen_capture.py", line 47, in _grab_to_bgr
    raw = sct.grab(monitor)
  File "C:\Users\thitopp\AppData\Local\Python\pythoncore-3.14-64\Lib\site-packages\mss\base.py", line 312, in grab
    img_data_and_maybe_size = self._impl.grab(monitor)
  File "C:\Users\thitopp\AppData\Local\Python\pythoncore-3.14-64\Lib\site-packages\mss\windows\gdi.py", line 380, in grab
    gdi.BitBlt(memdc, 0, 0, width, height, srcdc, monitor["left"], monitor["top"], SRCCOPY | CAPTUREBLT)
    ~~~~~~~~~~^^^^^^^^^^^^^^^^^^^^^^^^^^^^^^^^^^^^^^^^^^^^^^^^^^^^^^^^^^^^^^^^^^^^^^^^^^^^^^^^^^^^^^^^^^
  File "C:\Users\thitopp\AppData\Local\Python\pythoncore-3.14-64\Lib\site-packages\mss\windows\gdi.py", line 127, in _errcheck
    raise ScreenShotError(msg, details=details)
mss.exception.ScreenShotError: Windows graphics function failed (no error provided): BitBlt
[2026-09-21 05:37:08] ERROR    worker: Worker loop error: Windows graphics function failed (no error provided): BitBlt
Traceback (most recent call last):
  File "d:\Projects\PixelClick\detection_worker.py", line 142, in _run
    frame = self._capture_frame()
  File "d:\Projects\PixelClick\detection_worker.py", line 171, in _capture_frame
    return self._capture.capture_region(r["x"], r["y"], r["width"], r["height"])
           ~~~~~~~~~~~~~~~~~~~~~~~~~~~~^^^^^^^^^^^^^^^^^^^^^^^^^^^^^^^^^^^^^^^^^
  File "d:\Projects\PixelClick\capture\screen_capture.py", line 36, in capture_region
    return self._grab_to_bgr(sct, monitor)
           ~~~~~~~~~~~~~~~~~^^^^^^^^^^^^^^
  File "d:\Projects\PixelClick\capture\screen_capture.py", line 47, in _grab_to_bgr
    raw = sct.grab(monitor)
  File "C:\Users\thitopp\AppData\Local\Python\pythoncore-3.14-64\Lib\site-packages\mss\base.py", line 312, in grab
    img_data_and_maybe_size = self._impl.grab(monitor)
  File "C:\Users\thitopp\AppData\Local\Python\pythoncore-3.14-64\Lib\site-packages\mss\windows\gdi.py", line 380, in grab
    gdi.BitBlt(memdc, 0, 0, width, height, srcdc, monitor["left"], monitor["top"], SRCCOPY | CAPTUREBLT)
    ~~~~~~~~~~^^^^^^^^^^^^^^^^^^^^^^^^^^^^^^^^^^^^^^^^^^^^^^^^^^^^^^^^^^^^^^^^^^^^^^^^^^^^^^^^^^^^^^^^^^
  File "C:\Users\thitopp\AppData\Local\Python\pythoncore-3.14-64\Lib\site-packages\mss\windows\gdi.py", line 127, in _errcheck
    raise ScreenShotError(msg, details=details)
mss.exception.ScreenShotError: Windows graphics function failed (no error provided): BitBlt
[2026-09-21 05:37:08] ERROR    worker: Worker loop error: Windows graphics function failed (no error provided): BitBlt
Traceback (most recent call last):
  File "d:\Projects\PixelClick\detection_worker.py", line 142, in _run
    frame = self._capture_frame()
  File "d:\Projects\PixelClick\detection_worker.py", line 171, in _capture_frame
    return self._capture.capture_region(r["x"], r["y"], r["width"], r["height"])
           ~~~~~~~~~~~~~~~~~~~~~~~~~~~~^^^^^^^^^^^^^^^^^^^^^^^^^^^^^^^^^^^^^^^^^
  File "d:\Projects\PixelClick\capture\screen_capture.py", line 36, in capture_region
    return self._grab_to_bgr(sct, monitor)
           ~~~~~~~~~~~~~~~~~^^^^^^^^^^^^^^
  File "d:\Projects\PixelClick\capture\screen_capture.py", line 47, in _grab_to_bgr
    raw = sct.grab(monitor)
  File "C:\Users\thitopp\AppData\Local\Python\pythoncore-3.14-64\Lib\site-packages\mss\base.py", line 312, in grab
    img_data_and_maybe_size = self._impl.grab(monitor)
  File "C:\Users\thitopp\AppData\Local\Python\pythoncore-3.14-64\Lib\site-packages\mss\windows\gdi.py", line 380, in grab
    gdi.BitBlt(memdc, 0, 0, width, height, srcdc, monitor["left"], monitor["top"], SRCCOPY | CAPTUREBLT)
    ~~~~~~~~~~^^^^^^^^^^^^^^^^^^^^^^^^^^^^^^^^^^^^^^^^^^^^^^^^^^^^^^^^^^^^^^^^^^^^^^^^^^^^^^^^^^^^^^^^^^
  File "C:\Users\thitopp\AppData\Local\Python\pythoncore-3.14-64\Lib\site-packages\mss\windows\gdi.py", line 127, in _errcheck
    raise ScreenShotError(msg, details=details)
mss.exception.ScreenShotError: Windows graphics function failed (no error provided): BitBlt
[2026-09-21 05:37:08] ERROR    worker: Worker loop error: Windows graphics function failed (no error provided): BitBlt
Traceback (most recent call last):
  File "d:\Projects\PixelClick\detection_worker.py", line 142, in _run
    frame = self._capture_frame()
  File "d:\Projects\PixelClick\detection_worker.py", line 171, in _capture_frame
    return self._capture.capture_region(r["x"], r["y"], r["width"], r["height"])
           ~~~~~~~~~~~~~~~~~~~~~~~~~~~~^^^^^^^^^^^^^^^^^^^^^^^^^^^^^^^^^^^^^^^^^
  File "d:\Projects\PixelClick\capture\screen_capture.py", line 36, in capture_region
    return self._grab_to_bgr(sct, monitor)
           ~~~~~~~~~~~~~~~~~^^^^^^^^^^^^^^
  File "d:\Projects\PixelClick\capture\screen_capture.py", line 47, in _grab_to_bgr
    raw = sct.grab(monitor)
  File "C:\Users\thitopp\AppData\Local\Python\pythoncore-3.14-64\Lib\site-packages\mss\base.py", line 312, in grab
    img_data_and_maybe_size = self._impl.grab(monitor)
  File "C:\Users\thitopp\AppData\Local\Python\pythoncore-3.14-64\Lib\site-packages\mss\windows\gdi.py", line 380, in grab
    gdi.BitBlt(memdc, 0, 0, width, height, srcdc, monitor["left"], monitor["top"], SRCCOPY | CAPTUREBLT)
    ~~~~~~~~~~^^^^^^^^^^^^^^^^^^^^^^^^^^^^^^^^^^^^^^^^^^^^^^^^^^^^^^^^^^^^^^^^^^^^^^^^^^^^^^^^^^^^^^^^^^
  File "C:\Users\thitopp\AppData\Local\Python\pythoncore-3.14-64\Lib\site-packages\mss\windows\gdi.py", line 127, in _errcheck
    raise ScreenShotError(msg, details=details)
mss.exception.ScreenShotError: Windows graphics function failed (no error provided): BitBlt
[2026-09-21 05:37:08] ERROR    worker: Worker loop error: Windows graphics function failed (no error provided): BitBlt
Traceback (most recent call last):
  File "d:\Projects\PixelClick\detection_worker.py", line 142, in _run
    frame = self._capture_frame()
  File "d:\Projects\PixelClick\detection_worker.py", line 171, in _capture_frame
    return self._capture.capture_region(r["x"], r["y"], r["width"], r["height"])
           ~~~~~~~~~~~~~~~~~~~~~~~~~~~~^^^^^^^^^^^^^^^^^^^^^^^^^^^^^^^^^^^^^^^^^
  File "d:\Projects\PixelClick\capture\screen_capture.py", line 36, in capture_region
    return self._grab_to_bgr(sct, monitor)
           ~~~~~~~~~~~~~~~~~^^^^^^^^^^^^^^
  File "d:\Projects\PixelClick\capture\screen_capture.py", line 47, in _grab_to_bgr
    raw = sct.grab(monitor)
  File "C:\Users\thitopp\AppData\Local\Python\pythoncore-3.14-64\Lib\site-packages\mss\base.py", line 312, in grab
    img_data_and_maybe_size = self._impl.grab(monitor)
  File "C:\Users\thitopp\AppData\Local\Python\pythoncore-3.14-64\Lib\site-packages\mss\windows\gdi.py", line 380, in grab
    gdi.BitBlt(memdc, 0, 0, width, height, srcdc, monitor["left"], monitor["top"], SRCCOPY | CAPTUREBLT)
    ~~~~~~~~~~^^^^^^^^^^^^^^^^^^^^^^^^^^^^^^^^^^^^^^^^^^^^^^^^^^^^^^^^^^^^^^^^^^^^^^^^^^^^^^^^^^^^^^^^^^
  File "C:\Users\thitopp\AppData\Local\Python\pythoncore-3.14-64\Lib\site-packages\mss\windows\gdi.py", line 127, in _errcheck
    raise ScreenShotError(msg, details=details)
mss.exception.ScreenShotError: Windows graphics function failed (no error provided): BitBlt
[2026-09-21 05:37:08] ERROR    worker: Worker loop error: Windows graphics function failed (no error provided): BitBlt
Traceback (most recent call last):
  File "d:\Projects\PixelClick\detection_worker.py", line 142, in _run
    frame = self._capture_frame()
  File "d:\Projects\PixelClick\detection_worker.py", line 171, in _capture_frame
    return self._capture.capture_region(r["x"], r["y"], r["width"], r["height"])
           ~~~~~~~~~~~~~~~~~~~~~~~~~~~~^^^^^^^^^^^^^^^^^^^^^^^^^^^^^^^^^^^^^^^^^
  File "d:\Projects\PixelClick\capture\screen_capture.py", line 36, in capture_region
    return self._grab_to_bgr(sct, monitor)
           ~~~~~~~~~~~~~~~~~^^^^^^^^^^^^^^
  File "d:\Projects\PixelClick\capture\screen_capture.py", line 47, in _grab_to_bgr
    raw = sct.grab(monitor)
  File "C:\Users\thitopp\AppData\Local\Python\pythoncore-3.14-64\Lib\site-packages\mss\base.py", line 312, in grab
    img_data_and_maybe_size = self._impl.grab(monitor)
  File "C:\Users\thitopp\AppData\Local\Python\pythoncore-3.14-64\Lib\site-packages\mss\windows\gdi.py", line 380, in grab
    gdi.BitBlt(memdc, 0, 0, width, height, srcdc, monitor["left"], monitor["top"], SRCCOPY | CAPTUREBLT)
    ~~~~~~~~~~^^^^^^^^^^^^^^^^^^^^^^^^^^^^^^^^^^^^^^^^^^^^^^^^^^^^^^^^^^^^^^^^^^^^^^^^^^^^^^^^^^^^^^^^^^
  File "C:\Users\thitopp\AppData\Local\Python\pythoncore-3.14-64\Lib\site-packages\mss\windows\gdi.py", line 127, in _errcheck
    raise ScreenShotError(msg, details=details)
mss.exception.ScreenShotError: Windows graphics function failed (no error provided): BitBlt
[2026-09-21 05:37:08] ERROR    worker: Worker loop error: Windows graphics function failed (no error provided): BitBlt
Traceback (most recent call last):
  File "d:\Projects\PixelClick\detection_worker.py", line 142, in _run
    frame = self._capture_frame()
  File "d:\Projects\PixelClick\detection_worker.py", line 171, in _capture_frame
    return self._capture.capture_region(r["x"], r["y"], r["width"], r["height"])
           ~~~~~~~~~~~~~~~~~~~~~~~~~~~~^^^^^^^^^^^^^^^^^^^^^^^^^^^^^^^^^^^^^^^^^
  File "d:\Projects\PixelClick\capture\screen_capture.py", line 36, in capture_region
    return self._grab_to_bgr(sct, monitor)
           ~~~~~~~~~~~~~~~~~^^^^^^^^^^^^^^
  File "d:\Projects\PixelClick\capture\screen_capture.py", line 47, in _grab_to_bgr
    raw = sct.grab(monitor)
  File "C:\Users\thitopp\AppData\Local\Python\pythoncore-3.14-64\Lib\site-packages\mss\base.py", line 312, in grab
    img_data_and_maybe_size = self._impl.grab(monitor)
  File "C:\Users\thitopp\AppData\Local\Python\pythoncore-3.14-64\Lib\site-packages\mss\windows\gdi.py", line 380, in grab
    gdi.BitBlt(memdc, 0, 0, width, height, srcdc, monitor["left"], monitor["top"], SRCCOPY | CAPTUREBLT)
    ~~~~~~~~~~^^^^^^^^^^^^^^^^^^^^^^^^^^^^^^^^^^^^^^^^^^^^^^^^^^^^^^^^^^^^^^^^^^^^^^^^^^^^^^^^^^^^^^^^^^
  File "C:\Users\thitopp\AppData\Local\Python\pythoncore-3.14-64\Lib\site-packages\mss\windows\gdi.py", line 127, in _errcheck
    raise ScreenShotError(msg, details=details)
mss.exception.ScreenShotError: Windows graphics function failed (no error provided): BitBlt
[2026-09-21 05:37:08] ERROR    worker: Worker loop error: Windows graphics function failed (no error provided): BitBlt
Traceback (most recent call last):
  File "d:\Projects\PixelClick\detection_worker.py", line 142, in _run
    frame = self._capture_frame()
  File "d:\Projects\PixelClick\detection_worker.py", line 171, in _capture_frame
    return self._capture.capture_region(r["x"], r["y"], r["width"], r["height"])
           ~~~~~~~~~~~~~~~~~~~~~~~~~~~~^^^^^^^^^^^^^^^^^^^^^^^^^^^^^^^^^^^^^^^^^
  File "d:\Projects\PixelClick\capture\screen_capture.py", line 36, in capture_region
    return self._grab_to_bgr(sct, monitor)
           ~~~~~~~~~~~~~~~~~^^^^^^^^^^^^^^
  File "d:\Projects\PixelClick\capture\screen_capture.py", line 47, in _grab_to_bgr
    raw = sct.grab(monitor)
  File "C:\Users\thitopp\AppData\Local\Python\pythoncore-3.14-64\Lib\site-packages\mss\base.py", line 312, in grab
    img_data_and_maybe_size = self._impl.grab(monitor)
  File "C:\Users\thitopp\AppData\Local\Python\pythoncore-3.14-64\Lib\site-packages\mss\windows\gdi.py", line 380, in grab
    gdi.BitBlt(memdc, 0, 0, width, height, srcdc, monitor["left"], monitor["top"], SRCCOPY | CAPTUREBLT)
    ~~~~~~~~~~^^^^^^^^^^^^^^^^^^^^^^^^^^^^^^^^^^^^^^^^^^^^^^^^^^^^^^^^^^^^^^^^^^^^^^^^^^^^^^^^^^^^^^^^^^
  File "C:\Users\thitopp\AppData\Local\Python\pythoncore-3.14-64\Lib\site-packages\mss\windows\gdi.py", line 127, in _errcheck
    raise ScreenShotError(msg, details=details)
mss.exception.ScreenShotError: Windows graphics function failed (no error provided): BitBlt
[2026-09-21 05:37:08] ERROR    worker: Worker loop error: Windows graphics function failed (no error provided): BitBlt
Traceback (most recent call last):
  File "d:\Projects\PixelClick\detection_worker.py", line 142, in _run
    frame = self._capture_frame()
  File "d:\Projects\PixelClick\detection_worker.py", line 171, in _capture_frame
    return self._capture.capture_region(r["x"], r["y"], r["width"], r["height"])
           ~~~~~~~~~~~~~~~~~~~~~~~~~~~~^^^^^^^^^^^^^^^^^^^^^^^^^^^^^^^^^^^^^^^^^
  File "d:\Projects\PixelClick\capture\screen_capture.py", line 36, in capture_region
    return self._grab_to_bgr(sct, monitor)
           ~~~~~~~~~~~~~~~~~^^^^^^^^^^^^^^
  File "d:\Projects\PixelClick\capture\screen_capture.py", line 47, in _grab_to_bgr
    raw = sct.grab(monitor)
  File "C:\Users\thitopp\AppData\Local\Python\pythoncore-3.14-64\Lib\site-packages\mss\base.py", line 312, in grab
    img_data_and_maybe_size = self._impl.grab(monitor)
  File "C:\Users\thitopp\AppData\Local\Python\pythoncore-3.14-64\Lib\site-packages\mss\windows\gdi.py", line 380, in grab
    gdi.BitBlt(memdc, 0, 0, width, height, srcdc, monitor["left"], monitor["top"], SRCCOPY | CAPTUREBLT)
    ~~~~~~~~~~^^^^^^^^^^^^^^^^^^^^^^^^^^^^^^^^^^^^^^^^^^^^^^^^^^^^^^^^^^^^^^^^^^^^^^^^^^^^^^^^^^^^^^^^^^
  File "C:\Users\thitopp\AppData\Local\Python\pythoncore-3.14-64\Lib\site-packages\mss\windows\gdi.py", line 127, in _errcheck
    raise ScreenShotError(msg, details=details)
mss.exception.ScreenShotError: Windows graphics function failed (no error provided): BitBlt
[2026-09-21 05:37:08] ERROR    worker: Worker loop error: Windows graphics function failed (no error provided): BitBlt
Traceback (most recent call last):
  File "d:\Projects\PixelClick\detection_worker.py", line 142, in _run
    frame = self._capture_frame()
  File "d:\Projects\PixelClick\detection_worker.py", line 171, in _capture_frame
    return self._capture.capture_region(r["x"], r["y"], r["width"], r["height"])
           ~~~~~~~~~~~~~~~~~~~~~~~~~~~~^^^^^^^^^^^^^^^^^^^^^^^^^^^^^^^^^^^^^^^^^
  File "d:\Projects\PixelClick\capture\screen_capture.py", line 36, in capture_region
    return self._grab_to_bgr(sct, monitor)
           ~~~~~~~~~~~~~~~~~^^^^^^^^^^^^^^
  File "d:\Projects\PixelClick\capture\screen_capture.py", line 47, in _grab_to_bgr
    raw = sct.grab(monitor)
  File "C:\Users\thitopp\AppData\Local\Python\pythoncore-3.14-64\Lib\site-packages\mss\base.py", line 312, in grab
    img_data_and_maybe_size = self._impl.grab(monitor)
  File "C:\Users\thitopp\AppData\Local\Python\pythoncore-3.14-64\Lib\site-packages\mss\windows\gdi.py", line 380, in grab
    gdi.BitBlt(memdc, 0, 0, width, height, srcdc, monitor["left"], monitor["top"], SRCCOPY | CAPTUREBLT)
    ~~~~~~~~~~^^^^^^^^^^^^^^^^^^^^^^^^^^^^^^^^^^^^^^^^^^^^^^^^^^^^^^^^^^^^^^^^^^^^^^^^^^^^^^^^^^^^^^^^^^
  File "C:\Users\thitopp\AppData\Local\Python\pythoncore-3.14-64\Lib\site-packages\mss\windows\gdi.py", line 127, in _errcheck
    raise ScreenShotError(msg, details=details)
mss.exception.ScreenShotError: Windows graphics function failed (no error provided): BitBlt
[2026-09-21 05:37:08] ERROR    worker: Worker loop error: Windows graphics function failed (no error provided): BitBlt
Traceback (most recent call last):
  File "d:\Projects\PixelClick\detection_worker.py", line 142, in _run
    frame = self._capture_frame()
  File "d:\Projects\PixelClick\detection_worker.py", line 171, in _capture_frame
    return self._capture.capture_region(r["x"], r["y"], r["width"], r["height"])
           ~~~~~~~~~~~~~~~~~~~~~~~~~~~~^^^^^^^^^^^^^^^^^^^^^^^^^^^^^^^^^^^^^^^^^
  File "d:\Projects\PixelClick\capture\screen_capture.py", line 36, in capture_region
    return self._grab_to_bgr(sct, monitor)
           ~~~~~~~~~~~~~~~~~^^^^^^^^^^^^^^
  File "d:\Projects\PixelClick\capture\screen_capture.py", line 47, in _grab_to_bgr
    raw = sct.grab(monitor)
  File "C:\Users\thitopp\AppData\Local\Python\pythoncore-3.14-64\Lib\site-packages\mss\base.py", line 312, in grab
    img_data_and_maybe_size = self._impl.grab(monitor)
  File "C:\Users\thitopp\AppData\Local\Python\pythoncore-3.14-64\Lib\site-packages\mss\windows\gdi.py", line 380, in grab
    gdi.BitBlt(memdc, 0, 0, width, height, srcdc, monitor["left"], monitor["top"], SRCCOPY | CAPTUREBLT)
    ~~~~~~~~~~^^^^^^^^^^^^^^^^^^^^^^^^^^^^^^^^^^^^^^^^^^^^^^^^^^^^^^^^^^^^^^^^^^^^^^^^^^^^^^^^^^^^^^^^^^
  File "C:\Users\thitopp\AppData\Local\Python\pythoncore-3.14-64\Lib\site-packages\mss\windows\gdi.py", line 127, in _errcheck
    raise ScreenShotError(msg, details=details)
mss.exception.ScreenShotError: Windows graphics function failed (no error provided): BitBlt
[2026-09-21 05:37:08] ERROR    worker: Worker loop error: Windows graphics function failed (no error provided): BitBlt
Traceback (most recent call last):
  File "d:\Projects\PixelClick\detection_worker.py", line 142, in _run
    frame = self._capture_frame()
  File "d:\Projects\PixelClick\detection_worker.py", line 171, in _capture_frame
    return self._capture.capture_region(r["x"], r["y"], r["width"], r["height"])
           ~~~~~~~~~~~~~~~~~~~~~~~~~~~~^^^^^^^^^^^^^^^^^^^^^^^^^^^^^^^^^^^^^^^^^
  File "d:\Projects\PixelClick\capture\screen_capture.py", line 36, in capture_region
    return self._grab_to_bgr(sct, monitor)
           ~~~~~~~~~~~~~~~~~^^^^^^^^^^^^^^
  File "d:\Projects\PixelClick\capture\screen_capture.py", line 47, in _grab_to_bgr
    raw = sct.grab(monitor)
  File "C:\Users\thitopp\AppData\Local\Python\pythoncore-3.14-64\Lib\site-packages\mss\base.py", line 312, in grab
    img_data_and_maybe_size = self._impl.grab(monitor)
  File "C:\Users\thitopp\AppData\Local\Python\pythoncore-3.14-64\Lib\site-packages\mss\windows\gdi.py", line 380, in grab
    gdi.BitBlt(memdc, 0, 0, width, height, srcdc, monitor["left"], monitor["top"], SRCCOPY | CAPTUREBLT)
    ~~~~~~~~~~^^^^^^^^^^^^^^^^^^^^^^^^^^^^^^^^^^^^^^^^^^^^^^^^^^^^^^^^^^^^^^^^^^^^^^^^^^^^^^^^^^^^^^^^^^
  File "C:\Users\thitopp\AppData\Local\Python\pythoncore-3.14-64\Lib\site-packages\mss\windows\gdi.py", line 127, in _errcheck
    raise ScreenShotError(msg, details=details)
mss.exception.ScreenShotError: Windows graphics function failed (no error provided): BitBlt
[2026-09-21 05:37:08] ERROR    worker: Worker loop error: Windows graphics function failed (no error provided): BitBlt
Traceback (most recent call last):
  File "d:\Projects\PixelClick\detection_worker.py", line 142, in _run
    frame = self._capture_frame()
  File "d:\Projects\PixelClick\detection_worker.py", line 171, in _capture_frame
    return self._capture.capture_region(r["x"], r["y"], r["width"], r["height"])
           ~~~~~~~~~~~~~~~~~~~~~~~~~~~~^^^^^^^^^^^^^^^^^^^^^^^^^^^^^^^^^^^^^^^^^
  File "d:\Projects\PixelClick\capture\screen_capture.py", line 36, in capture_region
    return self._grab_to_bgr(sct, monitor)
           ~~~~~~~~~~~~~~~~~^^^^^^^^^^^^^^
  File "d:\Projects\PixelClick\capture\screen_capture.py", line 47, in _grab_to_bgr
    raw = sct.grab(monitor)
  File "C:\Users\thitopp\AppData\Local\Python\pythoncore-3.14-64\Lib\site-packages\mss\base.py", line 312, in grab
    img_data_and_maybe_size = self._impl.grab(monitor)
  File "C:\Users\thitopp\AppData\Local\Python\pythoncore-3.14-64\Lib\site-packages\mss\windows\gdi.py", line 380, in grab
    gdi.BitBlt(memdc, 0, 0, width, height, srcdc, monitor["left"], monitor["top"], SRCCOPY | CAPTUREBLT)
    ~~~~~~~~~~^^^^^^^^^^^^^^^^^^^^^^^^^^^^^^^^^^^^^^^^^^^^^^^^^^^^^^^^^^^^^^^^^^^^^^^^^^^^^^^^^^^^^^^^^^
  File "C:\Users\thitopp\AppData\Local\Python\pythoncore-3.14-64\Lib\site-packages\mss\windows\gdi.py", line 127, in _errcheck
    raise ScreenShotError(msg, details=details)
mss.exception.ScreenShotError: Windows graphics function failed (no error provided): BitBlt
[2026-09-21 05:37:08] ERROR    worker: Worker loop error: Windows graphics function failed (no error provided): BitBlt
Traceback (most recent call last):
  File "d:\Projects\PixelClick\detection_worker.py", line 142, in _run
    frame = self._capture_frame()
  File "d:\Projects\PixelClick\detection_worker.py", line 171, in _capture_frame
    return self._capture.capture_region(r["x"], r["y"], r["width"], r["height"])
           ~~~~~~~~~~~~~~~~~~~~~~~~~~~~^^^^^^^^^^^^^^^^^^^^^^^^^^^^^^^^^^^^^^^^^
  File "d:\Projects\PixelClick\capture\screen_capture.py", line 36, in capture_region
    return self._grab_to_bgr(sct, monitor)
           ~~~~~~~~~~~~~~~~~^^^^^^^^^^^^^^
  File "d:\Projects\PixelClick\capture\screen_capture.py", line 47, in _grab_to_bgr
    raw = sct.grab(monitor)
  File "C:\Users\thitopp\AppData\Local\Python\pythoncore-3.14-64\Lib\site-packages\mss\base.py", line 312, in grab
    img_data_and_maybe_size = self._impl.grab(monitor)
  File "C:\Users\thitopp\AppData\Local\Python\pythoncore-3.14-64\Lib\site-packages\mss\windows\gdi.py", line 380, in grab
    gdi.BitBlt(memdc, 0, 0, width, height, srcdc, monitor["left"], monitor["top"], SRCCOPY | CAPTUREBLT)
    ~~~~~~~~~~^^^^^^^^^^^^^^^^^^^^^^^^^^^^^^^^^^^^^^^^^^^^^^^^^^^^^^^^^^^^^^^^^^^^^^^^^^^^^^^^^^^^^^^^^^
  File "C:\Users\thitopp\AppData\Local\Python\pythoncore-3.14-64\Lib\site-packages\mss\windows\gdi.py", line 127, in _errcheck
    raise ScreenShotError(msg, details=details)
mss.exception.ScreenShotError: Windows graphics function failed (no error provided): BitBlt
[2026-09-21 05:37:08] ERROR    worker: Worker loop error: Windows graphics function failed (no error provided): BitBlt
Traceback (most recent call last):
  File "d:\Projects\PixelClick\detection_worker.py", line 142, in _run
    frame = self._capture_frame()
  File "d:\Projects\PixelClick\detection_worker.py", line 171, in _capture_frame
    return self._capture.capture_region(r["x"], r["y"], r["width"], r["height"])
           ~~~~~~~~~~~~~~~~~~~~~~~~~~~~^^^^^^^^^^^^^^^^^^^^^^^^^^^^^^^^^^^^^^^^^
  File "d:\Projects\PixelClick\capture\screen_capture.py", line 36, in capture_region
    return self._grab_to_bgr(sct, monitor)
           ~~~~~~~~~~~~~~~~~^^^^^^^^^^^^^^
  File "d:\Projects\PixelClick\capture\screen_capture.py", line 47, in _grab_to_bgr
    raw = sct.grab(monitor)
  File "C:\Users\thitopp\AppData\Local\Python\pythoncore-3.14-64\Lib\site-packages\mss\base.py", line 312, in grab
    img_data_and_maybe_size = self._impl.grab(monitor)
  File "C:\Users\thitopp\AppData\Local\Python\pythoncore-3.14-64\Lib\site-packages\mss\windows\gdi.py", line 380, in grab
    gdi.BitBlt(memdc, 0, 0, width, height, srcdc, monitor["left"], monitor["top"], SRCCOPY | CAPTUREBLT)
    ~~~~~~~~~~^^^^^^^^^^^^^^^^^^^^^^^^^^^^^^^^^^^^^^^^^^^^^^^^^^^^^^^^^^^^^^^^^^^^^^^^^^^^^^^^^^^^^^^^^^
  File "C:\Users\thitopp\AppData\Local\Python\pythoncore-3.14-64\Lib\site-packages\mss\windows\gdi.py", line 127, in _errcheck
    raise ScreenShotError(msg, details=details)
mss.exception.ScreenShotError: Windows graphics function failed (no error provided): BitBlt
[2026-09-21 05:37:09] ERROR    worker: Worker loop error: Windows graphics function failed (no error provided): BitBlt
Traceback (most recent call last):
  File "d:\Projects\PixelClick\detection_worker.py", line 142, in _run
    frame = self._capture_frame()
  File "d:\Projects\PixelClick\detection_worker.py", line 171, in _capture_frame
    return self._capture.capture_region(r["x"], r["y"], r["width"], r["height"])
           ~~~~~~~~~~~~~~~~~~~~~~~~~~~~^^^^^^^^^^^^^^^^^^^^^^^^^^^^^^^^^^^^^^^^^
  File "d:\Projects\PixelClick\capture\screen_capture.py", line 36, in capture_region
    return self._grab_to_bgr(sct, monitor)
           ~~~~~~~~~~~~~~~~~^^^^^^^^^^^^^^
  File "d:\Projects\PixelClick\capture\screen_capture.py", line 47, in _grab_to_bgr
    raw = sct.grab(monitor)
  File "C:\Users\thitopp\AppData\Local\Python\pythoncore-3.14-64\Lib\site-packages\mss\base.py", line 312, in grab
    img_data_and_maybe_size = self._impl.grab(monitor)
  File "C:\Users\thitopp\AppData\Local\Python\pythoncore-3.14-64\Lib\site-packages\mss\windows\gdi.py", line 380, in grab
    gdi.BitBlt(memdc, 0, 0, width, height, srcdc, monitor["left"], monitor["top"], SRCCOPY | CAPTUREBLT)
    ~~~~~~~~~~^^^^^^^^^^^^^^^^^^^^^^^^^^^^^^^^^^^^^^^^^^^^^^^^^^^^^^^^^^^^^^^^^^^^^^^^^^^^^^^^^^^^^^^^^^
  File "C:\Users\thitopp\AppData\Local\Python\pythoncore-3.14-64\Lib\site-packages\mss\windows\gdi.py", line 127, in _errcheck
    raise ScreenShotError(msg, details=details)
mss.exception.ScreenShotError: Windows graphics function failed (no error provided): BitBlt
[2026-09-21 05:37:09] ERROR    worker: Worker loop error: Windows graphics function failed (no error provided): BitBlt
Traceback (most recent call last):
  File "d:\Projects\PixelClick\detection_worker.py", line 142, in _run
    frame = self._capture_frame()
  File "d:\Projects\PixelClick\detection_worker.py", line 171, in _capture_frame
    return self._capture.capture_region(r["x"], r["y"], r["width"], r["height"])
           ~~~~~~~~~~~~~~~~~~~~~~~~~~~~^^^^^^^^^^^^^^^^^^^^^^^^^^^^^^^^^^^^^^^^^
  File "d:\Projects\PixelClick\capture\screen_capture.py", line 36, in capture_region
    return self._grab_to_bgr(sct, monitor)
           ~~~~~~~~~~~~~~~~~^^^^^^^^^^^^^^
  File "d:\Projects\PixelClick\capture\screen_capture.py", line 47, in _grab_to_bgr
    raw = sct.grab(monitor)
  File "C:\Users\thitopp\AppData\Local\Python\pythoncore-3.14-64\Lib\site-packages\mss\base.py", line 312, in grab
    img_data_and_maybe_size = self._impl.grab(monitor)
  File "C:\Users\thitopp\AppData\Local\Python\pythoncore-3.14-64\Lib\site-packages\mss\windows\gdi.py", line 380, in grab
    gdi.BitBlt(memdc, 0, 0, width, height, srcdc, monitor["left"], monitor["top"], SRCCOPY | CAPTUREBLT)
    ~~~~~~~~~~^^^^^^^^^^^^^^^^^^^^^^^^^^^^^^^^^^^^^^^^^^^^^^^^^^^^^^^^^^^^^^^^^^^^^^^^^^^^^^^^^^^^^^^^^^
  File "C:\Users\thitopp\AppData\Local\Python\pythoncore-3.14-64\Lib\site-packages\mss\windows\gdi.py", line 127, in _errcheck
    raise ScreenShotError(msg, details=details)
mss.exception.ScreenShotError: Windows graphics function failed (no error provided): BitBlt
[2026-09-21 05:37:09] ERROR    worker: Worker loop error: Windows graphics function failed (no error provided): BitBlt
Traceback (most recent call last):
  File "d:\Projects\PixelClick\detection_worker.py", line 142, in _run
    frame = self._capture_frame()
  File "d:\Projects\PixelClick\detection_worker.py", line 171, in _capture_frame
    return self._capture.capture_region(r["x"], r["y"], r["width"], r["height"])
           ~~~~~~~~~~~~~~~~~~~~~~~~~~~~^^^^^^^^^^^^^^^^^^^^^^^^^^^^^^^^^^^^^^^^^
  File "d:\Projects\PixelClick\capture\screen_capture.py", line 36, in capture_region
    return self._grab_to_bgr(sct, monitor)
           ~~~~~~~~~~~~~~~~~^^^^^^^^^^^^^^
  File "d:\Projects\PixelClick\capture\screen_capture.py", line 47, in _grab_to_bgr
    raw = sct.grab(monitor)
  File "C:\Users\thitopp\AppData\Local\Python\pythoncore-3.14-64\Lib\site-packages\mss\base.py", line 312, in grab
    img_data_and_maybe_size = self._impl.grab(monitor)
  File "C:\Users\thitopp\AppData\Local\Python\pythoncore-3.14-64\Lib\site-packages\mss\windows\gdi.py", line 380, in grab
    gdi.BitBlt(memdc, 0, 0, width, height, srcdc, monitor["left"], monitor["top"], SRCCOPY | CAPTUREBLT)
    ~~~~~~~~~~^^^^^^^^^^^^^^^^^^^^^^^^^^^^^^^^^^^^^^^^^^^^^^^^^^^^^^^^^^^^^^^^^^^^^^^^^^^^^^^^^^^^^^^^^^
  File "C:\Users\thitopp\AppData\Local\Python\pythoncore-3.14-64\Lib\site-packages\mss\windows\gdi.py", line 127, in _errcheck
    raise ScreenShotError(msg, details=details)
mss.exception.ScreenShotError: Windows graphics function failed (no error provided): BitBlt
[2026-09-21 05:37:09] ERROR    worker: Worker loop error: Windows graphics function failed (no error provided): BitBlt
Traceback (most recent call last):
  File "d:\Projects\PixelClick\detection_worker.py", line 142, in _run
    frame = self._capture_frame()
  File "d:\Projects\PixelClick\detection_worker.py", line 171, in _capture_frame
    return self._capture.capture_region(r["x"], r["y"], r["width"], r["height"])
           ~~~~~~~~~~~~~~~~~~~~~~~~~~~~^^^^^^^^^^^^^^^^^^^^^^^^^^^^^^^^^^^^^^^^^
  File "d:\Projects\PixelClick\capture\screen_capture.py", line 36, in capture_region
    return self._grab_to_bgr(sct, monitor)
           ~~~~~~~~~~~~~~~~~^^^^^^^^^^^^^^
  File "d:\Projects\PixelClick\capture\screen_capture.py", line 47, in _grab_to_bgr
    raw = sct.grab(monitor)
  File "C:\Users\thitopp\AppData\Local\Python\pythoncore-3.14-64\Lib\site-packages\mss\base.py", line 312, in grab
    img_data_and_maybe_size = self._impl.grab(monitor)
  File "C:\Users\thitopp\AppData\Local\Python\pythoncore-3.14-64\Lib\site-packages\mss\windows\gdi.py", line 380, in grab
    gdi.BitBlt(memdc, 0, 0, width, height, srcdc, monitor["left"], monitor["top"], SRCCOPY | CAPTUREBLT)
    ~~~~~~~~~~^^^^^^^^^^^^^^^^^^^^^^^^^^^^^^^^^^^^^^^^^^^^^^^^^^^^^^^^^^^^^^^^^^^^^^^^^^^^^^^^^^^^^^^^^^
  File "C:\Users\thitopp\AppData\Local\Python\pythoncore-3.14-64\Lib\site-packages\mss\windows\gdi.py", line 127, in _errcheck
    raise ScreenShotError(msg, details=details)
mss.exception.ScreenShotError: Windows graphics function failed (no error provided): BitBlt
[2026-09-21 05:37:09] ERROR    worker: Worker loop error: Windows graphics function failed (no error provided): BitBlt
Traceback (most recent call last):
  File "d:\Projects\PixelClick\detection_worker.py", line 142, in _run
    frame = self._capture_frame()
  File "d:\Projects\PixelClick\detection_worker.py", line 171, in _capture_frame
    return self._capture.capture_region(r["x"], r["y"], r["width"], r["height"])
           ~~~~~~~~~~~~~~~~~~~~~~~~~~~~^^^^^^^^^^^^^^^^^^^^^^^^^^^^^^^^^^^^^^^^^
  File "d:\Projects\PixelClick\capture\screen_capture.py", line 36, in capture_region
    return self._grab_to_bgr(sct, monitor)
           ~~~~~~~~~~~~~~~~~^^^^^^^^^^^^^^
  File "d:\Projects\PixelClick\capture\screen_capture.py", line 47, in _grab_to_bgr
    raw = sct.grab(monitor)
  File "C:\Users\thitopp\AppData\Local\Python\pythoncore-3.14-64\Lib\site-packages\mss\base.py", line 312, in grab
    img_data_and_maybe_size = self._impl.grab(monitor)
  File "C:\Users\thitopp\AppData\Local\Python\pythoncore-3.14-64\Lib\site-packages\mss\windows\gdi.py", line 380, in grab
    gdi.BitBlt(memdc, 0, 0, width, height, srcdc, monitor["left"], monitor["top"], SRCCOPY | CAPTUREBLT)
    ~~~~~~~~~~^^^^^^^^^^^^^^^^^^^^^^^^^^^^^^^^^^^^^^^^^^^^^^^^^^^^^^^^^^^^^^^^^^^^^^^^^^^^^^^^^^^^^^^^^^
  File "C:\Users\thitopp\AppData\Local\Python\pythoncore-3.14-64\Lib\site-packages\mss\windows\gdi.py", line 127, in _errcheck
    raise ScreenShotError(msg, details=details)
mss.exception.ScreenShotError: Windows graphics function failed (no error provided): BitBlt
[2026-09-21 05:37:09] ERROR    worker: Worker loop error: Windows graphics function failed (no error provided): BitBlt
Traceback (most recent call last):
  File "d:\Projects\PixelClick\detection_worker.py", line 142, in _run
    frame = self._capture_frame()
  File "d:\Projects\PixelClick\detection_worker.py", line 171, in _capture_frame
    return self._capture.capture_region(r["x"], r["y"], r["width"], r["height"])
           ~~~~~~~~~~~~~~~~~~~~~~~~~~~~^^^^^^^^^^^^^^^^^^^^^^^^^^^^^^^^^^^^^^^^^
  File "d:\Projects\PixelClick\capture\screen_capture.py", line 36, in capture_region
    return self._grab_to_bgr(sct, monitor)
           ~~~~~~~~~~~~~~~~~^^^^^^^^^^^^^^
  File "d:\Projects\PixelClick\capture\screen_capture.py", line 47, in _grab_to_bgr
    raw = sct.grab(monitor)
  File "C:\Users\thitopp\AppData\Local\Python\pythoncore-3.14-64\Lib\site-packages\mss\base.py", line 312, in grab
    img_data_and_maybe_size = self._impl.grab(monitor)
  File "C:\Users\thitopp\AppData\Local\Python\pythoncore-3.14-64\Lib\site-packages\mss\windows\gdi.py", line 380, in grab
    gdi.BitBlt(memdc, 0, 0, width, height, srcdc, monitor["left"], monitor["top"], SRCCOPY | CAPTUREBLT)
    ~~~~~~~~~~^^^^^^^^^^^^^^^^^^^^^^^^^^^^^^^^^^^^^^^^^^^^^^^^^^^^^^^^^^^^^^^^^^^^^^^^^^^^^^^^^^^^^^^^^^
  File "C:\Users\thitopp\AppData\Local\Python\pythoncore-3.14-64\Lib\site-packages\mss\windows\gdi.py", line 127, in _errcheck
    raise ScreenShotError(msg, details=details)
mss.exception.ScreenShotError: Windows graphics function failed (no error provided): BitBlt
[2026-09-21 05:37:09] ERROR    worker: Worker loop error: Windows graphics function failed (no error provided): BitBlt
Traceback (most recent call last):
  File "d:\Projects\PixelClick\detection_worker.py", line 142, in _run
    frame = self._capture_frame()
  File "d:\Projects\PixelClick\detection_worker.py", line 171, in _capture_frame
    return self._capture.capture_region(r["x"], r["y"], r["width"], r["height"])
           ~~~~~~~~~~~~~~~~~~~~~~~~~~~~^^^^^^^^^^^^^^^^^^^^^^^^^^^^^^^^^^^^^^^^^
  File "d:\Projects\PixelClick\capture\screen_capture.py", line 36, in capture_region
    return self._grab_to_bgr(sct, monitor)
           ~~~~~~~~~~~~~~~~~^^^^^^^^^^^^^^
  File "d:\Projects\PixelClick\capture\screen_capture.py", line 47, in _grab_to_bgr
    raw = sct.grab(monitor)
  File "C:\Users\thitopp\AppData\Local\Python\pythoncore-3.14-64\Lib\site-packages\mss\base.py", line 312, in grab
    img_data_and_maybe_size = self._impl.grab(monitor)
  File "C:\Users\thitopp\AppData\Local\Python\pythoncore-3.14-64\Lib\site-packages\mss\windows\gdi.py", line 380, in grab
    gdi.BitBlt(memdc, 0, 0, width, height, srcdc, monitor["left"], monitor["top"], SRCCOPY | CAPTUREBLT)
    ~~~~~~~~~~^^^^^^^^^^^^^^^^^^^^^^^^^^^^^^^^^^^^^^^^^^^^^^^^^^^^^^^^^^^^^^^^^^^^^^^^^^^^^^^^^^^^^^^^^^
  File "C:\Users\thitopp\AppData\Local\Python\pythoncore-3.14-64\Lib\site-packages\mss\windows\gdi.py", line 127, in _errcheck
    raise ScreenShotError(msg, details=details)
mss.exception.ScreenShotError: Windows graphics function failed (no error provided): BitBlt
[2026-09-21 05:37:09] ERROR    worker: Worker loop error: Windows graphics function failed (no error provided): BitBlt
Traceback (most recent call last):
  File "d:\Projects\PixelClick\detection_worker.py", line 142, in _run
    frame = self._capture_frame()
  File "d:\Projects\PixelClick\detection_worker.py", line 171, in _capture_frame
    return self._capture.capture_region(r["x"], r["y"], r["width"], r["height"])
           ~~~~~~~~~~~~~~~~~~~~~~~~~~~~^^^^^^^^^^^^^^^^^^^^^^^^^^^^^^^^^^^^^^^^^
  File "d:\Projects\PixelClick\capture\screen_capture.py", line 36, in capture_region
    return self._grab_to_bgr(sct, monitor)
           ~~~~~~~~~~~~~~~~~^^^^^^^^^^^^^^
  File "d:\Projects\PixelClick\capture\screen_capture.py", line 47, in _grab_to_bgr
    raw = sct.grab(monitor)
  File "C:\Users\thitopp\AppData\Local\Python\pythoncore-3.14-64\Lib\site-packages\mss\base.py", line 312, in grab
    img_data_and_maybe_size = self._impl.grab(monitor)
  File "C:\Users\thitopp\AppData\Local\Python\pythoncore-3.14-64\Lib\site-packages\mss\windows\gdi.py", line 380, in grab
    gdi.BitBlt(memdc, 0, 0, width, height, srcdc, monitor["left"], monitor["top"], SRCCOPY | CAPTUREBLT)
    ~~~~~~~~~~^^^^^^^^^^^^^^^^^^^^^^^^^^^^^^^^^^^^^^^^^^^^^^^^^^^^^^^^^^^^^^^^^^^^^^^^^^^^^^^^^^^^^^^^^^
  File "C:\Users\thitopp\AppData\Local\Python\pythoncore-3.14-64\Lib\site-packages\mss\windows\gdi.py", line 127, in _errcheck
    raise ScreenShotError(msg, details=details)
mss.exception.ScreenShotError: Windows graphics function failed (no error provided): BitBlt
[2026-09-21 05:37:09] ERROR    worker: Worker loop error: Windows graphics function failed (no error provided): BitBlt
Traceback (most recent call last):
  File "d:\Projects\PixelClick\detection_worker.py", line 142, in _run
    frame = self._capture_frame()
  File "d:\Projects\PixelClick\detection_worker.py", line 171, in _capture_frame
    return self._capture.capture_region(r["x"], r["y"], r["width"], r["height"])
           ~~~~~~~~~~~~~~~~~~~~~~~~~~~~^^^^^^^^^^^^^^^^^^^^^^^^^^^^^^^^^^^^^^^^^
  File "d:\Projects\PixelClick\capture\screen_capture.py", line 36, in capture_region
    return self._grab_to_bgr(sct, monitor)
           ~~~~~~~~~~~~~~~~~^^^^^^^^^^^^^^
  File "d:\Projects\PixelClick\capture\screen_capture.py", line 47, in _grab_to_bgr
    raw = sct.grab(monitor)
  File "C:\Users\thitopp\AppData\Local\Python\pythoncore-3.14-64\Lib\site-packages\mss\base.py", line 312, in grab
    img_data_and_maybe_size = self._impl.grab(monitor)
  File "C:\Users\thitopp\AppData\Local\Python\pythoncore-3.14-64\Lib\site-packages\mss\windows\gdi.py", line 380, in grab
    gdi.BitBlt(memdc, 0, 0, width, height, srcdc, monitor["left"], monitor["top"], SRCCOPY | CAPTUREBLT)
    ~~~~~~~~~~^^^^^^^^^^^^^^^^^^^^^^^^^^^^^^^^^^^^^^^^^^^^^^^^^^^^^^^^^^^^^^^^^^^^^^^^^^^^^^^^^^^^^^^^^^
  File "C:\Users\thitopp\AppData\Local\Python\pythoncore-3.14-64\Lib\site-packages\mss\windows\gdi.py", line 127, in _errcheck
    raise ScreenShotError(msg, details=details)
mss.exception.ScreenShotError: Windows graphics function failed (no error provided): BitBlt
[2026-09-21 05:37:09] ERROR    worker: Worker loop error: Windows graphics function failed (no error provided): BitBlt
Traceback (most recent call last):
  File "d:\Projects\PixelClick\detection_worker.py", line 142, in _run
    frame = self._capture_frame()
  File "d:\Projects\PixelClick\detection_worker.py", line 171, in _capture_frame
    return self._capture.capture_region(r["x"], r["y"], r["width"], r["height"])
           ~~~~~~~~~~~~~~~~~~~~~~~~~~~~^^^^^^^^^^^^^^^^^^^^^^^^^^^^^^^^^^^^^^^^^
  File "d:\Projects\PixelClick\capture\screen_capture.py", line 36, in capture_region
    return self._grab_to_bgr(sct, monitor)
           ~~~~~~~~~~~~~~~~~^^^^^^^^^^^^^^
  File "d:\Projects\PixelClick\capture\screen_capture.py", line 47, in _grab_to_bgr
    raw = sct.grab(monitor)
  File "C:\Users\thitopp\AppData\Local\Python\pythoncore-3.14-64\Lib\site-packages\mss\base.py", line 312, in grab
    img_data_and_maybe_size = self._impl.grab(monitor)
  File "C:\Users\thitopp\AppData\Local\Python\pythoncore-3.14-64\Lib\site-packages\mss\windows\gdi.py", line 380, in grab
    gdi.BitBlt(memdc, 0, 0, width, height, srcdc, monitor["left"], monitor["top"], SRCCOPY | CAPTUREBLT)
    ~~~~~~~~~~^^^^^^^^^^^^^^^^^^^^^^^^^^^^^^^^^^^^^^^^^^^^^^^^^^^^^^^^^^^^^^^^^^^^^^^^^^^^^^^^^^^^^^^^^^
  File "C:\Users\thitopp\AppData\Local\Python\pythoncore-3.14-64\Lib\site-packages\mss\windows\gdi.py", line 127, in _errcheck
    raise ScreenShotError(msg, details=details)
mss.exception.ScreenShotError: Windows graphics function failed (no error provided): BitBlt
[2026-09-21 05:37:09] ERROR    worker: Worker loop error: Windows graphics function failed (no error provided): BitBlt
Traceback (most recent call last):
  File "d:\Projects\PixelClick\detection_worker.py", line 142, in _run
    frame = self._capture_frame()
  File "d:\Projects\PixelClick\detection_worker.py", line 171, in _capture_frame
    return self._capture.capture_region(r["x"], r["y"], r["width"], r["height"])
           ~~~~~~~~~~~~~~~~~~~~~~~~~~~~^^^^^^^^^^^^^^^^^^^^^^^^^^^^^^^^^^^^^^^^^
  File "d:\Projects\PixelClick\capture\screen_capture.py", line 36, in capture_region
    return self._grab_to_bgr(sct, monitor)
           ~~~~~~~~~~~~~~~~~^^^^^^^^^^^^^^
  File "d:\Projects\PixelClick\capture\screen_capture.py", line 47, in _grab_to_bgr
    raw = sct.grab(monitor)
  File "C:\Users\thitopp\AppData\Local\Python\pythoncore-3.14-64\Lib\site-packages\mss\base.py", line 312, in grab
    img_data_and_maybe_size = self._impl.grab(monitor)
  File "C:\Users\thitopp\AppData\Local\Python\pythoncore-3.14-64\Lib\site-packages\mss\windows\gdi.py", line 380, in grab
    gdi.BitBlt(memdc, 0, 0, width, height, srcdc, monitor["left"], monitor["top"], SRCCOPY | CAPTUREBLT)
    ~~~~~~~~~~^^^^^^^^^^^^^^^^^^^^^^^^^^^^^^^^^^^^^^^^^^^^^^^^^^^^^^^^^^^^^^^^^^^^^^^^^^^^^^^^^^^^^^^^^^
  File "C:\Users\thitopp\AppData\Local\Python\pythoncore-3.14-64\Lib\site-packages\mss\windows\gdi.py", line 127, in _errcheck
    raise ScreenShotError(msg, details=details)
mss.exception.ScreenShotError: Windows graphics function failed (no error provided): BitBlt
[2026-09-21 05:37:09] ERROR    worker: Worker loop error: Windows graphics function failed (no error provided): BitBlt
Traceback (most recent call last):
  File "d:\Projects\PixelClick\detection_worker.py", line 142, in _run
    frame = self._capture_frame()
  File "d:\Projects\PixelClick\detection_worker.py", line 171, in _capture_frame
    return self._capture.capture_region(r["x"], r["y"], r["width"], r["height"])
           ~~~~~~~~~~~~~~~~~~~~~~~~~~~~^^^^^^^^^^^^^^^^^^^^^^^^^^^^^^^^^^^^^^^^^
  File "d:\Projects\PixelClick\capture\screen_capture.py", line 36, in capture_region
    return self._grab_to_bgr(sct, monitor)
           ~~~~~~~~~~~~~~~~~^^^^^^^^^^^^^^
  File "d:\Projects\PixelClick\capture\screen_capture.py", line 47, in _grab_to_bgr
    raw = sct.grab(monitor)
  File "C:\Users\thitopp\AppData\Local\Python\pythoncore-3.14-64\Lib\site-packages\mss\base.py", line 312, in grab
    img_data_and_maybe_size = self._impl.grab(monitor)
  File "C:\Users\thitopp\AppData\Local\Python\pythoncore-3.14-64\Lib\site-packages\mss\windows\gdi.py", line 380, in grab
    gdi.BitBlt(memdc, 0, 0, width, height, srcdc, monitor["left"], monitor["top"], SRCCOPY | CAPTUREBLT)
    ~~~~~~~~~~^^^^^^^^^^^^^^^^^^^^^^^^^^^^^^^^^^^^^^^^^^^^^^^^^^^^^^^^^^^^^^^^^^^^^^^^^^^^^^^^^^^^^^^^^^
  File "C:\Users\thitopp\AppData\Local\Python\pythoncore-3.14-64\Lib\site-packages\mss\windows\gdi.py", line 127, in _errcheck
    raise ScreenShotError(msg, details=details)
mss.exception.ScreenShotError: Windows graphics function failed (no error provided): BitBlt
[2026-09-21 05:37:09] ERROR    worker: Worker loop error: Windows graphics function failed (no error provided): BitBlt
Traceback (most recent call last):
  File "d:\Projects\PixelClick\detection_worker.py", line 142, in _run
    frame = self._capture_frame()
  File "d:\Projects\PixelClick\detection_worker.py", line 171, in _capture_frame
    return self._capture.capture_region(r["x"], r["y"], r["width"], r["height"])
           ~~~~~~~~~~~~~~~~~~~~~~~~~~~~^^^^^^^^^^^^^^^^^^^^^^^^^^^^^^^^^^^^^^^^^
  File "d:\Projects\PixelClick\capture\screen_capture.py", line 36, in capture_region
    return self._grab_to_bgr(sct, monitor)
           ~~~~~~~~~~~~~~~~~^^^^^^^^^^^^^^
  File "d:\Projects\PixelClick\capture\screen_capture.py", line 47, in _grab_to_bgr
    raw = sct.grab(monitor)
  File "C:\Users\thitopp\AppData\Local\Python\pythoncore-3.14-64\Lib\site-packages\mss\base.py", line 312, in grab
    img_data_and_maybe_size = self._impl.grab(monitor)
  File "C:\Users\thitopp\AppData\Local\Python\pythoncore-3.14-64\Lib\site-packages\mss\windows\gdi.py", line 380, in grab
    gdi.BitBlt(memdc, 0, 0, width, height, srcdc, monitor["left"], monitor["top"], SRCCOPY | CAPTUREBLT)
    ~~~~~~~~~~^^^^^^^^^^^^^^^^^^^^^^^^^^^^^^^^^^^^^^^^^^^^^^^^^^^^^^^^^^^^^^^^^^^^^^^^^^^^^^^^^^^^^^^^^^
  File "C:\Users\thitopp\AppData\Local\Python\pythoncore-3.14-64\Lib\site-packages\mss\windows\gdi.py", line 127, in _errcheck
    raise ScreenShotError(msg, details=details)
mss.exception.ScreenShotError: Windows graphics function failed (no error provided): BitBlt
[2026-09-21 05:37:09] ERROR    worker: Worker loop error: Windows graphics function failed (no error provided): BitBlt
Traceback (most recent call last):
  File "d:\Projects\PixelClick\detection_worker.py", line 142, in _run
    frame = self._capture_frame()
  File "d:\Projects\PixelClick\detection_worker.py", line 171, in _capture_frame
    return self._capture.capture_region(r["x"], r["y"], r["width"], r["height"])
           ~~~~~~~~~~~~~~~~~~~~~~~~~~~~^^^^^^^^^^^^^^^^^^^^^^^^^^^^^^^^^^^^^^^^^
  File "d:\Projects\PixelClick\capture\screen_capture.py", line 36, in capture_region
    return self._grab_to_bgr(sct, monitor)
           ~~~~~~~~~~~~~~~~~^^^^^^^^^^^^^^
  File "d:\Projects\PixelClick\capture\screen_capture.py", line 47, in _grab_to_bgr
    raw = sct.grab(monitor)
  File "C:\Users\thitopp\AppData\Local\Python\pythoncore-3.14-64\Lib\site-packages\mss\base.py", line 312, in grab
    img_data_and_maybe_size = self._impl.grab(monitor)
  File "C:\Users\thitopp\AppData\Local\Python\pythoncore-3.14-64\Lib\site-packages\mss\windows\gdi.py", line 380, in grab
    gdi.BitBlt(memdc, 0, 0, width, height, srcdc, monitor["left"], monitor["top"], SRCCOPY | CAPTUREBLT)
    ~~~~~~~~~~^^^^^^^^^^^^^^^^^^^^^^^^^^^^^^^^^^^^^^^^^^^^^^^^^^^^^^^^^^^^^^^^^^^^^^^^^^^^^^^^^^^^^^^^^^
  File "C:\Users\thitopp\AppData\Local\Python\pythoncore-3.14-64\Lib\site-packages\mss\windows\gdi.py", line 127, in _errcheck
    raise ScreenShotError(msg, details=details)
mss.exception.ScreenShotError: Windows graphics function failed (no error provided): BitBlt
[2026-09-21 05:37:09] ERROR    worker: Worker loop error: Windows graphics function failed (no error provided): BitBlt
Traceback (most recent call last):
  File "d:\Projects\PixelClick\detection_worker.py", line 142, in _run
    frame = self._capture_frame()
  File "d:\Projects\PixelClick\detection_worker.py", line 171, in _capture_frame
    return self._capture.capture_region(r["x"], r["y"], r["width"], r["height"])
           ~~~~~~~~~~~~~~~~~~~~~~~~~~~~^^^^^^^^^^^^^^^^^^^^^^^^^^^^^^^^^^^^^^^^^
  File "d:\Projects\PixelClick\capture\screen_capture.py", line 36, in capture_region
    return self._grab_to_bgr(sct, monitor)
           ~~~~~~~~~~~~~~~~~^^^^^^^^^^^^^^
  File "d:\Projects\PixelClick\capture\screen_capture.py", line 47, in _grab_to_bgr
    raw = sct.grab(monitor)
  File "C:\Users\thitopp\AppData\Local\Python\pythoncore-3.14-64\Lib\site-packages\mss\base.py", line 312, in grab
    img_data_and_maybe_size = self._impl.grab(monitor)
  File "C:\Users\thitopp\AppData\Local\Python\pythoncore-3.14-64\Lib\site-packages\mss\windows\gdi.py", line 380, in grab
    gdi.BitBlt(memdc, 0, 0, width, height, srcdc, monitor["left"], monitor["top"], SRCCOPY | CAPTUREBLT)
    ~~~~~~~~~~^^^^^^^^^^^^^^^^^^^^^^^^^^^^^^^^^^^^^^^^^^^^^^^^^^^^^^^^^^^^^^^^^^^^^^^^^^^^^^^^^^^^^^^^^^
  File "C:\Users\thitopp\AppData\Local\Python\pythoncore-3.14-64\Lib\site-packages\mss\windows\gdi.py", line 127, in _errcheck
    raise ScreenShotError(msg, details=details)
mss.exception.ScreenShotError: Windows graphics function failed (no error provided): BitBlt
[2026-09-21 05:37:09] ERROR    worker: Worker loop error: Windows graphics function failed (no error provided): BitBlt
Traceback (most recent call last):
  File "d:\Projects\PixelClick\detection_worker.py", line 142, in _run
    frame = self._capture_frame()
  File "d:\Projects\PixelClick\detection_worker.py", line 171, in _capture_frame
    return self._capture.capture_region(r["x"], r["y"], r["width"], r["height"])
           ~~~~~~~~~~~~~~~~~~~~~~~~~~~~^^^^^^^^^^^^^^^^^^^^^^^^^^^^^^^^^^^^^^^^^
  File "d:\Projects\PixelClick\capture\screen_capture.py", line 36, in capture_region
    return self._grab_to_bgr(sct, monitor)
           ~~~~~~~~~~~~~~~~~^^^^^^^^^^^^^^
  File "d:\Projects\PixelClick\capture\screen_capture.py", line 47, in _grab_to_bgr
    raw = sct.grab(monitor)
  File "C:\Users\thitopp\AppData\Local\Python\pythoncore-3.14-64\Lib\site-packages\mss\base.py", line 312, in grab
    img_data_and_maybe_size = self._impl.grab(monitor)
  File "C:\Users\thitopp\AppData\Local\Python\pythoncore-3.14-64\Lib\site-packages\mss\windows\gdi.py", line 380, in grab
    gdi.BitBlt(memdc, 0, 0, width, height, srcdc, monitor["left"], monitor["top"], SRCCOPY | CAPTUREBLT)
    ~~~~~~~~~~^^^^^^^^^^^^^^^^^^^^^^^^^^^^^^^^^^^^^^^^^^^^^^^^^^^^^^^^^^^^^^^^^^^^^^^^^^^^^^^^^^^^^^^^^^
  File "C:\Users\thitopp\AppData\Local\Python\pythoncore-3.14-64\Lib\site-packages\mss\windows\gdi.py", line 127, in _errcheck
    raise ScreenShotError(msg, details=details)
mss.exception.ScreenShotError: Windows graphics function failed (no error provided): BitBlt
[2026-09-21 05:37:09] ERROR    worker: Worker loop error: Windows graphics function failed (no error provided): BitBlt
Traceback (most recent call last):
  File "d:\Projects\PixelClick\detection_worker.py", line 142, in _run
    frame = self._capture_frame()
  File "d:\Projects\PixelClick\detection_worker.py", line 171, in _capture_frame
    return self._capture.capture_region(r["x"], r["y"], r["width"], r["height"])
           ~~~~~~~~~~~~~~~~~~~~~~~~~~~~^^^^^^^^^^^^^^^^^^^^^^^^^^^^^^^^^^^^^^^^^
  File "d:\Projects\PixelClick\capture\screen_capture.py", line 36, in capture_region
    return self._grab_to_bgr(sct, monitor)
           ~~~~~~~~~~~~~~~~~^^^^^^^^^^^^^^
  File "d:\Projects\PixelClick\capture\screen_capture.py", line 47, in _grab_to_bgr
    raw = sct.grab(monitor)
  File "C:\Users\thitopp\AppData\Local\Python\pythoncore-3.14-64\Lib\site-packages\mss\base.py", line 312, in grab
    img_data_and_maybe_size = self._impl.grab(monitor)
  File "C:\Users\thitopp\AppData\Local\Python\pythoncore-3.14-64\Lib\site-packages\mss\windows\gdi.py", line 380, in grab
    gdi.BitBlt(memdc, 0, 0, width, height, srcdc, monitor["left"], monitor["top"], SRCCOPY | CAPTUREBLT)
    ~~~~~~~~~~^^^^^^^^^^^^^^^^^^^^^^^^^^^^^^^^^^^^^^^^^^^^^^^^^^^^^^^^^^^^^^^^^^^^^^^^^^^^^^^^^^^^^^^^^^
  File "C:\Users\thitopp\AppData\Local\Python\pythoncore-3.14-64\Lib\site-packages\mss\windows\gdi.py", line 127, in _errcheck
    raise ScreenShotError(msg, details=details)
mss.exception.ScreenShotError: Windows graphics function failed (no error provided): BitBlt
[2026-09-21 05:37:09] ERROR    worker: Worker loop error: Windows graphics function failed (no error provided): BitBlt
Traceback (most recent call last):
  File "d:\Projects\PixelClick\detection_worker.py", line 142, in _run
    frame = self._capture_frame()
  File "d:\Projects\PixelClick\detection_worker.py", line 171, in _capture_frame
    return self._capture.capture_region(r["x"], r["y"], r["width"], r["height"])
           ~~~~~~~~~~~~~~~~~~~~~~~~~~~~^^^^^^^^^^^^^^^^^^^^^^^^^^^^^^^^^^^^^^^^^
  File "d:\Projects\PixelClick\capture\screen_capture.py", line 36, in capture_region
    return self._grab_to_bgr(sct, monitor)
           ~~~~~~~~~~~~~~~~~^^^^^^^^^^^^^^
  File "d:\Projects\PixelClick\capture\screen_capture.py", line 47, in _grab_to_bgr
    raw = sct.grab(monitor)
  File "C:\Users\thitopp\AppData\Local\Python\pythoncore-3.14-64\Lib\site-packages\mss\base.py", line 312, in grab
    img_data_and_maybe_size = self._impl.grab(monitor)
  File "C:\Users\thitopp\AppData\Local\Python\pythoncore-3.14-64\Lib\site-packages\mss\windows\gdi.py", line 380, in grab
    gdi.BitBlt(memdc, 0, 0, width, height, srcdc, monitor["left"], monitor["top"], SRCCOPY | CAPTUREBLT)
    ~~~~~~~~~~^^^^^^^^^^^^^^^^^^^^^^^^^^^^^^^^^^^^^^^^^^^^^^^^^^^^^^^^^^^^^^^^^^^^^^^^^^^^^^^^^^^^^^^^^^
  File "C:\Users\thitopp\AppData\Local\Python\pythoncore-3.14-64\Lib\site-packages\mss\windows\gdi.py", line 127, in _errcheck
    raise ScreenShotError(msg, details=details)
mss.exception.ScreenShotError: Windows graphics function failed (no error provided): BitBlt
[2026-09-21 05:37:09] ERROR    worker: Worker loop error: Windows graphics function failed (no error provided): BitBlt
Traceback (most recent call last):
  File "d:\Projects\PixelClick\detection_worker.py", line 142, in _run
    frame = self._capture_frame()
  File "d:\Projects\PixelClick\detection_worker.py", line 171, in _capture_frame
    return self._capture.capture_region(r["x"], r["y"], r["width"], r["height"])
           ~~~~~~~~~~~~~~~~~~~~~~~~~~~~^^^^^^^^^^^^^^^^^^^^^^^^^^^^^^^^^^^^^^^^^
  File "d:\Projects\PixelClick\capture\screen_capture.py", line 36, in capture_region
    return self._grab_to_bgr(sct, monitor)
           ~~~~~~~~~~~~~~~~~^^^^^^^^^^^^^^
  File "d:\Projects\PixelClick\capture\screen_capture.py", line 47, in _grab_to_bgr
    raw = sct.grab(monitor)
  File "C:\Users\thitopp\AppData\Local\Python\pythoncore-3.14-64\Lib\site-packages\mss\base.py", line 312, in grab
    img_data_and_maybe_size = self._impl.grab(monitor)
  File "C:\Users\thitopp\AppData\Local\Python\pythoncore-3.14-64\Lib\site-packages\mss\windows\gdi.py", line 380, in grab
    gdi.BitBlt(memdc, 0, 0, width, height, srcdc, monitor["left"], monitor["top"], SRCCOPY | CAPTUREBLT)
    ~~~~~~~~~~^^^^^^^^^^^^^^^^^^^^^^^^^^^^^^^^^^^^^^^^^^^^^^^^^^^^^^^^^^^^^^^^^^^^^^^^^^^^^^^^^^^^^^^^^^
  File "C:\Users\thitopp\AppData\Local\Python\pythoncore-3.14-64\Lib\site-packages\mss\windows\gdi.py", line 127, in _errcheck
    raise ScreenShotError(msg, details=details)
mss.exception.ScreenShotError: Windows graphics function failed (no error provided): BitBlt
[2026-09-21 05:37:09] ERROR    worker: Worker loop error: Windows graphics function failed (no error provided): BitBlt
Traceback (most recent call last):
  File "d:\Projects\PixelClick\detection_worker.py", line 142, in _run
    frame = self._capture_frame()
  File "d:\Projects\PixelClick\detection_worker.py", line 171, in _capture_frame
    return self._capture.capture_region(r["x"], r["y"], r["width"], r["height"])
           ~~~~~~~~~~~~~~~~~~~~~~~~~~~~^^^^^^^^^^^^^^^^^^^^^^^^^^^^^^^^^^^^^^^^^
  File "d:\Projects\PixelClick\capture\screen_capture.py", line 36, in capture_region
    return self._grab_to_bgr(sct, monitor)
           ~~~~~~~~~~~~~~~~~^^^^^^^^^^^^^^
  File "d:\Projects\PixelClick\capture\screen_capture.py", line 47, in _grab_to_bgr
    raw = sct.grab(monitor)
  File "C:\Users\thitopp\AppData\Local\Python\pythoncore-3.14-64\Lib\site-packages\mss\base.py", line 312, in grab
    img_data_and_maybe_size = self._impl.grab(monitor)
  File "C:\Users\thitopp\AppData\Local\Python\pythoncore-3.14-64\Lib\site-packages\mss\windows\gdi.py", line 380, in grab
    gdi.BitBlt(memdc, 0, 0, width, height, srcdc, monitor["left"], monitor["top"], SRCCOPY | CAPTUREBLT)
    ~~~~~~~~~~^^^^^^^^^^^^^^^^^^^^^^^^^^^^^^^^^^^^^^^^^^^^^^^^^^^^^^^^^^^^^^^^^^^^^^^^^^^^^^^^^^^^^^^^^^
  File "C:\Users\thitopp\AppData\Local\Python\pythoncore-3.14-64\Lib\site-packages\mss\windows\gdi.py", line 127, in _errcheck
    raise ScreenShotError(msg, details=details)
mss.exception.ScreenShotError: Windows graphics function failed (no error provided): BitBlt
[2026-09-21 05:37:10] ERROR    worker: Worker loop error: Windows graphics function failed (no error provided): BitBlt
Traceback (most recent call last):
  File "d:\Projects\PixelClick\detection_worker.py", line 142, in _run
    frame = self._capture_frame()
  File "d:\Projects\PixelClick\detection_worker.py", line 171, in _capture_frame
    return self._capture.capture_region(r["x"], r["y"], r["width"], r["height"])
           ~~~~~~~~~~~~~~~~~~~~~~~~~~~~^^^^^^^^^^^^^^^^^^^^^^^^^^^^^^^^^^^^^^^^^
  File "d:\Projects\PixelClick\capture\screen_capture.py", line 36, in capture_region
    return self._grab_to_bgr(sct, monitor)
           ~~~~~~~~~~~~~~~~~^^^^^^^^^^^^^^
  File "d:\Projects\PixelClick\capture\screen_capture.py", line 47, in _grab_to_bgr
    raw = sct.grab(monitor)
  File "C:\Users\thitopp\AppData\Local\Python\pythoncore-3.14-64\Lib\site-packages\mss\base.py", line 312, in grab
    img_data_and_maybe_size = self._impl.grab(monitor)
  File "C:\Users\thitopp\AppData\Local\Python\pythoncore-3.14-64\Lib\site-packages\mss\windows\gdi.py", line 380, in grab
    gdi.BitBlt(memdc, 0, 0, width, height, srcdc, monitor["left"], monitor["top"], SRCCOPY | CAPTUREBLT)
    ~~~~~~~~~~^^^^^^^^^^^^^^^^^^^^^^^^^^^^^^^^^^^^^^^^^^^^^^^^^^^^^^^^^^^^^^^^^^^^^^^^^^^^^^^^^^^^^^^^^^
  File "C:\Users\thitopp\AppData\Local\Python\pythoncore-3.14-64\Lib\site-packages\mss\windows\gdi.py", line 127, in _errcheck
    raise ScreenShotError(msg, details=details)
mss.exception.ScreenShotError: Windows graphics function failed (no error provided): BitBlt
[2026-09-21 05:37:10] ERROR    worker: Worker loop error: Windows graphics function failed (no error provided): BitBlt
Traceback (most recent call last):
  File "d:\Projects\PixelClick\detection_worker.py", line 142, in _run
    frame = self._capture_frame()
  File "d:\Projects\PixelClick\detection_worker.py", line 171, in _capture_frame
    return self._capture.capture_region(r["x"], r["y"], r["width"], r["height"])
           ~~~~~~~~~~~~~~~~~~~~~~~~~~~~^^^^^^^^^^^^^^^^^^^^^^^^^^^^^^^^^^^^^^^^^
  File "d:\Projects\PixelClick\capture\screen_capture.py", line 36, in capture_region
    return self._grab_to_bgr(sct, monitor)
           ~~~~~~~~~~~~~~~~~^^^^^^^^^^^^^^
  File "d:\Projects\PixelClick\capture\screen_capture.py", line 47, in _grab_to_bgr
    raw = sct.grab(monitor)
  File "C:\Users\thitopp\AppData\Local\Python\pythoncore-3.14-64\Lib\site-packages\mss\base.py", line 312, in grab
    img_data_and_maybe_size = self._impl.grab(monitor)
  File "C:\Users\thitopp\AppData\Local\Python\pythoncore-3.14-64\Lib\site-packages\mss\windows\gdi.py", line 380, in grab
    gdi.BitBlt(memdc, 0, 0, width, height, srcdc, monitor["left"], monitor["top"], SRCCOPY | CAPTUREBLT)
    ~~~~~~~~~~^^^^^^^^^^^^^^^^^^^^^^^^^^^^^^^^^^^^^^^^^^^^^^^^^^^^^^^^^^^^^^^^^^^^^^^^^^^^^^^^^^^^^^^^^^
  File "C:\Users\thitopp\AppData\Local\Python\pythoncore-3.14-64\Lib\site-packages\mss\windows\gdi.py", line 127, in _errcheck
    raise ScreenShotError(msg, details=details)
mss.exception.ScreenShotError: Windows graphics function failed (no error provided): BitBlt
[2026-09-21 05:37:10] INFO     worker: Detection worker stopped.
[2026-09-21 05:37:10] INFO     main_window: Detection stopped.
[2026-09-21 05:37:43] INFO     main: PixelClick starting…
[2026-09-21 05:37:44] INFO     main_window: Global hotkeys registered.
[2026-09-21 05:37:44] INFO     main_window: MainWindow initialized.
[2026-09-21 05:38:06] INFO     main_window: Global hotkeys registered.
[2026-09-21 05:38:06] INFO     main_window: MainWindow initialized.
[2026-09-21 05:39:55] INFO     main: PixelClick starting…
[2026-09-21 05:39:55] INFO     main_window: Global hotkeys registered.
[2026-09-21 05:39:55] INFO     main_window: MainWindow initialized.
[2026-09-21 05:40:09] INFO     main: PixelClick starting…
[2026-09-21 05:40:09] INFO     main_window: Global hotkeys registered.
[2026-09-21 05:40:09] INFO     main_window: MainWindow initialized.
[2026-09-21 05:40:13] INFO     main_window: Template selected: D:/Projects/PixelClick/img_test/imgtest.jpg
[2026-09-21 05:40:17] INFO     template_match: Template loaded: D:\Projects\PixelClick\img_test\imgtest.jpg  (938×1136)
[2026-09-21 05:40:17] INFO     worker: Detection worker started.
[2026-09-21 05:40:17] INFO     main_window: Detection started.
[2026-09-21 05:40:17] WARNING  template_match: Template is larger than the capture region.
[2026-09-21 05:40:17] WARNING  template_match: Template is larger than the capture region.
[2026-09-21 05:40:17] WARNING  template_match: Template is larger than the capture region.
[2026-09-21 05:40:18] WARNING  template_match: Template is larger than the capture region.
[2026-09-21 05:40:18] WARNING  template_match: Template is larger than the capture region.
[2026-09-21 05:40:18] WARNING  template_match: Template is larger than the capture region.
[2026-09-21 05:40:18] WARNING  template_match: Template is larger than the capture region.
[2026-09-21 05:40:18] WARNING  template_match: Template is larger than the capture region.
[2026-09-21 05:40:18] WARNING  template_match: Template is larger than the capture region.
[2026-09-21 05:40:18] WARNING  template_match: Template is larger than the capture region.
[2026-09-21 05:40:18] WARNING  template_match: Template is larger than the capture region.
[2026-09-21 05:40:18] WARNING  template_match: Template is larger than the capture region.
[2026-09-21 05:40:18] WARNING  template_match: Template is larger than the capture region.
[2026-09-21 05:40:18] WARNING  template_match: Template is larger than the capture region.
[2026-09-21 05:40:18] WARNING  template_match: Template is larger than the capture region.
[2026-09-21 05:40:18] WARNING  template_match: Template is larger than the capture region.
[2026-09-21 05:40:18] WARNING  template_match: Template is larger than the capture region.
[2026-09-21 05:40:18] WARNING  template_match: Template is larger than the capture region.
[2026-09-21 05:40:18] WARNING  template_match: Template is larger than the capture region.
[2026-09-21 05:40:18] WARNING  template_match: Template is larger than the capture region.
[2026-09-21 05:40:18] WARNING  template_match: Template is larger than the capture region.
[2026-09-21 05:40:18] WARNING  template_match: Template is larger than the capture region.
[2026-09-21 05:40:19] WARNING  template_match: Template is larger than the capture region.
[2026-09-21 05:40:19] WARNING  template_match: Template is larger than the capture region.
[2026-09-21 05:40:19] WARNING  template_match: Template is larger than the capture region.
[2026-09-21 05:40:19] WARNING  template_match: Template is larger than the capture region.
[2026-09-21 05:40:19] WARNING  template_match: Template is larger than the capture region.
[2026-09-21 05:40:19] WARNING  template_match: Template is larger than the capture region.
[2026-09-21 05:40:19] WARNING  template_match: Template is larger than the capture region.
[2026-09-21 05:40:19] WARNING  template_match: Template is larger than the capture region.
[2026-09-21 05:40:19] WARNING  template_match: Template is larger than the capture region.
[2026-09-21 05:40:19] WARNING  template_match: Template is larger than the capture region.
[2026-09-21 05:40:19] WARNING  template_match: Template is larger than the capture region.
[2026-09-21 05:40:19] WARNING  template_match: Template is larger than the capture region.
[2026-09-21 05:40:19] WARNING  template_match: Template is larger than the capture region.
[2026-09-21 05:40:19] WARNING  template_match: Template is larger than the capture region.
[2026-09-21 05:40:19] WARNING  template_match: Template is larger than the capture region.
[2026-09-21 05:40:19] WARNING  template_match: Template is larger than the capture region.
[2026-09-21 05:40:19] WARNING  template_match: Template is larger than the capture region.
[2026-09-21 05:40:19] WARNING  template_match: Template is larger than the capture region.
[2026-09-21 05:40:19] WARNING  template_match: Template is larger than the capture region.
[2026-09-21 05:40:19] WARNING  template_match: Template is larger than the capture region.
[2026-09-21 05:40:20] WARNING  template_match: Template is larger than the capture region.
[2026-09-21 05:40:20] WARNING  template_match: Template is larger than the capture region.
[2026-09-21 05:40:20] WARNING  template_match: Template is larger than the capture region.
[2026-09-21 05:40:20] WARNING  template_match: Template is larger than the capture region.
[2026-09-21 05:40:20] WARNING  template_match: Template is larger than the capture region.
[2026-09-21 05:40:20] WARNING  template_match: Template is larger than the capture region.
[2026-09-21 05:40:20] WARNING  template_match: Template is larger than the capture region.
[2026-09-21 05:40:20] WARNING  template_match: Template is larger than the capture region.
[2026-09-21 05:40:20] WARNING  template_match: Template is larger than the capture region.
[2026-09-21 05:40:20] WARNING  template_match: Template is larger than the capture region.
[2026-09-21 05:40:20] WARNING  template_match: Template is larger than the capture region.
[2026-09-21 05:40:20] WARNING  template_match: Template is larger than the capture region.
[2026-09-21 05:40:20] WARNING  template_match: Template is larger than the capture region.
[2026-09-21 05:40:20] WARNING  template_match: Template is larger than the capture region.
[2026-09-21 05:40:20] WARNING  template_match: Template is larger than the capture region.
[2026-09-21 05:40:20] WARNING  template_match: Template is larger than the capture region.
[2026-09-21 05:40:20] WARNING  template_match: Template is larger than the capture region.
[2026-09-21 05:40:20] WARNING  template_match: Template is larger than the capture region.
[2026-09-21 05:40:20] WARNING  template_match: Template is larger than the capture region.
[2026-09-21 05:40:20] WARNING  template_match: Template is larger than the capture region.
[2026-09-21 05:40:21] WARNING  template_match: Template is larger than the capture region.
[2026-09-21 05:40:21] WARNING  template_match: Template is larger than the capture region.
[2026-09-21 05:40:21] WARNING  template_match: Template is larger than the capture region.
[2026-09-21 05:40:21] WARNING  template_match: Template is larger than the capture region.
[2026-09-21 05:40:21] WARNING  template_match: Template is larger than the capture region.
[2026-09-21 05:40:21] WARNING  template_match: Template is larger than the capture region.
[2026-09-21 05:40:21] WARNING  template_match: Template is larger than the capture region.
[2026-09-21 05:40:21] WARNING  template_match: Template is larger than the capture region.
[2026-09-21 05:40:21] WARNING  template_match: Template is larger than the capture region.
[2026-09-21 05:40:21] WARNING  template_match: Template is larger than the capture region.
[2026-09-21 05:40:21] WARNING  template_match: Template is larger than the capture region.
[2026-09-21 05:40:21] WARNING  template_match: Template is larger than the capture region.
[2026-09-21 05:40:21] WARNING  template_match: Template is larger than the capture region.
[2026-09-21 05:40:21] WARNING  template_match: Template is larger than the capture region.
[2026-09-21 05:40:21] WARNING  template_match: Template is larger than the capture region.
[2026-09-21 05:40:21] WARNING  template_match: Template is larger than the capture region.
[2026-09-21 05:40:21] WARNING  template_match: Template is larger than the capture region.
[2026-09-21 05:40:21] WARNING  template_match: Template is larger than the capture region.
[2026-09-21 05:40:21] WARNING  template_match: Template is larger than the capture region.
[2026-09-21 05:40:21] WARNING  template_match: Template is larger than the capture region.
[2026-09-21 05:40:22] WARNING  template_match: Template is larger than the capture region.
[2026-09-21 05:40:22] WARNING  template_match: Template is larger than the capture region.
[2026-09-21 05:40:22] WARNING  template_match: Template is larger than the capture region.
[2026-09-21 05:40:22] WARNING  template_match: Template is larger than the capture region.
[2026-09-21 05:40:22] WARNING  template_match: Template is larger than the capture region.
[2026-09-21 05:40:22] WARNING  template_match: Template is larger than the capture region.
[2026-09-21 05:40:22] WARNING  template_match: Template is larger than the capture region.
[2026-09-21 05:40:22] WARNING  template_match: Template is larger than the capture region.
[2026-09-21 05:40:22] WARNING  template_match: Template is larger than the capture region.
[2026-09-21 05:40:22] WARNING  template_match: Template is larger than the capture region.
[2026-09-21 05:40:22] WARNING  template_match: Template is larger than the capture region.
[2026-09-21 05:40:22] WARNING  template_match: Template is larger than the capture region.
[2026-09-21 05:40:22] WARNING  template_match: Template is larger than the capture region.
[2026-09-21 05:40:22] WARNING  template_match: Template is larger than the capture region.
[2026-09-21 05:40:22] WARNING  template_match: Template is larger than the capture region.
[2026-09-21 05:40:22] WARNING  template_match: Template is larger than the capture region.
[2026-09-21 05:40:22] WARNING  template_match: Template is larger than the capture region.
[2026-09-21 05:40:22] WARNING  template_match: Template is larger than the capture region.
[2026-09-21 05:40:22] WARNING  template_match: Template is larger than the capture region.
[2026-09-21 05:40:23] WARNING  template_match: Template is larger than the capture region.
[2026-09-21 05:40:23] WARNING  template_match: Template is larger than the capture region.
[2026-09-21 05:40:23] WARNING  template_match: Template is larger than the capture region.
[2026-09-21 05:40:23] WARNING  template_match: Template is larger than the capture region.
[2026-09-21 05:40:23] WARNING  template_match: Template is larger than the capture region.
[2026-09-21 05:40:23] WARNING  template_match: Template is larger than the capture region.
[2026-09-21 05:40:23] WARNING  template_match: Template is larger than the capture region.
[2026-09-21 05:40:23] WARNING  template_match: Template is larger than the capture region.
[2026-09-21 05:40:23] WARNING  template_match: Template is larger than the capture region.
[2026-09-21 05:40:23] WARNING  template_match: Template is larger than the capture region.
[2026-09-21 05:40:23] WARNING  template_match: Template is larger than the capture region.
[2026-09-21 05:40:23] WARNING  template_match: Template is larger than the capture region.
[2026-09-21 05:40:23] WARNING  template_match: Template is larger than the capture region.
[2026-09-21 05:40:23] WARNING  template_match: Template is larger than the capture region.
[2026-09-21 05:40:23] WARNING  template_match: Template is larger than the capture region.
[2026-09-21 05:40:23] WARNING  template_match: Template is larger than the capture region.
[2026-09-21 05:40:23] WARNING  template_match: Template is larger than the capture region.
[2026-09-21 05:40:23] WARNING  template_match: Template is larger than the capture region.
[2026-09-21 05:40:23] WARNING  template_match: Template is larger than the capture region.
[2026-09-21 05:40:23] WARNING  template_match: Template is larger than the capture region.
[2026-09-21 05:40:24] WARNING  template_match: Template is larger than the capture region.
[2026-09-21 05:40:24] WARNING  template_match: Template is larger than the capture region.
[2026-09-21 05:40:24] WARNING  template_match: Template is larger than the capture region.
[2026-09-21 05:40:24] WARNING  template_match: Template is larger than the capture region.
[2026-09-21 05:40:24] WARNING  template_match: Template is larger than the capture region.
[2026-09-21 05:40:24] WARNING  template_match: Template is larger than the capture region.
[2026-09-21 05:40:24] WARNING  template_match: Template is larger than the capture region.
[2026-09-21 05:40:24] WARNING  template_match: Template is larger than the capture region.
[2026-09-21 05:40:24] WARNING  template_match: Template is larger than the capture region.
[2026-09-21 05:40:24] WARNING  template_match: Template is larger than the capture region.
[2026-09-21 05:40:24] WARNING  template_match: Template is larger than the capture region.
[2026-09-21 05:40:24] WARNING  template_match: Template is larger than the capture region.
[2026-09-21 05:40:24] WARNING  template_match: Template is larger than the capture region.
[2026-09-21 05:40:24] WARNING  template_match: Template is larger than the capture region.
[2026-09-21 05:40:24] WARNING  template_match: Template is larger than the capture region.
[2026-09-21 05:40:24] WARNING  template_match: Template is larger than the capture region.
[2026-09-21 05:40:24] WARNING  template_match: Template is larger than the capture region.
[2026-09-21 05:40:24] WARNING  template_match: Template is larger than the capture region.
[2026-09-21 05:40:24] WARNING  template_match: Template is larger than the capture region.
[2026-09-21 05:40:24] WARNING  template_match: Template is larger than the capture region.
[2026-09-21 05:40:25] WARNING  template_match: Template is larger than the capture region.
[2026-09-21 05:40:25] WARNING  template_match: Template is larger than the capture region.
[2026-09-21 05:40:25] WARNING  template_match: Template is larger than the capture region.
[2026-09-21 05:40:25] WARNING  template_match: Template is larger than the capture region.
[2026-09-21 05:40:25] WARNING  template_match: Template is larger than the capture region.
[2026-09-21 05:40:25] WARNING  template_match: Template is larger than the capture region.
[2026-09-21 05:40:25] WARNING  template_match: Template is larger than the capture region.
[2026-09-21 05:40:25] WARNING  template_match: Template is larger than the capture region.
[2026-09-21 05:40:25] WARNING  template_match: Template is larger than the capture region.
[2026-09-21 05:40:25] WARNING  template_match: Template is larger than the capture region.
[2026-09-21 05:40:25] WARNING  template_match: Template is larger than the capture region.
[2026-09-21 05:40:25] WARNING  template_match: Template is larger than the capture region.
[2026-09-21 05:40:25] WARNING  template_match: Template is larger than the capture region.
[2026-09-21 05:40:25] WARNING  template_match: Template is larger than the capture region.
[2026-09-21 05:40:25] WARNING  template_match: Template is larger than the capture region.
[2026-09-21 05:40:25] WARNING  template_match: Template is larger than the capture region.
[2026-09-21 05:40:25] WARNING  template_match: Template is larger than the capture region.
[2026-09-21 05:40:25] WARNING  template_match: Template is larger than the capture region.
[2026-09-21 05:40:25] WARNING  template_match: Template is larger than the capture region.
[2026-09-21 05:40:25] WARNING  template_match: Template is larger than the capture region.
[2026-09-21 05:40:26] WARNING  template_match: Template is larger than the capture region.
[2026-09-21 05:40:26] WARNING  template_match: Template is larger than the capture region.
[2026-09-21 05:40:26] WARNING  template_match: Template is larger than the capture region.
[2026-09-21 05:40:26] WARNING  template_match: Template is larger than the capture region.
[2026-09-21 05:40:26] WARNING  template_match: Template is larger than the capture region.
[2026-09-21 05:40:26] WARNING  template_match: Template is larger than the capture region.
[2026-09-21 05:40:26] WARNING  template_match: Template is larger than the capture region.
[2026-09-21 05:40:26] WARNING  template_match: Template is larger than the capture region.
[2026-09-21 05:40:26] WARNING  template_match: Template is larger than the capture region.
[2026-09-21 05:40:26] WARNING  template_match: Template is larger than the capture region.
[2026-09-21 05:40:26] WARNING  template_match: Template is larger than the capture region.
[2026-09-21 05:40:26] WARNING  template_match: Template is larger than the capture region.
[2026-09-21 05:40:26] WARNING  template_match: Template is larger than the capture region.
[2026-09-21 05:40:26] WARNING  template_match: Template is larger than the capture region.
[2026-09-21 05:40:26] WARNING  template_match: Template is larger than the capture region.
[2026-09-21 05:40:26] WARNING  template_match: Template is larger than the capture region.
[2026-09-21 05:40:26] WARNING  template_match: Template is larger than the capture region.
[2026-09-21 05:40:26] WARNING  template_match: Template is larger than the capture region.
[2026-09-21 05:40:26] WARNING  template_match: Template is larger than the capture region.
[2026-09-21 05:40:26] WARNING  template_match: Template is larger than the capture region.
[2026-09-21 05:40:27] WARNING  template_match: Template is larger than the capture region.
[2026-09-21 05:40:27] WARNING  template_match: Template is larger than the capture region.
[2026-09-21 05:40:27] WARNING  template_match: Template is larger than the capture region.
[2026-09-21 05:40:27] WARNING  template_match: Template is larger than the capture region.
[2026-09-21 05:40:27] WARNING  template_match: Template is larger than the capture region.
[2026-09-21 05:40:27] WARNING  template_match: Template is larger than the capture region.
[2026-09-21 05:40:27] WARNING  template_match: Template is larger than the capture region.
[2026-09-21 05:40:27] WARNING  template_match: Template is larger than the capture region.
[2026-09-21 05:40:27] WARNING  template_match: Template is larger than the capture region.
[2026-09-21 05:40:27] WARNING  template_match: Template is larger than the capture region.
[2026-09-21 05:40:27] WARNING  template_match: Template is larger than the capture region.
[2026-09-21 05:40:27] WARNING  template_match: Template is larger than the capture region.
[2026-09-21 05:40:27] WARNING  template_match: Template is larger than the capture region.
[2026-09-21 05:40:27] WARNING  template_match: Template is larger than the capture region.
[2026-09-21 05:40:27] WARNING  template_match: Template is larger than the capture region.
[2026-09-21 05:40:27] WARNING  template_match: Template is larger than the capture region.
[2026-09-21 05:40:27] WARNING  template_match: Template is larger than the capture region.
[2026-09-21 05:40:27] WARNING  template_match: Template is larger than the capture region.
[2026-09-21 05:40:27] WARNING  template_match: Template is larger than the capture region.
[2026-09-21 05:40:27] WARNING  template_match: Template is larger than the capture region.
[2026-09-21 05:40:28] WARNING  template_match: Template is larger than the capture region.
[2026-09-21 05:40:28] WARNING  template_match: Template is larger than the capture region.
[2026-09-21 05:40:28] WARNING  template_match: Template is larger than the capture region.
[2026-09-21 05:40:28] WARNING  template_match: Template is larger than the capture region.
[2026-09-21 05:40:28] WARNING  template_match: Template is larger than the capture region.
[2026-09-21 05:40:28] WARNING  template_match: Template is larger than the capture region.
[2026-09-21 05:40:28] WARNING  template_match: Template is larger than the capture region.
[2026-09-21 05:40:28] WARNING  template_match: Template is larger than the capture region.
[2026-09-21 05:40:28] WARNING  template_match: Template is larger than the capture region.
[2026-09-21 05:40:28] WARNING  template_match: Template is larger than the capture region.
[2026-09-21 05:40:28] WARNING  template_match: Template is larger than the capture region.
[2026-09-21 05:40:28] WARNING  template_match: Template is larger than the capture region.
[2026-09-21 05:40:28] WARNING  template_match: Template is larger than the capture region.
[2026-09-21 05:40:28] WARNING  template_match: Template is larger than the capture region.
[2026-09-21 05:40:28] WARNING  template_match: Template is larger than the capture region.
[2026-09-21 05:40:28] WARNING  template_match: Template is larger than the capture region.
[2026-09-21 05:40:28] WARNING  template_match: Template is larger than the capture region.
[2026-09-21 05:40:28] WARNING  template_match: Template is larger than the capture region.
[2026-09-21 05:40:28] WARNING  template_match: Template is larger than the capture region.
[2026-09-21 05:40:28] WARNING  template_match: Template is larger than the capture region.
[2026-09-21 05:40:29] WARNING  template_match: Template is larger than the capture region.
[2026-09-21 05:40:29] WARNING  template_match: Template is larger than the capture region.
[2026-09-21 05:40:29] WARNING  template_match: Template is larger than the capture region.
[2026-09-21 05:40:29] WARNING  template_match: Template is larger than the capture region.
[2026-09-21 05:40:29] WARNING  template_match: Template is larger than the capture region.
[2026-09-21 05:40:29] WARNING  template_match: Template is larger than the capture region.
[2026-09-21 05:40:29] WARNING  template_match: Template is larger than the capture region.
[2026-09-21 05:40:29] WARNING  template_match: Template is larger than the capture region.
[2026-09-21 05:40:29] WARNING  template_match: Template is larger than the capture region.
[2026-09-21 05:40:29] WARNING  template_match: Template is larger than the capture region.
[2026-09-21 05:40:29] WARNING  template_match: Template is larger than the capture region.
[2026-09-21 05:40:29] WARNING  template_match: Template is larger than the capture region.
[2026-09-21 05:40:29] WARNING  template_match: Template is larger than the capture region.
[2026-09-21 05:40:29] WARNING  template_match: Template is larger than the capture region.
[2026-09-21 05:40:29] WARNING  template_match: Template is larger than the capture region.
[2026-09-21 05:40:29] WARNING  template_match: Template is larger than the capture region.
[2026-09-21 05:40:29] WARNING  template_match: Template is larger than the capture region.
[2026-09-21 05:40:29] WARNING  template_match: Template is larger than the capture region.
[2026-09-21 05:40:29] WARNING  template_match: Template is larger than the capture region.
[2026-09-21 05:40:29] WARNING  template_match: Template is larger than the capture region.
[2026-09-21 05:40:30] WARNING  template_match: Template is larger than the capture region.
[2026-09-21 05:40:30] WARNING  template_match: Template is larger than the capture region.
[2026-09-21 05:40:30] WARNING  template_match: Template is larger than the capture region.
[2026-09-21 05:40:30] WARNING  template_match: Template is larger than the capture region.
[2026-09-21 05:40:30] WARNING  template_match: Template is larger than the capture region.
[2026-09-21 05:40:30] WARNING  template_match: Template is larger than the capture region.
[2026-09-21 05:40:30] WARNING  template_match: Template is larger than the capture region.
[2026-09-21 05:40:30] WARNING  template_match: Template is larger than the capture region.
[2026-09-21 05:40:30] WARNING  template_match: Template is larger than the capture region.
[2026-09-21 05:40:30] WARNING  template_match: Template is larger than the capture region.
[2026-09-21 05:40:30] WARNING  template_match: Template is larger than the capture region.
[2026-09-21 05:40:30] WARNING  template_match: Template is larger than the capture region.
[2026-09-21 05:40:30] WARNING  template_match: Template is larger than the capture region.
[2026-09-21 05:40:30] WARNING  template_match: Template is larger than the capture region.
[2026-09-21 05:40:30] WARNING  template_match: Template is larger than the capture region.
[2026-09-21 05:40:30] WARNING  template_match: Template is larger than the capture region.
[2026-09-21 05:40:30] WARNING  template_match: Template is larger than the capture region.
[2026-09-21 05:40:30] WARNING  template_match: Template is larger than the capture region.
[2026-09-21 05:40:30] WARNING  template_match: Template is larger than the capture region.
[2026-09-21 05:40:30] WARNING  template_match: Template is larger than the capture region.
[2026-09-21 05:40:31] WARNING  template_match: Template is larger than the capture region.
[2026-09-21 05:40:31] WARNING  template_match: Template is larger than the capture region.
[2026-09-21 05:40:31] WARNING  template_match: Template is larger than the capture region.
[2026-09-21 05:40:31] WARNING  template_match: Template is larger than the capture region.
[2026-09-21 05:40:31] WARNING  template_match: Template is larger than the capture region.
[2026-09-21 05:40:31] WARNING  template_match: Template is larger than the capture region.
[2026-09-21 05:40:31] WARNING  template_match: Template is larger than the capture region.
[2026-09-21 05:40:31] WARNING  template_match: Template is larger than the capture region.
[2026-09-21 05:40:31] WARNING  template_match: Template is larger than the capture region.
[2026-09-21 05:40:31] WARNING  template_match: Template is larger than the capture region.
[2026-09-21 05:40:31] WARNING  template_match: Template is larger than the capture region.
[2026-09-21 05:40:31] WARNING  template_match: Template is larger than the capture region.
[2026-09-21 05:40:31] WARNING  template_match: Template is larger than the capture region.
[2026-09-21 05:40:31] WARNING  template_match: Template is larger than the capture region.
[2026-09-21 05:40:31] WARNING  template_match: Template is larger than the capture region.
[2026-09-21 05:40:31] WARNING  template_match: Template is larger than the capture region.
[2026-09-21 05:40:31] WARNING  template_match: Template is larger than the capture region.
[2026-09-21 05:40:31] WARNING  template_match: Template is larger than the capture region.
[2026-09-21 05:40:31] WARNING  template_match: Template is larger than the capture region.
[2026-09-21 05:40:32] WARNING  template_match: Template is larger than the capture region.
[2026-09-21 05:40:32] WARNING  template_match: Template is larger than the capture region.
[2026-09-21 05:40:32] WARNING  template_match: Template is larger than the capture region.
[2026-09-21 05:40:32] WARNING  template_match: Template is larger than the capture region.
[2026-09-21 05:40:32] WARNING  template_match: Template is larger than the capture region.
[2026-09-21 05:40:32] WARNING  template_match: Template is larger than the capture region.
[2026-09-21 05:40:32] WARNING  template_match: Template is larger than the capture region.
[2026-09-21 05:40:32] WARNING  template_match: Template is larger than the capture region.
[2026-09-21 05:40:32] WARNING  template_match: Template is larger than the capture region.
[2026-09-21 05:40:32] WARNING  template_match: Template is larger than the capture region.
[2026-09-21 05:40:32] WARNING  template_match: Template is larger than the capture region.
[2026-09-21 05:40:32] WARNING  template_match: Template is larger than the capture region.
[2026-09-21 05:40:32] WARNING  template_match: Template is larger than the capture region.
[2026-09-21 05:40:32] WARNING  template_match: Template is larger than the capture region.
[2026-09-21 05:40:32] WARNING  template_match: Template is larger than the capture region.
[2026-09-21 05:40:32] WARNING  template_match: Template is larger than the capture region.
[2026-09-21 05:40:32] WARNING  template_match: Template is larger than the capture region.
[2026-09-21 05:40:32] WARNING  template_match: Template is larger than the capture region.
[2026-09-21 05:40:32] WARNING  template_match: Template is larger than the capture region.
[2026-09-21 05:40:33] WARNING  template_match: Template is larger than the capture region.
[2026-09-21 05:40:33] WARNING  template_match: Template is larger than the capture region.
[2026-09-21 05:40:33] WARNING  template_match: Template is larger than the capture region.
[2026-09-21 05:40:33] WARNING  template_match: Template is larger than the capture region.
[2026-09-21 05:40:33] WARNING  template_match: Template is larger than the capture region.
[2026-09-21 05:40:33] WARNING  template_match: Template is larger than the capture region.
[2026-09-21 05:40:33] WARNING  template_match: Template is larger than the capture region.
[2026-09-21 05:40:33] WARNING  template_match: Template is larger than the capture region.
[2026-09-21 05:40:33] WARNING  template_match: Template is larger than the capture region.
[2026-09-21 05:40:33] WARNING  template_match: Template is larger than the capture region.
[2026-09-21 05:40:33] WARNING  template_match: Template is larger than the capture region.
[2026-09-21 05:40:33] WARNING  template_match: Template is larger than the capture region.
[2026-09-21 05:40:33] WARNING  template_match: Template is larger than the capture region.
[2026-09-21 05:40:33] WARNING  template_match: Template is larger than the capture region.
[2026-09-21 05:40:33] WARNING  template_match: Template is larger than the capture region.
[2026-09-21 05:40:33] WARNING  template_match: Template is larger than the capture region.
[2026-09-21 05:40:33] WARNING  template_match: Template is larger than the capture region.
[2026-09-21 05:40:33] WARNING  template_match: Template is larger than the capture region.
[2026-09-21 05:40:33] WARNING  template_match: Template is larger than the capture region.
[2026-09-21 05:40:33] WARNING  template_match: Template is larger than the capture region.
[2026-09-21 05:40:34] WARNING  template_match: Template is larger than the capture region.
[2026-09-21 05:40:34] WARNING  template_match: Template is larger than the capture region.
[2026-09-21 05:40:34] WARNING  template_match: Template is larger than the capture region.
[2026-09-21 05:40:34] WARNING  template_match: Template is larger than the capture region.
[2026-09-21 05:40:34] WARNING  template_match: Template is larger than the capture region.
[2026-09-21 05:40:34] WARNING  template_match: Template is larger than the capture region.
[2026-09-21 05:40:34] WARNING  template_match: Template is larger than the capture region.
[2026-09-21 05:40:34] WARNING  template_match: Template is larger than the capture region.
[2026-09-21 05:40:34] WARNING  template_match: Template is larger than the capture region.
[2026-09-21 05:40:34] WARNING  template_match: Template is larger than the capture region.
[2026-09-21 05:40:34] WARNING  template_match: Template is larger than the capture region.
[2026-09-21 05:40:34] WARNING  template_match: Template is larger than the capture region.
[2026-09-21 05:40:34] WARNING  template_match: Template is larger than the capture region.
[2026-09-21 05:40:34] WARNING  template_match: Template is larger than the capture region.
[2026-09-21 05:40:34] WARNING  template_match: Template is larger than the capture region.
[2026-09-21 05:40:34] WARNING  template_match: Template is larger than the capture region.
[2026-09-21 05:40:34] WARNING  template_match: Template is larger than the capture region.
[2026-09-21 05:40:34] WARNING  template_match: Template is larger than the capture region.
[2026-09-21 05:40:34] WARNING  template_match: Template is larger than the capture region.
[2026-09-21 05:40:34] WARNING  template_match: Template is larger than the capture region.
[2026-09-21 05:40:35] WARNING  template_match: Template is larger than the capture region.
[2026-09-21 05:40:35] WARNING  template_match: Template is larger than the capture region.
[2026-09-21 05:40:35] WARNING  template_match: Template is larger than the capture region.
[2026-09-21 05:40:35] WARNING  template_match: Template is larger than the capture region.
[2026-09-21 05:40:35] WARNING  template_match: Template is larger than the capture region.
[2026-09-21 05:40:35] WARNING  template_match: Template is larger than the capture region.
[2026-09-21 05:40:35] WARNING  template_match: Template is larger than the capture region.
[2026-09-21 05:40:35] WARNING  template_match: Template is larger than the capture region.
[2026-09-21 05:40:35] WARNING  template_match: Template is larger than the capture region.
[2026-09-21 05:40:35] WARNING  template_match: Template is larger than the capture region.
[2026-09-21 05:40:35] WARNING  template_match: Template is larger than the capture region.
[2026-09-21 05:40:35] WARNING  template_match: Template is larger than the capture region.
[2026-09-21 05:40:35] WARNING  template_match: Template is larger than the capture region.
[2026-09-21 05:40:35] WARNING  template_match: Template is larger than the capture region.
[2026-09-21 05:40:35] WARNING  template_match: Template is larger than the capture region.
[2026-09-21 05:40:35] WARNING  template_match: Template is larger than the capture region.
[2026-09-21 05:40:35] WARNING  template_match: Template is larger than the capture region.
[2026-09-21 05:40:35] WARNING  template_match: Template is larger than the capture region.
[2026-09-21 05:40:35] WARNING  template_match: Template is larger than the capture region.
[2026-09-21 05:40:35] WARNING  template_match: Template is larger than the capture region.
[2026-09-21 05:40:36] WARNING  template_match: Template is larger than the capture region.
[2026-09-21 05:40:36] WARNING  template_match: Template is larger than the capture region.
[2026-09-21 05:40:36] WARNING  template_match: Template is larger than the capture region.
[2026-09-21 05:40:36] WARNING  template_match: Template is larger than the capture region.
[2026-09-21 05:40:36] WARNING  template_match: Template is larger than the capture region.
[2026-09-21 05:40:36] WARNING  template_match: Template is larger than the capture region.
[2026-09-21 05:40:36] WARNING  template_match: Template is larger than the capture region.
[2026-09-21 05:40:36] WARNING  template_match: Template is larger than the capture region.
[2026-09-21 05:40:36] WARNING  template_match: Template is larger than the capture region.
[2026-09-21 05:40:36] WARNING  template_match: Template is larger than the capture region.
[2026-09-21 05:40:36] WARNING  template_match: Template is larger than the capture region.
[2026-09-21 05:40:36] WARNING  template_match: Template is larger than the capture region.
[2026-09-21 05:40:36] WARNING  template_match: Template is larger than the capture region.
[2026-09-21 05:40:36] WARNING  template_match: Template is larger than the capture region.
[2026-09-21 05:40:36] WARNING  template_match: Template is larger than the capture region.
[2026-09-21 05:40:36] WARNING  template_match: Template is larger than the capture region.
[2026-09-21 05:40:36] WARNING  template_match: Template is larger than the capture region.
[2026-09-21 05:40:36] WARNING  template_match: Template is larger than the capture region.
[2026-09-21 05:40:36] WARNING  template_match: Template is larger than the capture region.
[2026-09-21 05:40:36] WARNING  template_match: Template is larger than the capture region.
[2026-09-21 05:40:37] WARNING  template_match: Template is larger than the capture region.
[2026-09-21 05:40:37] WARNING  template_match: Template is larger than the capture region.
[2026-09-21 05:40:37] WARNING  template_match: Template is larger than the capture region.
[2026-09-21 05:40:37] WARNING  template_match: Template is larger than the capture region.
[2026-09-21 05:40:37] WARNING  template_match: Template is larger than the capture region.
[2026-09-21 05:40:37] WARNING  template_match: Template is larger than the capture region.
[2026-09-21 05:40:37] WARNING  template_match: Template is larger than the capture region.
[2026-09-21 05:40:37] WARNING  template_match: Template is larger than the capture region.
[2026-09-21 05:40:37] WARNING  template_match: Template is larger than the capture region.
[2026-09-21 05:40:37] WARNING  template_match: Template is larger than the capture region.
[2026-09-21 05:40:37] WARNING  template_match: Template is larger than the capture region.
[2026-09-21 05:40:37] WARNING  template_match: Template is larger than the capture region.
[2026-09-21 05:40:37] WARNING  template_match: Template is larger than the capture region.
[2026-09-21 05:40:37] WARNING  template_match: Template is larger than the capture region.
[2026-09-21 05:40:37] WARNING  template_match: Template is larger than the capture region.
[2026-09-21 05:40:37] WARNING  template_match: Template is larger than the capture region.
[2026-09-21 05:40:37] WARNING  template_match: Template is larger than the capture region.
[2026-09-21 05:40:37] WARNING  template_match: Template is larger than the capture region.
[2026-09-21 05:40:37] WARNING  template_match: Template is larger than the capture region.
[2026-09-21 05:40:37] WARNING  template_match: Template is larger than the capture region.
[2026-09-21 05:40:38] WARNING  template_match: Template is larger than the capture region.
[2026-09-21 05:40:38] WARNING  template_match: Template is larger than the capture region.
[2026-09-21 05:40:38] WARNING  template_match: Template is larger than the capture region.
[2026-09-21 05:40:38] WARNING  template_match: Template is larger than the capture region.
[2026-09-21 05:40:38] WARNING  template_match: Template is larger than the capture region.
[2026-09-21 05:40:38] WARNING  template_match: Template is larger than the capture region.
[2026-09-21 05:40:38] WARNING  template_match: Template is larger than the capture region.
[2026-09-21 05:40:38] WARNING  template_match: Template is larger than the capture region.
[2026-09-21 05:40:38] WARNING  template_match: Template is larger than the capture region.
[2026-09-21 05:40:38] WARNING  template_match: Template is larger than the capture region.
[2026-09-21 05:40:38] WARNING  template_match: Template is larger than the capture region.
[2026-09-21 05:40:38] INFO     worker: Detection worker stopped.
[2026-09-21 05:40:38] INFO     main_window: Detection stopped.
[2026-09-21 05:43:46] INFO     main: PixelClick starting…
[2026-09-21 05:43:47] INFO     main_window: Global hotkeys registered.
[2026-09-21 05:43:47] INFO     main_window: MainWindow initialized.
[2026-09-21 05:44:05] INFO     main: PixelClick starting…
[2026-09-21 05:44:05] INFO     main_window: Global hotkeys registered.
[2026-09-21 05:44:05] INFO     main_window: MainWindow initialized.
[2026-09-21 05:44:07] INFO     main: PixelClick exited.
[2026-09-21 05:44:12] INFO     main: PixelClick starting…
[2026-09-21 05:44:12] INFO     main_window: Global hotkeys registered.
[2026-09-21 05:44:12] INFO     main_window: MainWindow initialized.
[2026-09-21 05:44:22] INFO     main_window: Template selected: D:/Projects/PixelClick/img_test/imgtest.jpg
[2026-09-21 05:44:23] INFO     template_match: Template loaded: D:\Projects\PixelClick\img_test\imgtest.jpg  (938×1136)
[2026-09-21 05:44:23] INFO     worker: Detection worker started.
[2026-09-21 05:44:23] INFO     main_window: Detection started.
[2026-09-21 05:44:23] WARNING  template_match: Template (938×1136) is larger than the capture region (1920×1080). Select a larger region or use full screen.
[2026-09-21 05:44:28] WARNING  template_match: Template (938×1136) is larger than the capture region (1920×1080). Select a larger region or use full screen.
[2026-09-21 05:44:33] WARNING  template_match: Template (938×1136) is larger than the capture region (1920×1080). Select a larger region or use full screen.
[2026-09-21 05:44:38] WARNING  template_match: Template (938×1136) is larger than the capture region (1920×1080). Select a larger region or use full screen.
[2026-09-21 05:44:43] WARNING  template_match: Template (938×1136) is larger than the capture region (1920×1080). Select a larger region or use full screen.
[2026-09-21 05:44:48] INFO     worker: Detection worker stopped.
[2026-09-21 05:44:48] INFO     main_window: Detection stopped.
[2026-09-21 05:44:51] INFO     main: PixelClick exited.
[2026-09-21 05:46:52] INFO     main: PixelClick starting…
[2026-09-21 05:46:52] INFO     main_window: Global hotkeys registered.
[2026-09-21 05:46:52] INFO     main_window: MainWindow initialized.
[2026-09-21 05:47:29] INFO     main: PixelClick starting…
[2026-09-21 05:47:30] INFO     main_window: Global hotkeys registered.
[2026-09-21 05:47:30] INFO     main_window: MainWindow initialized.
[2026-09-21 05:47:36] INFO     main_window: Template selected: D:/Projects/PixelClick/img_test/1.png
[2026-09-21 05:47:44] INFO     template_match: Template loaded: D:\Projects\PixelClick\img_test\1.png  (171×199)
[2026-09-21 05:47:44] INFO     worker: Detection worker started.
[2026-09-21 05:47:44] INFO     main_window: Detection started.
[2026-09-21 05:47:51] DEBUG    mouse: Clicked at (1342, 673)  total=1
[2026-09-21 05:47:53] DEBUG    mouse: Clicked at (1342, 673)  total=2
[2026-09-21 05:48:01] DEBUG    mouse: Clicked at (1328, 481)  total=3
[2026-09-21 05:48:03] DEBUG    mouse: Clicked at (1328, 481)  total=4
[2026-09-21 05:48:04] DEBUG    mouse: Clicked at (1328, 481)  total=5
[2026-09-21 05:48:05] DEBUG    mouse: Clicked at (1328, 481)  total=6
[2026-09-21 05:48:13] DEBUG    mouse: Clicked at (779, 692)  total=7
[2026-09-21 05:48:14] DEBUG    mouse: Clicked at (778, 692)  total=8
[2026-09-21 05:48:15] DEBUG    mouse: Clicked at (778, 692)  total=9
[2026-09-21 05:48:16] DEBUG    mouse: Clicked at (778, 692)  total=10
[2026-09-21 05:48:17] DEBUG    mouse: Clicked at (778, 692)  total=11
[2026-09-21 05:48:17] DEBUG    mouse: Clicked at (778, 692)  total=12
[2026-09-21 05:48:22] INFO     worker: Detection worker stopped.
[2026-09-21 05:48:22] INFO     main_window: Detection stopped.
[2026-09-21 05:48:39] INFO     template_match: Template loaded: D:\Projects\PixelClick\img_test\1.png  (171×199)
[2026-09-21 05:48:39] INFO     worker: Detection worker started.
[2026-09-21 05:48:39] INFO     main_window: Detection started.
[2026-09-21 05:48:43] DEBUG    mouse: Clicked at (1193, 684)  total=1
[2026-09-21 05:48:43] DEBUG    mouse: Clicked at (1193, 684)  total=2
[2026-09-21 05:48:44] DEBUG    mouse: Clicked at (1194, 684)  total=3
[2026-09-21 05:48:44] DEBUG    mouse: Clicked at (1193, 683)  total=4
[2026-09-21 05:48:45] DEBUG    mouse: Clicked at (1194, 684)  total=5
[2026-09-21 05:48:47] DEBUG    mouse: Clicked at (1194, 684)  total=6
[2026-09-21 05:48:48] DEBUG    mouse: Clicked at (1194, 684)  total=7
[2026-09-21 05:48:52] INFO     worker: Detection worker stopped.
[2026-09-21 05:48:52] INFO     main_window: Detection stopped.
[2026-09-21 05:49:04] INFO     template_match: Template loaded: D:\Projects\PixelClick\img_test\1.png  (171×199)
[2026-09-21 05:49:04] INFO     worker: Detection worker started.
[2026-09-21 05:49:04] INFO     main_window: Detection started.
[2026-09-21 05:49:08] DEBUG    mouse: Clicked at (1100, 422)  total=1
[2026-09-21 05:49:17] DEBUG    mouse: Clicked at (1440, 455)  total=2
[2026-09-21 05:49:19] DEBUG    mouse: Clicked at (1439, 455)  total=3
[2026-09-21 05:49:21] DEBUG    mouse: Clicked at (1440, 455)  total=4
[2026-09-21 05:49:22] DEBUG    mouse: Clicked at (1439, 455)  total=5
[2026-09-21 05:49:25] DEBUG    mouse: Clicked at (1440, 455)  total=6
[2026-09-21 05:49:27] DEBUG    mouse: Clicked at (1440, 455)  total=7
[2026-09-21 05:49:29] DEBUG    mouse: Clicked at (1439, 455)  total=8
[2026-09-21 05:49:39] DEBUG    mouse: Clicked at (1320, 566)  total=9
[2026-09-21 05:49:41] DEBUG    mouse: Clicked at (1320, 566)  total=10
[2026-09-21 05:49:45] INFO     worker: Detection worker stopped.
[2026-09-21 05:49:45] INFO     main_window: Detection stopped.
[2026-09-21 05:50:01] INFO     main: PixelClick exited.
[2026-09-21 05:55:55] INFO     main: PixelClick starting…
[2026-09-21 05:55:55] INFO     main_window: Global hotkeys registered.
[2026-09-21 05:55:55] INFO     main_window: MainWindow initialized.
[2026-09-21 05:56:31] INFO     main: PixelClick starting…
[2026-09-21 05:56:32] INFO     main_window: Global hotkeys registered.
[2026-09-21 05:56:32] INFO     main_window: MainWindow initialized.
[2026-09-21 05:56:39] INFO     main_window: Target window set to: 'Roblox'
[2026-09-21 05:56:51] INFO     main: PixelClick exited.
[2026-09-21 06:01:26] INFO     main: PixelClick starting…
[2026-09-21 06:02:01] INFO     main: PixelClick starting…
[2026-09-21 06:02:02] INFO     main_window: Global hotkeys registered.
[2026-09-21 06:02:02] INFO     main_window: MainWindow initialized.
[2026-09-21 06:02:27] INFO     main: PixelClick starting…
[2026-09-21 06:02:27] INFO     main_window: Global hotkeys registered.
[2026-09-21 06:02:27] INFO     main_window: MainWindow initialized.
[2026-09-21 06:02:47] INFO     main_window: Template selected: D:/Projects/PixelClick/img_test/1.png
[2026-09-21 06:02:52] INFO     main_window: Click mode: directwindow
[2026-09-21 06:02:55] INFO     main_window: Click mode: normal
[2026-09-21 06:02:57] INFO     main_window: Click mode: sendinput
[2026-09-21 06:03:00] INFO     template_match: Template loaded: D:\Projects\PixelClick\img_test\1.png  (171×199)
[2026-09-21 06:03:00] INFO     worker: Detection worker started.
[2026-09-21 06:03:01] DEBUG    mouse: Clicked at (653, 740)  mode=sendinput  total=1
[2026-09-21 06:03:09] DEBUG    mouse: Clicked at (1122, 644)  mode=sendinput  total=2
[2026-09-21 06:03:17] DEBUG    mouse: Clicked at (887, 728)  mode=sendinput  total=3
[2026-09-21 06:03:24] DEBUG    mouse: Clicked at (1123, 718)  mode=sendinput  total=4
[2026-09-21 06:03:32] DEBUG    mouse: Clicked at (1390, 558)  mode=sendinput  total=5
[2026-09-21 06:03:39] DEBUG    mouse: Clicked at (1182, 631)  mode=sendinput  total=6
[2026-09-21 06:03:43] INFO     worker: Detection worker stopped.
[2026-09-21 06:03:47] INFO     main_window: Target window: 'Roblox'
[2026-09-21 06:03:49] INFO     main_window: Target window: 'Roblox'
[2026-09-21 06:03:52] INFO     main_window: Click mode: directwindow
[2026-09-21 06:03:53] INFO     main_window: Click mode: sendinput
[2026-09-21 06:03:55] INFO     main_window: Target window: ''
[2026-09-21 06:04:47] INFO     main: PixelClick exited.
[2026-09-21 06:06:44] INFO     main: PixelClick starting…
[2026-09-21 06:06:45] INFO     main_window: Global hotkeys registered.
[2026-09-21 06:06:45] INFO     main_window: MainWindow initialized.
[2026-09-21 06:07:42] INFO     main: PixelClick starting…
[2026-09-21 06:07:43] INFO     main_window: Global hotkeys registered.
[2026-09-21 06:07:43] INFO     main_window: MainWindow initialized.
[2026-09-21 06:07:49] INFO     main_window: Target window: '#fisch-n-fish-it | DARK V.2 - Discord'
[2026-09-21 06:07:50] INFO     main_window: Target window: 'Roblox'
[2026-09-21 06:08:06] INFO     main_window: Region selected: (497,487) 195×196
[2026-09-21 06:08:14] INFO     main_window: Region selected: (437,456) 285×235
[2026-09-21 06:08:35] INFO     main_window: Click mode: directwindow
[2026-09-21 06:08:41] INFO     main_window: Template selected: D:/Projects/PixelClick/img_test/1.png
[2026-09-21 06:08:44] INFO     template_match: Template loaded: D:\Projects\PixelClick\img_test\1.png  (171×199)
[2026-09-21 06:08:44] INFO     worker: Detection worker started.
[2026-09-21 06:08:44] DEBUG    mouse: Clicked at (600, 581)  mode=directwindow  total=1
[2026-09-21 06:08:45] DEBUG    mouse: Clicked at (599, 581)  mode=directwindow  total=2
[2026-09-21 06:08:45] DEBUG    mouse: Clicked at (599, 581)  mode=directwindow  total=3
[2026-09-21 06:08:46] DEBUG    mouse: Clicked at (599, 581)  mode=directwindow  total=4
[2026-09-21 06:08:46] DEBUG    mouse: Clicked at (599, 581)  mode=directwindow  total=5
[2026-09-21 06:08:47] DEBUG    mouse: Clicked at (599, 581)  mode=directwindow  total=6
[2026-09-21 06:08:48] DEBUG    mouse: Clicked at (599, 581)  mode=directwindow  total=7
[2026-09-21 06:08:49] DEBUG    mouse: Clicked at (599, 581)  mode=directwindow  total=8
[2026-09-21 06:08:49] DEBUG    mouse: Clicked at (600, 581)  mode=directwindow  total=9
[2026-09-21 06:08:50] DEBUG    mouse: Clicked at (599, 581)  mode=directwindow  total=10
[2026-09-21 06:08:50] DEBUG    mouse: Clicked at (599, 581)  mode=directwindow  total=11
[2026-09-21 06:08:51] DEBUG    mouse: Clicked at (599, 581)  mode=directwindow  total=12
[2026-09-21 06:08:52] DEBUG    mouse: Clicked at (600, 581)  mode=directwindow  total=13
[2026-09-21 06:08:53] DEBUG    mouse: Clicked at (599, 581)  mode=directwindow  total=14
[2026-09-21 06:08:53] DEBUG    mouse: Clicked at (599, 581)  mode=directwindow  total=15
[2026-09-21 06:08:54] DEBUG    mouse: Clicked at (599, 581)  mode=directwindow  total=16
[2026-09-21 06:08:54] DEBUG    mouse: Clicked at (600, 581)  mode=directwindow  total=17
[2026-09-21 06:08:55] DEBUG    mouse: Clicked at (599, 581)  mode=directwindow  total=18
[2026-09-21 06:08:56] DEBUG    mouse: Clicked at (599, 581)  mode=directwindow  total=19
[2026-09-21 06:08:56] DEBUG    mouse: Clicked at (599, 581)  mode=directwindow  total=20
[2026-09-21 06:08:57] DEBUG    mouse: Clicked at (600, 581)  mode=directwindow  total=21
[2026-09-21 06:08:58] DEBUG    mouse: Clicked at (599, 581)  mode=directwindow  total=22
[2026-09-21 06:08:58] DEBUG    mouse: Clicked at (599, 581)  mode=directwindow  total=23
[2026-09-21 06:08:59] DEBUG    mouse: Clicked at (599, 581)  mode=directwindow  total=24
[2026-09-21 06:08:59] DEBUG    mouse: Clicked at (600, 581)  mode=directwindow  total=25
[2026-09-21 06:09:00] DEBUG    mouse: Clicked at (599, 581)  mode=directwindow  total=26
[2026-09-21 06:09:01] DEBUG    mouse: Clicked at (599, 581)  mode=directwindow  total=27
[2026-09-21 06:09:02] DEBUG    mouse: Clicked at (599, 581)  mode=directwindow  total=28
[2026-09-21 06:09:02] DEBUG    mouse: Clicked at (599, 581)  mode=directwindow  total=29
[2026-09-21 06:09:21] INFO     worker: Detection worker stopped.
[2026-09-21 06:09:25] INFO     main_window: Click mode: normal
[2026-09-21 06:09:27] INFO     main_window: Click mode: directwindow
[2026-09-21 06:09:28] INFO     main_window: Click mode: sendinput
[2026-09-21 06:09:29] INFO     main_window: Click mode: directwindow
[2026-09-21 06:09:34] INFO     main_window: Click mode: sendinput
[2026-09-21 06:09:37] INFO     template_match: Template loaded: D:\Projects\PixelClick\img_test\1.png  (171×199)
[2026-09-21 06:09:37] INFO     worker: Detection worker started.
[2026-09-21 06:09:58] INFO     worker: Detection worker stopped.
[2026-09-21 06:10:01] INFO     main_window: Template selected: D:/Projects/PixelClick/img_test/1.png
[2026-09-21 06:10:02] INFO     template_match: Template loaded: D:\Projects\PixelClick\img_test\1.png  (171×199)
[2026-09-21 06:10:02] INFO     worker: Detection worker started.
[2026-09-21 06:10:17] INFO     worker: Detection worker stopped.
[2026-09-21 06:10:28] INFO     main_window: Target window: '#fisch-n-fish-it | DARK V.2 - Discord'
[2026-09-21 06:10:32] INFO     main_window: Target window: 'This PC - File Explorer'
[2026-09-21 06:10:33] INFO     main_window: Target window: 'Roblox'
[2026-09-21 06:10:38] INFO     template_match: Template loaded: D:\Projects\PixelClick\img_test\1.png  (171×199)
[2026-09-21 06:10:38] INFO     worker: Detection worker started.
[2026-09-21 06:10:52] INFO     worker: Detection worker stopped.
[2026-09-21 06:14:26] INFO     main: PixelClick starting…
[2026-09-21 06:14:27] INFO     main_window: Global hotkeys registered.
[2026-09-21 06:14:27] INFO     main_window: MainWindow initialized.
[2026-09-21 06:14:58] INFO     main: PixelClick starting…
[2026-09-21 06:14:58] INFO     main_window: Global hotkeys registered.
[2026-09-21 06:14:58] INFO     main_window: MainWindow initialized.
[2026-09-21 06:15:05] INFO     main_window: Target window: 'Roblox'
[2026-09-21 06:15:13] INFO     main_window: Template selected: D:/Projects/PixelClick/img_test/1.png
[2026-09-21 06:15:15] INFO     template_match: Template loaded: D:\Projects\PixelClick\img_test\1.png  (171×199)
[2026-09-21 06:15:15] INFO     worker: Detection worker started.
[2026-09-21 06:15:17] DEBUG    mouse: Clicked at (577, 466)  mode=sendinput  total=1
[2026-09-21 06:15:24] DEBUG    mouse: Clicked at (1128, 650)  mode=sendinput  total=2
[2026-09-21 06:15:33] DEBUG    mouse: Clicked at (1096, 700)  mode=sendinput  total=3
[2026-09-21 06:15:38] INFO     worker: Detection worker stopped.
[2026-09-21 06:15:41] INFO     main_window: Template selected: D:/Projects/PixelClick/img_test/1.png
[2026-09-21 06:15:59] INFO     template_match: Template loaded: D:\Projects\PixelClick\img_test\1.png  (171×199)
[2026-09-21 06:15:59] INFO     worker: Detection worker started.
[2026-09-21 06:16:01] DEBUG    mouse: Clicked at (1050, 367)  mode=sendinput  total=1
[2026-09-21 06:16:08] DEBUG    mouse: Clicked at (668, 715)  mode=sendinput  total=2
[2026-09-21 06:16:15] DEBUG    mouse: Clicked at (567, 754)  mode=sendinput  total=3
[2026-09-21 06:16:20] INFO     worker: Detection worker stopped.
[2026-09-21 06:16:33] INFO     main_window: Click mode: directwindow
[2026-09-21 06:16:35] INFO     template_match: Template loaded: D:\Projects\PixelClick\img_test\1.png  (171×199)
[2026-09-21 06:16:35] INFO     worker: Detection worker started.
[2026-09-21 06:16:37] DEBUG    mouse: Clicked at (1083, 738)  mode=directwindow  total=1
[2026-09-21 06:16:38] DEBUG    mouse: Clicked at (1084, 738)  mode=directwindow  total=2
[2026-09-21 06:16:39] DEBUG    mouse: Clicked at (1083, 738)  mode=directwindow  total=3
[2026-09-21 06:16:39] DEBUG    mouse: Clicked at (1083, 738)  mode=directwindow  total=4
[2026-09-21 06:16:41] DEBUG    mouse: Clicked at (1084, 738)  mode=directwindow  total=5
[2026-09-21 06:16:42] DEBUG    mouse: Clicked at (1083, 738)  mode=directwindow  total=6
[2026-09-21 06:16:42] DEBUG    mouse: Clicked at (1083, 738)  mode=directwindow  total=7
[2026-09-21 06:16:43] DEBUG    mouse: Clicked at (1084, 738)  mode=directwindow  total=8
[2026-09-21 06:16:52] DEBUG    mouse: Clicked at (1083, 738)  mode=directwindow  total=9
[2026-09-21 06:16:58] INFO     worker: Detection worker stopped.
[2026-09-21 06:16:59] INFO     main_window: Click mode: sendinput
[2026-09-21 06:17:00] INFO     template_match: Template loaded: D:\Projects\PixelClick\img_test\1.png  (171×199)
[2026-09-21 06:17:00] INFO     worker: Detection worker started.
[2026-09-21 06:17:13] INFO     worker: Detection worker stopped.
[2026-09-21 06:17:21] INFO     template_match: Template loaded: D:\Projects\PixelClick\img_test\1.png  (171×199)
[2026-09-21 06:17:21] INFO     worker: Detection worker started.
[2026-09-21 06:17:38] DEBUG    mouse: Clicked at (688, 554)  mode=sendinput  total=1
[2026-09-21 06:17:45] DEBUG    mouse: Clicked at (597, 432)  mode=sendinput  total=2
[2026-09-21 06:17:51] DEBUG    mouse: Clicked at (708, 427)  mode=sendinput  total=3
[2026-09-21 06:17:56] INFO     worker: Detection worker stopped.
[2026-09-21 06:18:11] INFO     main: PixelClick exited.
[2026-09-21 06:18:21] INFO     main: PixelClick starting…
[2026-09-21 06:18:22] INFO     main_window: Global hotkeys registered.
[2026-09-21 06:18:22] INFO     main_window: MainWindow initialized.
[2026-09-21 06:18:24] INFO     main_window: Click mode: directwindow
[2026-09-21 06:18:31] INFO     main: PixelClick exited.
[2026-09-21 06:19:50] INFO     main: PixelClick starting…
[2026-09-21 06:19:51] INFO     main_window: Global hotkeys registered.
[2026-09-21 06:19:51] INFO     main_window: MainWindow initialized.
[2026-09-21 06:20:57] INFO     main: PixelClick starting…
[2026-09-21 06:20:58] INFO     main_window: Global hotkeys registered.
[2026-09-21 06:20:58] INFO     main_window: MainWindow initialized.
[2026-09-21 06:21:00] INFO     main_window: Click mode: normal
[2026-09-21 06:21:02] INFO     main_window: Click mode: sendinput
[2026-09-21 06:21:09] DEBUG    main_window: Mode: Color Detection
[2026-09-21 06:21:12] DEBUG    main_window: Mode: Color Detection
[2026-09-21 06:21:33] DEBUG    main_window: Mode: Template Matching
[2026-09-21 06:22:11] INFO     main: PixelClick exited.
[2026-09-21 06:22:31] INFO     main: PixelClick starting…
[2026-09-21 06:22:32] INFO     main_window: Global hotkeys registered.
[2026-09-21 06:22:32] INFO     main_window: MainWindow initialized.
[2026-09-21 06:22:34] DEBUG    main_window: Mode: Color Detection
[2026-09-21 06:22:37] INFO     main_window: Template selected: D:/Projects/PixelClick/img_test/1.png
[2026-09-21 06:22:41] INFO     worker: Detection worker started.
[2026-09-21 06:22:52] INFO     worker: Detection worker stopped.
[2026-09-21 06:22:54] DEBUG    main_window: Mode: Template Matching
[2026-09-21 06:22:57] INFO     template_match: Template loaded: D:\Projects\PixelClick\img_test\1.png  (171×199)
[2026-09-21 06:22:57] INFO     worker: Detection worker started.
[2026-09-21 06:22:57] DEBUG    mouse: Clicked at (837, 720)  mode=sendinput  total=1
[2026-09-21 06:23:05] DEBUG    mouse: Clicked at (497, 483)  mode=sendinput  total=2
[2026-09-21 06:23:11] DEBUG    mouse: Clicked at (1394, 737)  mode=sendinput  total=3
[2026-09-21 06:23:17] DEBUG    mouse: Clicked at (1232, 561)  mode=sendinput  total=4
[2026-09-21 06:23:24] DEBUG    mouse: Clicked at (1111, 567)  mode=sendinput  total=5
[2026-09-21 06:23:30] INFO     worker: Detection worker stopped.
[2026-09-21 06:23:37] INFO     main_window: Region selected: (580,526) 245×218
[2026-09-21 06:23:41] INFO     main: PixelClick exited.
[2026-09-21 06:23:45] INFO     main: PixelClick starting…
[2026-09-21 06:23:46] INFO     main_window: Global hotkeys registered.
[2026-09-21 06:23:46] INFO     main_window: MainWindow initialized.
[2026-09-21 06:23:51] INFO     main_window: Region selected: (589,528) 226×227
[2026-09-21 06:24:17] INFO     main_window: Region selected: (684,659) 131×41
[2026-09-21 06:24:39] INFO     main: PixelClick exited.
[2026-09-21 06:26:32] INFO     main: PixelClick starting…
[2026-09-21 06:26:33] INFO     main_window: Global hotkeys registered.
[2026-09-21 06:26:33] INFO     main_window: MainWindow initialized.
[2026-09-21 06:26:49] INFO     main: PixelClick starting…
[2026-09-21 06:26:50] INFO     main_window: Global hotkeys registered.
[2026-09-21 06:26:50] INFO     main_window: MainWindow initialized.
[2026-09-21 06:26:56] INFO     main_window: Region cleared (Fullscreen)
[2026-09-21 06:26:59] INFO     main_window: Region selected: (595,550) 200×191
[2026-09-21 06:28:16] INFO     main: PixelClick exited.
[2026-09-21 06:29:36] INFO     main: PixelClick starting…
[2026-09-21 06:29:51] INFO     main: PixelClick starting…
[2026-09-21 06:29:52] INFO     main_window: Global hotkeys registered.
[2026-09-21 06:29:52] INFO     main_window: MainWindow initialized.
[2026-09-21 06:30:17] INFO     main: PixelClick starting…
[2026-09-21 06:30:18] INFO     main_window: Global hotkeys registered.
[2026-09-21 06:30:18] INFO     main_window: MainWindow initialized.
[2026-09-21 06:30:24] INFO     main_window: Region selected: (401,353) 215×236
[2026-09-21 06:30:51] INFO     main_window: Snipped template saved to D:\Projects\PixelClick\data\snip_template.png
[2026-09-21 06:30:51] ERROR    main_window: Failed to snip template: 'SettingsFrame' object has no attribute '_on_mode'
[2026-09-21 06:30:54] INFO     template_match: Template loaded: D:\Projects\PixelClick\data\snip_template.png  (226×224)
[2026-09-21 06:30:54] INFO     worker: Detection worker started.
[2026-09-21 06:30:54] WARNING  template_match: Template (226×224) is larger than the capture region (215×236). Select a larger region or use full screen.
[2026-09-21 06:30:59] WARNING  template_match: Template (226×224) is larger than the capture region (215×236). Select a larger region or use full screen.
[2026-09-21 06:31:04] WARNING  template_match: Template (226×224) is larger than the capture region (215×236). Select a larger region or use full screen.
[2026-09-21 06:31:09] WARNING  template_match: Template (226×224) is larger than the capture region (215×236). Select a larger region or use full screen.
[2026-09-21 06:31:10] INFO     worker: Detection worker stopped.
[2026-09-21 06:31:11] INFO     main_window: Region cleared (Fullscreen)
[2026-09-21 06:31:13] INFO     main_window: Region cleared (Fullscreen)
[2026-09-21 06:31:13] INFO     main_window: Region cleared (Fullscreen)
[2026-09-21 06:31:13] INFO     main_window: Region cleared (Fullscreen)
[2026-09-21 06:31:13] INFO     main_window: Region cleared (Fullscreen)
[2026-09-21 06:31:14] INFO     main_window: Region cleared (Fullscreen)
[2026-09-21 06:31:17] INFO     main: PixelClick exited.
[2026-09-21 06:31:21] INFO     main: PixelClick starting…
[2026-09-21 06:31:22] INFO     main_window: Global hotkeys registered.
[2026-09-21 06:31:22] INFO     main_window: MainWindow initialized.
[2026-09-21 06:31:32] INFO     main_window: Snipped template saved to D:\Projects\PixelClick\data\snip_template.png
[2026-09-21 06:31:32] ERROR    main_window: Failed to snip template: 'SettingsFrame' object has no attribute '_on_mode'
[2026-09-21 06:31:39] INFO     main: PixelClick exited.
[2026-09-21 06:32:53] INFO     main: PixelClick starting…
[2026-09-21 06:32:54] INFO     main_window: Global hotkeys registered.
[2026-09-21 06:32:54] INFO     main_window: MainWindow initialized.
[2026-09-21 06:33:25] INFO     main: PixelClick starting…
[2026-09-21 06:33:26] INFO     main_window: Global hotkeys registered.
[2026-09-21 06:33:26] INFO     main_window: MainWindow initialized.
[2026-09-21 06:33:33] INFO     main_window: Snipped template saved to D:\Projects\PixelClick\data\snip_template.png
[2026-09-21 06:33:33] DEBUG    main_window: Mode: Template Matching
[2026-09-21 06:33:38] INFO     template_match: Template loaded: D:\Projects\PixelClick\data\snip_template.png  (194×200)
[2026-09-21 06:33:38] INFO     worker: Detection worker started.
[2026-09-21 06:33:38] DEBUG    mouse: Clicked at (827, 651)  mode=sendinput  total=1
[2026-09-21 06:33:46] DEBUG    mouse: Clicked at (1304, 562)  mode=sendinput  total=2
[2026-09-21 06:33:52] DEBUG    mouse: Clicked at (540, 484)  mode=sendinput  total=3
[2026-09-21 06:33:58] DEBUG    mouse: Clicked at (1268, 731)  mode=sendinput  total=4
[2026-09-21 06:34:03] INFO     worker: Detection worker stopped.
[2026-09-21 06:34:14] INFO     main_window: Region selected: (542,789) 58×65
[2026-09-21 06:35:28] INFO     main: PixelClick starting…
[2026-09-21 06:35:29] INFO     main_window: Global hotkeys registered.
[2026-09-21 06:35:29] INFO     main_window: MainWindow initialized.
[2026-09-21 06:36:24] INFO     main: PixelClick starting…
[2026-09-21 06:36:25] INFO     main_window: Global hotkeys registered.
[2026-09-21 06:36:25] INFO     main_window: MainWindow initialized.
[2026-09-21 06:36:56] INFO     main_window: Snipped template saved to D:\Projects\PixelClick\data\snip_template.png
[2026-09-21 06:36:56] DEBUG    main_window: Mode: Template Matching
[2026-09-21 06:36:58] INFO     template_match: Template loaded: D:\Projects\PixelClick\data\snip_template.png  (214×230)
[2026-09-21 06:36:58] INFO     worker: Detection worker started.
[2026-09-21 06:36:59] DEBUG    mouse: Clicked at (543, 537)  mode=sendinput  total=1
[2026-09-21 06:37:08] DEBUG    mouse: Clicked at (576, 357)  mode=sendinput  total=2
[2026-09-21 06:37:13] INFO     worker: Detection worker stopped.
[2026-09-21 06:37:22] INFO     main: PixelClick exited.
[2026-09-21 06:41:15] INFO     main: PixelClick starting…
[2026-09-21 06:41:40] INFO     main: PixelClick starting…
[2026-09-21 06:41:41] INFO     main_window: Global hotkeys registered.
[2026-09-21 06:41:41] INFO     main_window: MainWindow initialized.
[2026-09-21 06:42:12] INFO     main: PixelClick starting…
[2026-09-21 06:42:12] INFO     main_window: Global hotkeys registered.
[2026-09-21 06:42:12] INFO     main_window: MainWindow initialized.
[2026-09-21 06:42:21] INFO     main_window: Click mode: normal
[2026-09-21 06:42:22] INFO     main_window: Click mode: sendinput
[2026-09-21 06:42:59] INFO     main: PixelClick exited.
[2026-09-21 06:43:57] INFO     main: PixelClick starting…
[2026-09-21 06:43:58] INFO     main_window: Global hotkeys registered.
[2026-09-21 06:43:58] INFO     main_window: MainWindow initialized.
[2026-09-21 06:45:06] INFO     main: PixelClick starting…
[2026-09-21 06:45:06] INFO     main_window: Global hotkeys registered.
[2026-09-21 06:45:06] INFO     main_window: MainWindow initialized.
[2026-09-21 06:46:08] INFO     main: PixelClick exited.
[2026-09-21 06:46:39] INFO     main: PixelClick starting…
[2026-09-21 06:46:40] INFO     main_window: Global hotkeys registered.
[2026-09-21 06:46:40] INFO     main_window: MainWindow initialized.
[2026-09-21 06:47:23] INFO     main: PixelClick starting…
[2026-09-21 06:47:24] INFO     main_window: Global hotkeys registered.
[2026-09-21 06:47:24] INFO     main_window: MainWindow initialized.
[2026-09-21 06:47:53] INFO     main: PixelClick exited.
[2026-09-21 06:49:20] INFO     main: PixelClick starting…
[2026-09-21 06:49:21] INFO     main_window: Global hotkeys registered.
[2026-09-21 06:49:21] INFO     main_window: MainWindow initialized.
[2026-09-21 06:49:35] INFO     main: PixelClick starting…
[2026-09-21 06:49:36] INFO     main_window: Global hotkeys registered.
[2026-09-21 06:49:36] INFO     main_window: MainWindow initialized.
[2026-09-21 06:49:55] INFO     main_window: Snipped template saved to D:\Projects\PixelClick\data\snip_template.png
[2026-09-21 06:49:55] DEBUG    main_window: Mode: Template Matching
[2026-09-21 06:49:56] INFO     template_match: Template loaded: D:\Projects\PixelClick\data\snip_template.png  (195×225)
[2026-09-21 06:49:56] INFO     worker: Detection worker started.
[2026-09-21 06:49:57] DEBUG    mouse: Clicked at (1379, 676)  mode=sendinput  total=1
[2026-09-21 06:50:04] DEBUG    mouse: Clicked at (619, 556)  mode=sendinput  total=2
[2026-09-21 06:50:15] DEBUG    mouse: Clicked at (1261, 422)  mode=sendinput  total=3
[2026-09-21 06:50:31] DEBUG    mouse: Clicked at (1343, 553)  mode=sendinput  total=4
[2026-09-21 06:50:38] DEBUG    mouse: Clicked at (1359, 574)  mode=sendinput  total=5
[2026-09-21 06:50:43] INFO     worker: Detection worker stopped.
[2026-09-21 06:50:47] INFO     main: PixelClick exited.
[2026-09-21 06:54:18] INFO     main: PixelClick starting…
[2026-09-21 06:54:37] INFO     main: PixelClick starting…
[2026-09-21 06:54:38] INFO     main_window: Global hotkeys registered.
[2026-09-21 06:54:38] INFO     main_window: MainWindow initialized.
[2026-09-21 06:55:35] INFO     main: PixelClick starting…
[2026-09-21 06:55:35] INFO     main_window: Global hotkeys registered.
[2026-09-21 06:55:35] INFO     main_window: MainWindow initialized.
[2026-09-21 06:56:12] INFO     main_window: Snipped template saved to D:\Projects\PixelClick\data\snip_1789948572.png
[2026-09-21 06:56:12] DEBUG    main_window: Mode: Template Matching
[2026-09-21 06:56:23] INFO     main_window: Snipped template saved to D:\Projects\PixelClick\data\snip_1789948583.png
[2026-09-21 06:56:23] DEBUG    main_window: Mode: Template Matching
[2026-09-21 06:56:26] INFO     template_match: Template loaded: D:\Projects\PixelClick\data\snip_1789948572.png  (185×175)
[2026-09-21 06:56:26] INFO     template_match: Template loaded: D:\Projects\PixelClick\data\snip_1789948583.png  (374×102)
[2026-09-21 06:56:26] INFO     multi_template: Initialized MultiTemplateDetector with 2 templates (Mode: Sequential)
[2026-09-21 06:56:26] INFO     worker: Detection worker started.
[2026-09-21 06:56:27] DEBUG    mouse: Clicked at (573, 398)  mode=sendinput  total=1
[2026-09-21 06:56:38] DEBUG    mouse: Clicked at (522, 516)  mode=sendinput  total=2
[2026-09-21 06:56:46] INFO     worker: Detection worker stopped.
[2026-09-21 06:56:53] INFO     template_match: Template loaded: D:\Projects\PixelClick\data\snip_1789948572.png  (185×175)
[2026-09-21 06:56:53] INFO     template_match: Template loaded: D:\Projects\PixelClick\data\snip_1789948583.png  (374×102)
[2026-09-21 06:56:53] INFO     multi_template: Initialized MultiTemplateDetector with 2 templates (Mode: Sequential)
[2026-09-21 06:56:53] INFO     worker: Detection worker started.
[2026-09-21 06:56:53] DEBUG    mouse: Clicked at (1025, 374)  mode=sendinput  total=1
[2026-09-21 06:57:02] INFO     worker: Detection worker stopped.
[2026-09-21 06:57:15] INFO     template_match: Template loaded: D:\Projects\PixelClick\data\snip_1789948572.png  (185×175)
[2026-09-21 06:57:15] INFO     template_match: Template loaded: D:\Projects\PixelClick\data\snip_1789948583.png  (374×102)
[2026-09-21 06:57:15] INFO     multi_template: Initialized MultiTemplateDetector with 2 templates (Mode: Sequential)
[2026-09-21 06:57:15] INFO     worker: Detection worker started.
[2026-09-21 06:57:15] DEBUG    mouse: Clicked at (589, 416)  mode=sendinput  total=1
[2026-09-21 06:57:24] DEBUG    mouse: Clicked at (630, 572)  mode=sendinput  total=2
[2026-09-21 06:57:31] INFO     worker: Detection worker stopped.
[2026-09-21 06:57:44] INFO     main_window: Click mode: sendinput
[2026-09-21 06:57:45] INFO     main_window: Click mode: normal
[2026-09-21 06:57:47] INFO     template_match: Template loaded: D:\Projects\PixelClick\data\snip_1789948572.png  (185×175)
[2026-09-21 06:57:47] INFO     template_match: Template loaded: D:\Projects\PixelClick\data\snip_1789948583.png  (374×102)
[2026-09-21 06:57:47] INFO     multi_template: Initialized MultiTemplateDetector with 2 templates (Mode: Sequential)
[2026-09-21 06:57:47] INFO     worker: Detection worker started.
[2026-09-21 06:57:52] DEBUG    mouse: Clicked at (640, 609)  mode=normal  total=1
[2026-09-21 06:57:53] DEBUG    mouse: Clicked at (961, 794)  mode=normal  total=2
[2026-09-21 06:57:53] DEBUG    mouse: Clicked at (639, 609)  mode=normal  total=3
[2026-09-21 06:57:53] DEBUG    mouse: Clicked at (640, 609)  mode=normal  total=4
[2026-09-21 06:57:54] DEBUG    mouse: Clicked at (961, 794)  mode=normal  total=5
[2026-09-21 06:57:54] DEBUG    mouse: Clicked at (640, 609)  mode=normal  total=6
[2026-09-21 06:57:55] DEBUG    mouse: Clicked at (640, 609)  mode=normal  total=7
[2026-09-21 06:57:55] DEBUG    mouse: Clicked at (961, 794)  mode=normal  total=8
[2026-09-21 06:57:56] DEBUG    mouse: Clicked at (640, 609)  mode=normal  total=9
[2026-09-21 06:57:56] DEBUG    mouse: Clicked at (640, 609)  mode=normal  total=10
[2026-09-21 06:58:02] INFO     worker: Detection worker stopped.
[2026-09-21 06:58:21] INFO     main: PixelClick exited.
[2026-09-21 07:01:57] INFO     main: PixelClick starting…
[2026-09-21 07:01:58] INFO     main_window: Global hotkeys registered.
[2026-09-21 07:01:58] INFO     main_window: MainWindow initialized.
[2026-09-21 07:03:39] INFO     main: PixelClick starting…
[2026-09-21 07:03:40] INFO     main_window: Global hotkeys registered.
[2026-09-21 07:03:40] INFO     main_window: MainWindow initialized.
[2026-09-21 07:04:25] INFO     main_window: Snipped template saved to D:\Projects\PixelClick\data\snip_1789949065.png (Delay: 300ms)
[2026-09-21 07:04:25] DEBUG    main_window: Mode: Template Matching
[2026-09-21 07:04:30] INFO     main_window: Snipped template saved to D:\Projects\PixelClick\data\snip_1789949070.png (Delay: 300ms)
[2026-09-21 07:04:30] DEBUG    main_window: Mode: Template Matching
[2026-09-21 07:04:51] INFO     template_match: Template loaded: D:\Projects\PixelClick\data\snip_1789949065.png  (209×180)
[2026-09-21 07:04:51] INFO     template_match: Template loaded: D:\Projects\PixelClick\data\snip_1789949070.png  (361×102)
[2026-09-21 07:04:51] INFO     multi_template: Initialized MultiTemplateDetector with 2 templates (Mode: Sequential)
[2026-09-21 07:04:51] INFO     worker: Detection worker started.
[2026-09-21 07:04:53] DEBUG    mouse: Clicked at (706, 646)  mode=sendinput  total=1
[2026-09-21 07:05:04] INFO     worker: Detection worker stopped.
[2026-09-21 07:05:06] INFO     template_match: Template loaded: D:\Projects\PixelClick\data\snip_1789949065.png  (209×180)
[2026-09-21 07:05:06] INFO     template_match: Template loaded: D:\Projects\PixelClick\data\snip_1789949070.png  (361×102)
[2026-09-21 07:05:06] INFO     multi_template: Initialized MultiTemplateDetector with 2 templates (Mode: First Found)
[2026-09-21 07:05:06] INFO     worker: Detection worker started.
[2026-09-21 07:05:06] DEBUG    mouse: Clicked at (846, 315)  mode=sendinput  total=1
[2026-09-21 07:05:06] DEBUG    mouse: Clicked at (961, 792)  mode=sendinput  total=2
[2026-09-21 07:05:09] DEBUG    mouse: Clicked at (961, 792)  mode=sendinput  total=3
[2026-09-21 07:05:13] DEBUG    mouse: Clicked at (961, 792)  mode=sendinput  total=4
[2026-09-21 07:05:18] INFO     worker: Detection worker stopped.
[2026-09-21 07:05:43] INFO     main: PixelClick exited.
[2026-09-21 07:07:03] INFO     main: PixelClick starting…
[2026-09-21 07:07:04] INFO     main_window: Global hotkeys registered.
[2026-09-21 07:07:04] INFO     main_window: MainWindow initialized.
[2026-09-21 07:07:41] INFO     main: PixelClick starting…
[2026-09-21 07:07:42] INFO     main_window: Global hotkeys registered.
[2026-09-21 07:07:42] INFO     main_window: MainWindow initialized.
[2026-09-21 07:08:18] INFO     main_window: Snipped template saved to D:\Projects\PixelClick\data\snip_1789949298.png (Delay: 300ms)
[2026-09-21 07:08:18] DEBUG    main_window: Mode: Template Matching
[2026-09-21 07:08:22] INFO     main_window: Snipped template saved to D:\Projects\PixelClick\data\snip_1789949302.png (Delay: 300ms)
[2026-09-21 07:08:22] DEBUG    main_window: Mode: Template Matching
[2026-09-21 07:08:23] INFO     template_match: Template loaded: D:\Projects\PixelClick\data\snip_1789949298.png  (161×200)
[2026-09-21 07:08:23] INFO     template_match: Template loaded: D:\Projects\PixelClick\data\snip_1789949302.png  (364×94)
[2026-09-21 07:08:23] INFO     multi_template: Initialized MultiTemplateDetector with 2 templates (Mode: Sequential)
[2026-09-21 07:08:23] INFO     worker: Detection worker started.
[2026-09-21 07:08:23] DEBUG    mouse: Clicked at (1180, 463)  mode=sendinput  total=1
[2026-09-21 07:08:24] DEBUG    mouse: Clicked at (961, 795)  mode=sendinput  total=2
[2026-09-21 07:08:31] DEBUG    mouse: Clicked at (1307, 669)  mode=sendinput  total=3
[2026-09-21 07:08:31] DEBUG    mouse: Clicked at (961, 795)  mode=sendinput  total=4
[2026-09-21 07:08:34] INFO     worker: Detection worker stopped.
[2026-09-21 07:08:39] INFO     main: PixelClick exited.
[2026-09-21 07:14:51] INFO     main: PixelClick starting…
[2026-09-21 07:17:24] INFO     main: PixelClick starting…
[2026-09-21 07:17:25] INFO     main_window: Global hotkeys registered.
[2026-09-21 07:17:25] INFO     main_window: MainWindow initialized.
[2026-09-21 07:18:50] INFO     main: PixelClick starting…
[2026-09-21 07:18:51] INFO     main_window: Global hotkeys registered.
[2026-09-21 07:18:51] INFO     main_window: MainWindow initialized.
[2026-09-21 07:21:19] INFO     main: PixelClick exited.
[2026-09-21 07:21:20] INFO     main: PixelClick starting…
[2026-09-21 07:21:21] INFO     main_window: Global hotkeys registered.
[2026-09-21 07:21:21] INFO     main_window: MainWindow initialized.
[2026-09-21 07:22:27] INFO     main: PixelClick starting…
[2026-09-21 07:22:27] INFO     main_window: Global hotkeys registered.
[2026-09-21 07:22:27] INFO     main_window: MainWindow initialized.
[2026-09-21 07:22:57] INFO     main: PixelClick exited.
[2026-09-21 07:24:46] INFO     main: PixelClick starting…
[2026-09-21 07:24:47] INFO     main_window: Global hotkeys registered.
[2026-09-21 07:24:47] INFO     main_window: MainWindow initialized.
[2026-09-21 07:25:35] INFO     main: PixelClick starting…
[2026-09-21 07:25:35] INFO     main_window: Global hotkeys registered.
[2026-09-21 07:25:35] INFO     main_window: MainWindow initialized.
[2026-09-21 07:26:35] INFO     main: PixelClick exited.
[2026-09-21 07:32:45] INFO     main: PixelClick starting…
[2026-09-21 07:32:46] INFO     main_window: Global hotkeys registered.
[2026-09-21 07:32:46] INFO     main_window: MainWindow initialized.
[2026-09-21 07:34:13] INFO     main: PixelClick starting…
[2026-09-21 07:34:13] INFO     main_window: Global hotkeys registered.
[2026-09-21 07:34:13] INFO     main_window: MainWindow initialized.
[2026-09-21 07:35:45] INFO     main_window: Snipped template saved to D:\Projects\PixelClick\data\snip_1789950945.png (Delay: 300ms)
[2026-09-21 07:35:45] DEBUG    main_window: Mode: Template Matching
[2026-09-21 07:35:48] INFO     main_window: Snipped template saved to D:\Projects\PixelClick\data\snip_1789950948.png (Delay: 300ms)
[2026-09-21 07:35:48] DEBUG    main_window: Mode: Template Matching
[2026-09-21 07:35:49] INFO     template_match: Template loaded: D:\Projects\PixelClick\data\snip_1789950945.png  (174×185)
[2026-09-21 07:35:49] INFO     template_match: Template loaded: D:\Projects\PixelClick\data\snip_1789950948.png  (382×107)
[2026-09-21 07:35:49] INFO     multi_template: Initialized MultiTemplateDetector with 2 templates (Mode: Sequential)
[2026-09-21 07:35:49] INFO     worker: Detection worker started.
[2026-09-21 07:35:50] DEBUG    mouse: Clicked at (1076, 544)  mode=sendinput  total=1
[2026-09-21 07:35:50] DEBUG    mouse: Clicked at (963, 794)  mode=sendinput  total=2
[2026-09-21 07:35:56] INFO     worker: Detection worker stopped.
[2026-09-21 07:36:05] INFO     main: PixelClick exited.
[2026-09-21 07:42:02] INFO     main: PixelClick starting…
[2026-09-21 07:42:03] INFO     main_window: Global hotkeys registered.
[2026-09-21 07:42:03] INFO     main_window: MainWindow initialized.
[2026-09-21 07:43:05] INFO     main: PixelClick starting…
[2026-09-21 07:43:05] INFO     main_window: Global hotkeys registered.
[2026-09-21 07:43:05] INFO     main_window: MainWindow initialized.
[2026-09-21 07:44:27] INFO     main: PixelClick exited.
[2026-09-21 07:45:20] INFO     main: PixelClick starting…
[2026-09-21 07:45:21] INFO     main_window: Global hotkeys registered.
[2026-09-21 07:45:21] INFO     main_window: MainWindow initialized.
[2026-09-21 07:48:58] INFO     main: PixelClick starting…
[2026-09-21 07:48:59] INFO     main_window: Global hotkeys registered.
[2026-09-21 07:48:59] INFO     main_window: MainWindow initialized.
[2026-09-21 07:49:11] INFO     main: PixelClick exited.
[2026-09-21 07:56:39] INFO     main: PixelClick starting…
[2026-09-21 07:56:40] INFO     main_window: Global hotkeys registered.
[2026-09-21 07:56:40] INFO     main_window: MainWindow initialized.
[2026-09-21 07:57:15] INFO     main_window: Snipped template saved to D:\Projects\PixelClick\data\snip_1789952235.png (Delay: 300ms)
[2026-09-21 07:57:15] DEBUG    main_window: Mode: Template Matching
[2026-09-21 07:57:22] INFO     template_match: Template loaded: D:\Projects\PixelClick\data\snip_1789952235.png  (178×192)
[2026-09-21 07:57:22] INFO     multi_template: Initialized MultiTemplateDetector with 1 templates (Mode: Sequential)
[2026-09-21 07:57:22] INFO     worker: Detection worker started.
[2026-09-21 07:57:22] DEBUG    mouse: Clicked at (842, 582)  mode=sendinput  total=1
[2026-09-21 07:57:22] DEBUG    mouse: Clicked at (842, 582)  mode=sendinput  total=2
[2026-09-21 07:57:28] DEBUG    mouse: Clicked at (1102, 470)  mode=sendinput  total=3
[2026-09-21 07:57:36] DEBUG    mouse: Clicked at (578, 360)  mode=sendinput  total=4
[2026-09-21 07:57:39] INFO     worker: Detection worker stopped.
[2026-09-21 07:57:54] INFO     template_match: Template loaded: D:\Projects\PixelClick\data\snip_1789952235.png  (178×192)
[2026-09-21 07:57:54] INFO     multi_template: Initialized MultiTemplateDetector with 1 templates (Mode: Sequential)
[2026-09-21 07:57:54] INFO     worker: Detection worker started.
[2026-09-21 07:57:54] DEBUG    mouse: Clicked at (974, 707)  mode=sendinput  total=1
[2026-09-21 07:58:01] DEBUG    mouse: Clicked at (907, 528)  mode=sendinput  total=2
[2026-09-21 07:58:08] DEBUG    mouse: Clicked at (1194, 407)  mode=sendinput  total=3
[2026-09-21 07:58:15] DEBUG    mouse: Clicked at (1427, 465)  mode=sendinput  total=4
[2026-09-21 07:58:21] DEBUG    mouse: Clicked at (637, 760)  mode=sendinput  total=5
[2026-09-21 07:58:29] DEBUG    mouse: Clicked at (797, 695)  mode=sendinput  total=6
[2026-09-21 07:58:36] DEBUG    mouse: Clicked at (1194, 746)  mode=sendinput  total=7
[2026-09-21 07:58:42] DEBUG    mouse: Clicked at (662, 623)  mode=sendinput  total=8
[2026-09-21 07:58:50] DEBUG    mouse: Clicked at (1418, 689)  mode=sendinput  total=9
[2026-09-21 07:58:57] DEBUG    mouse: Clicked at (954, 443)  mode=sendinput  total=10
[2026-09-21 07:59:05] DEBUG    mouse: Clicked at (971, 376)  mode=sendinput  total=11
[2026-09-21 07:59:11] DEBUG    mouse: Clicked at (1636, 718)  mode=sendinput  total=12
[2026-09-21 07:59:11] DEBUG    mouse: Clicked at (1637, 722)  mode=sendinput  total=13
[2026-09-21 07:59:11] DEBUG    mouse: Clicked at (1637, 724)  mode=sendinput  total=14
[2026-09-21 07:59:12] DEBUG    mouse: Clicked at (1059, 587)  mode=sendinput  total=15
[2026-09-21 07:59:14] DEBUG    mouse: Clicked at (1636, 720)  mode=sendinput  total=16
[2026-09-21 07:59:18] DEBUG    mouse: Clicked at (824, 338)  mode=sendinput  total=17
[2026-09-21 07:59:25] DEBUG    mouse: Clicked at (1269, 488)  mode=sendinput  total=18
[2026-09-21 07:59:33] DEBUG    mouse: Clicked at (791, 338)  mode=sendinput  total=19
[2026-09-21 07:59:39] DEBUG    mouse: Clicked at (736, 369)  mode=sendinput  total=20
[2026-09-21 07:59:45] DEBUG    mouse: Clicked at (1337, 394)  mode=sendinput  total=21
[2026-09-21 07:59:51] DEBUG    mouse: Clicked at (780, 717)  mode=sendinput  total=22
[2026-09-21 07:59:59] DEBUG    mouse: Clicked at (1276, 569)  mode=sendinput  total=23
[2026-09-21 08:00:06] DEBUG    mouse: Clicked at (732, 559)  mode=sendinput  total=24
[2026-09-21 08:00:08] INFO     worker: Detection worker stopped.
[2026-09-21 08:00:40] INFO     main: PixelClick exited.
[2026-09-21 08:02:13] INFO     main: PixelClick starting…
[2026-09-21 08:02:14] INFO     main_window: Global hotkeys registered.
[2026-09-21 08:02:14] INFO     main_window: MainWindow initialized.
[2026-09-21 08:03:42] INFO     main: PixelClick starting…
[2026-09-21 08:03:42] INFO     main_window: Global hotkeys registered.
[2026-09-21 08:03:42] INFO     main_window: MainWindow initialized.
[2026-09-21 08:03:59] INFO     main_window: Snipped template saved to D:\Projects\PixelClick\data\snip_1789952639.png (Delay: 300ms)
[2026-09-21 08:03:59] DEBUG    main_window: Mode: Template Matching
[2026-09-21 08:04:05] INFO     template_match: Template loaded: D:\Projects\PixelClick\data\snip_1789952639.png  (168×196)
[2026-09-21 08:04:05] INFO     multi_template: Initialized MultiTemplateDetector with 1 templates (Mode: Sequential)
[2026-09-21 08:04:05] INFO     worker: Detection worker started.
[2026-09-21 08:04:05] DEBUG    mouse: Clicked at (1404, 745)  mode=sendinput  total=1
[2026-09-21 08:04:12] DEBUG    mouse: Clicked at (1351, 721)  mode=sendinput  total=2
[2026-09-21 08:04:14] INFO     worker: Detection worker stopped.
[2026-09-21 08:04:19] INFO     main: PixelClick exited.
[2026-09-21 08:05:00] INFO     main: PixelClick starting…
[2026-09-21 08:05:01] INFO     main_window: Global hotkeys registered.
[2026-09-21 08:05:01] INFO     main_window: MainWindow initialized.
[2026-09-21 08:05:38] INFO     main: PixelClick starting…
[2026-09-21 08:05:39] INFO     main_window: Global hotkeys registered.
[2026-09-21 08:05:39] INFO     main_window: MainWindow initialized.
[2026-09-21 08:06:00] INFO     main_window: Snipped template saved to D:\Projects\PixelClick\data\snip_1789952760.png (Delay: 300ms)
[2026-09-21 08:06:00] DEBUG    main_window: Mode: Template Matching
[2026-09-21 08:06:04] INFO     template_match: Template loaded: D:\Projects\PixelClick\data\snip_1789952760.png  (159×192)
[2026-09-21 08:06:04] INFO     multi_template: Initialized MultiTemplateDetector with 1 templates (Mode: Sequential)
[2026-09-21 08:06:04] INFO     worker: Detection worker started.
[2026-09-21 08:06:04] DEBUG    mouse: Clicked at (1146, 338)  mode=sendinput  total=1
[2026-09-21 08:06:04] DEBUG    mouse: Clicked at (1147, 338)  mode=sendinput  total=2
[2026-09-21 08:06:10] DEBUG    mouse: Clicked at (1363, 710)  mode=sendinput  total=3
[2026-09-21 08:06:13] INFO     worker: Detection worker stopped.
[2026-09-21 08:06:18] INFO     main: PixelClick exited.
[2026-09-21 08:08:57] INFO     main: PixelClick starting…
[2026-09-21 08:09:14] INFO     main: PixelClick starting…
[2026-09-21 08:09:15] INFO     main_window: Global hotkeys registered.
[2026-09-21 08:09:15] INFO     main_window: MainWindow initialized.
[2026-09-21 08:10:33] INFO     main: PixelClick starting…
[2026-09-21 08:10:33] INFO     main_window: Global hotkeys registered.
[2026-09-21 08:10:33] INFO     main_window: MainWindow initialized.
[2026-09-21 08:10:41] INFO     main_window: Snipped template saved to D:\Projects\PixelClick\data\snip_1789953041.png (Delay: 300ms)
[2026-09-21 08:10:41] DEBUG    main_window: Mode: Template Matching
[2026-09-21 08:10:47] INFO     template_match: Template loaded: D:\Projects\PixelClick\data\snip_1789953041.png  (184×203)
[2026-09-21 08:10:47] INFO     multi_template: Initialized MultiTemplateDetector with 1 templates (Mode: Sequential)
[2026-09-21 08:10:47] INFO     worker: Detection worker started.
[2026-09-21 08:10:47] DEBUG    mouse: Clicked at (592, 624)  mode=sendinput  total=1
[2026-09-21 08:10:54] DEBUG    mouse: Clicked at (968, 421)  mode=sendinput  total=2
[2026-09-21 08:11:01] DEBUG    mouse: Clicked at (1396, 572)  mode=sendinput  total=3
[2026-09-21 08:11:09] DEBUG    mouse: Clicked at (952, 544)  mode=sendinput  total=4
[2026-09-21 08:11:15] DEBUG    mouse: Clicked at (704, 678)  mode=sendinput  total=5
[2026-09-21 08:11:23] DEBUG    mouse: Clicked at (775, 679)  mode=sendinput  total=6
[2026-09-21 08:11:29] DEBUG    mouse: Clicked at (1368, 405)  mode=sendinput  total=7
[2026-09-21 08:11:35] DEBUG    mouse: Clicked at (1169, 571)  mode=sendinput  total=8
[2026-09-21 08:11:43] DEBUG    mouse: Clicked at (957, 353)  mode=sendinput  total=9
[2026-09-21 08:11:51] DEBUG    mouse: Clicked at (569, 493)  mode=sendinput  total=10
[2026-09-21 08:11:58] DEBUG    mouse: Clicked at (1241, 684)  mode=sendinput  total=11
[2026-09-21 08:12:06] DEBUG    mouse: Clicked at (1147, 550)  mode=sendinput  total=12
[2026-09-21 08:12:13] DEBUG    mouse: Clicked at (578, 391)  mode=sendinput  total=13
[2026-09-21 08:12:22] DEBUG    mouse: Clicked at (958, 348)  mode=sendinput  total=14
[2026-09-21 08:12:30] DEBUG    mouse: Clicked at (702, 726)  mode=sendinput  total=15
[2026-09-21 08:12:37] DEBUG    mouse: Clicked at (652, 637)  mode=sendinput  total=16
[2026-09-21 08:12:45] DEBUG    mouse: Clicked at (495, 693)  mode=sendinput  total=17
[2026-09-21 08:12:52] DEBUG    mouse: Clicked at (947, 355)  mode=sendinput  total=18
[2026-09-21 08:12:59] DEBUG    mouse: Clicked at (1057, 495)  mode=sendinput  total=19
[2026-09-21 08:13:06] DEBUG    mouse: Clicked at (759, 411)  mode=sendinput  total=20
[2026-09-21 08:13:12] DEBUG    mouse: Clicked at (569, 607)  mode=sendinput  total=21
[2026-09-21 08:13:19] DEBUG    mouse: Clicked at (968, 492)  mode=sendinput  total=22
[2026-09-21 08:13:26] DEBUG    mouse: Clicked at (1403, 546)  mode=sendinput  total=23
[2026-09-21 08:13:32] DEBUG    mouse: Clicked at (614, 336)  mode=sendinput  total=24
[2026-09-21 08:13:40] DEBUG    mouse: Clicked at (648, 717)  mode=sendinput  total=25
[2026-09-21 08:13:47] DEBUG    mouse: Clicked at (515, 727)  mode=sendinput  total=26
[2026-09-21 08:13:54] DEBUG    mouse: Clicked at (573, 722)  mode=sendinput  total=27
[2026-09-21 08:14:00] DEBUG    mouse: Clicked at (1421, 710)  mode=sendinput  total=28
[2026-09-21 08:14:07] DEBUG    mouse: Clicked at (1161, 638)  mode=sendinput  total=29
[2026-09-21 08:14:14] DEBUG    mouse: Clicked at (1327, 650)  mode=sendinput  total=30
[2026-09-21 08:14:20] DEBUG    mouse: Clicked at (653, 551)  mode=sendinput  total=31
[2026-09-21 08:14:28] DEBUG    mouse: Clicked at (1293, 477)  mode=sendinput  total=32
[2026-09-21 08:14:36] DEBUG    mouse: Clicked at (1392, 422)  mode=sendinput  total=33
[2026-09-21 08:14:43] DEBUG    mouse: Clicked at (610, 338)  mode=sendinput  total=34
[2026-09-21 08:14:51] DEBUG    mouse: Clicked at (564, 655)  mode=sendinput  total=35
[2026-09-21 08:14:59] DEBUG    mouse: Clicked at (772, 528)  mode=sendinput  total=36
[2026-09-21 08:15:06] DEBUG    mouse: Clicked at (918, 453)  mode=sendinput  total=37
[2026-09-21 08:15:14] DEBUG    mouse: Clicked at (479, 589)  mode=sendinput  total=38
[2026-09-21 08:15:21] DEBUG    mouse: Clicked at (1095, 539)  mode=sendinput  total=39
[2026-09-21 08:15:27] DEBUG    mouse: Clicked at (737, 618)  mode=sendinput  total=40
[2026-09-21 08:15:35] DEBUG    mouse: Clicked at (810, 633)  mode=sendinput  total=41
[2026-09-21 08:15:42] DEBUG    mouse: Clicked at (911, 607)  mode=sendinput  total=42
[2026-09-21 08:15:50] DEBUG    mouse: Clicked at (1412, 599)  mode=sendinput  total=43
[2026-09-21 08:15:57] DEBUG    mouse: Clicked at (635, 550)  mode=sendinput  total=44
[2026-09-21 08:16:05] DEBUG    mouse: Clicked at (1301, 414)  mode=sendinput  total=45
[2026-09-21 08:16:12] DEBUG    mouse: Clicked at (644, 498)  mode=sendinput  total=46
[2026-09-21 08:16:18] DEBUG    mouse: Clicked at (785, 582)  mode=sendinput  total=47
[2026-09-21 08:16:24] DEBUG    mouse: Clicked at (547, 609)  mode=sendinput  total=48
[2026-09-21 08:16:32] DEBUG    mouse: Clicked at (1437, 356)  mode=sendinput  total=49
[2026-09-21 08:16:38] DEBUG    mouse: Clicked at (1237, 572)  mode=sendinput  total=50
[2026-09-21 08:16:45] DEBUG    mouse: Clicked at (533, 433)  mode=sendinput  total=51
[2026-09-21 08:16:52] DEBUG    mouse: Clicked at (668, 730)  mode=sendinput  total=52
[2026-09-21 08:16:59] DEBUG    mouse: Clicked at (1156, 569)  mode=sendinput  total=53
[2026-09-21 08:17:06] DEBUG    mouse: Clicked at (853, 547)  mode=sendinput  total=54
[2026-09-21 08:17:13] DEBUG    mouse: Clicked at (1244, 703)  mode=sendinput  total=55
[2026-09-21 08:17:20] DEBUG    mouse: Clicked at (620, 560)  mode=sendinput  total=56
[2026-09-21 08:17:27] DEBUG    mouse: Clicked at (915, 715)  mode=sendinput  total=57
[2026-09-21 08:17:33] DEBUG    mouse: Clicked at (979, 463)  mode=sendinput  total=58
[2026-09-21 08:17:39] DEBUG    mouse: Clicked at (1219, 353)  mode=sendinput  total=59
[2026-09-21 08:17:46] DEBUG    mouse: Clicked at (1421, 376)  mode=sendinput  total=60
[2026-09-21 08:17:53] DEBUG    mouse: Clicked at (1407, 738)  mode=sendinput  total=61
[2026-09-21 08:18:00] DEBUG    mouse: Clicked at (572, 557)  mode=sendinput  total=62
[2026-09-21 08:18:06] DEBUG    mouse: Clicked at (1293, 396)  mode=sendinput  total=63
[2026-09-21 08:18:13] DEBUG    mouse: Clicked at (1372, 592)  mode=sendinput  total=64
[2026-09-21 08:18:20] DEBUG    mouse: Clicked at (1299, 370)  mode=sendinput  total=65
[2026-09-21 08:18:26] DEBUG    mouse: Clicked at (1267, 449)  mode=sendinput  total=66
[2026-09-21 08:18:33] DEBUG    mouse: Clicked at (1144, 683)  mode=sendinput  total=67
[2026-09-21 08:18:39] DEBUG    mouse: Clicked at (579, 345)  mode=sendinput  total=68
[2026-09-21 08:18:46] DEBUG    mouse: Clicked at (908, 552)  mode=sendinput  total=69
[2026-09-21 08:18:54] DEBUG    mouse: Clicked at (753, 513)  mode=sendinput  total=70
[2026-09-21 08:19:01] DEBUG    mouse: Clicked at (1152, 516)  mode=sendinput  total=71
[2026-09-21 08:19:07] DEBUG    mouse: Clicked at (1234, 686)  mode=sendinput  total=72
[2026-09-21 08:19:15] DEBUG    mouse: Clicked at (1376, 572)  mode=sendinput  total=73
[2026-09-21 08:19:23] DEBUG    mouse: Clicked at (1377, 337)  mode=sendinput  total=74
[2026-09-21 08:19:26] INFO     worker: Detection worker stopped.
[2026-09-21 08:19:34] INFO     main: PixelClick exited.
[2026-09-21 08:21:42] INFO     main: PixelClick starting…
[2026-09-21 08:21:43] INFO     main_window: Global hotkeys registered.
[2026-09-21 08:21:43] INFO     main_window: MainWindow initialized.
[2026-09-21 08:22:43] INFO     main: PixelClick starting…
[2026-09-21 08:22:44] INFO     main_window: Global hotkeys registered.
[2026-09-21 08:22:44] INFO     main_window: MainWindow initialized.
[2026-09-21 08:23:01] INFO     main_window: Snipped template saved to D:\Projects\PixelClick\data\snip_1789953781.png (Delay: 300ms)
[2026-09-21 08:23:01] DEBUG    main_window: Mode: Template Matching
[2026-09-21 08:23:15] INFO     template_match: Template loaded: D:\Projects\PixelClick\data\snip_1789953781.png  (178×196)
[2026-09-21 08:23:15] INFO     multi_template: Initialized MultiTemplateDetector with 1 templates (Mode: Sequential)
[2026-09-21 08:23:15] INFO     worker: Detection worker started.
[2026-09-21 08:23:16] DEBUG    mouse: Clicked at (792, 718)  mode=sendinput  total=1
[2026-09-21 08:23:19] INFO     worker: Detection worker stopped.
[2026-09-21 08:24:17] INFO     main: PixelClick exited.
[2026-09-21 08:24:29] INFO     main: PixelClick starting…
[2026-09-21 08:24:29] INFO     main_window: Global hotkeys registered.
[2026-09-21 08:24:29] INFO     main_window: MainWindow initialized.
[2026-09-21 08:25:21] INFO     main: PixelClick starting…
[2026-09-21 08:25:22] INFO     main_window: Global hotkeys registered.
[2026-09-21 08:25:22] INFO     main_window: MainWindow initialized.
[2026-09-21 08:26:02] INFO     main_window: Snipped template saved to D:\Projects\PixelClick\data\snip_1789953962.png (Delay: 300ms)
[2026-09-21 08:26:02] DEBUG    main_window: Mode: Template Matching
[2026-09-21 08:26:07] INFO     template_match: Template loaded: D:\Projects\PixelClick\data\snip_1789953962.png  (189×213)
[2026-09-21 08:26:07] INFO     multi_template: Initialized MultiTemplateDetector with 1 templates (Mode: Sequential)
[2026-09-21 08:26:07] INFO     worker: Detection worker started.
[2026-09-21 08:26:07] DEBUG    mouse: Clicked at (554, 662)  mode=sendinput  total=1
[2026-09-21 08:26:08] DEBUG    mouse: Clicked at (554, 662)  mode=sendinput  total=2
[2026-09-21 08:26:15] DEBUG    mouse: Clicked at (640, 662)  mode=sendinput  total=3
[2026-09-21 08:26:21] DEBUG    mouse: Clicked at (619, 436)  mode=sendinput  total=4
[2026-09-21 08:26:29] DEBUG    mouse: Clicked at (758, 711)  mode=sendinput  total=5
[2026-09-21 08:26:35] DEBUG    mouse: Clicked at (1063, 692)  mode=sendinput  total=6
[2026-09-21 08:26:41] DEBUG    mouse: Clicked at (1153, 408)  mode=sendinput  total=7
[2026-09-21 08:26:49] DEBUG    mouse: Clicked at (1402, 667)  mode=sendinput  total=8
[2026-09-21 08:26:55] DEBUG    mouse: Clicked at (1246, 343)  mode=sendinput  total=9
[2026-09-21 08:27:02] DEBUG    mouse: Clicked at (1050, 725)  mode=sendinput  total=10
[2026-09-21 08:27:09] DEBUG    mouse: Clicked at (1024, 376)  mode=sendinput  total=11
[2026-09-21 08:27:11] INFO     worker: Detection worker stopped.
[2026-09-21 08:27:15] INFO     template_match: Template loaded: D:\Projects\PixelClick\data\snip_1789953962.png  (189×213)
[2026-09-21 08:27:15] INFO     multi_template: Initialized MultiTemplateDetector with 1 templates (Mode: Sequential)
[2026-09-21 08:27:15] INFO     worker: Detection worker started.
[2026-09-21 08:27:25] DEBUG    mouse: Clicked at (587, 625)  mode=sendinput  total=1
[2026-09-21 08:27:27] DEBUG    mouse: Clicked at (587, 624)  mode=sendinput  total=2
[2026-09-21 08:27:31] DEBUG    mouse: Clicked at (587, 624)  mode=sendinput  total=3
[2026-09-21 08:27:31] DEBUG    mouse: Clicked at (587, 625)  mode=sendinput  total=4
[2026-09-21 08:27:49] DEBUG    mouse: Clicked at (1301, 398)  mode=sendinput  total=5
[2026-09-21 08:27:49] DEBUG    mouse: Clicked at (1301, 398)  mode=sendinput  total=6
[2026-09-21 08:27:57] INFO     worker: Detection worker stopped.
[2026-09-21 08:28:14] INFO     main: PixelClick exited.
[2026-09-21 08:33:07] INFO     main: PixelClick starting…
[2026-09-21 08:33:07] INFO     main_window: Global hotkeys registered.
[2026-09-21 08:33:07] INFO     main_window: MainWindow initialized.
[2026-09-21 08:33:11] INFO     main: PixelClick exited.
[2026-09-21 08:34:22] INFO     main: PixelClick starting…
[2026-09-21 08:34:23] INFO     main_window: Global hotkeys registered.
[2026-09-21 08:34:23] INFO     main_window: MainWindow initialized.
[2026-09-21 08:34:47] INFO     main: PixelClick starting…
[2026-09-21 08:34:48] INFO     main_window: Global hotkeys registered.
[2026-09-21 08:34:48] INFO     main_window: MainWindow initialized.
[2026-09-21 08:35:29] INFO     main: PixelClick exited.
[2026-09-21 08:44:18] INFO     main: PixelClick starting…
[2026-09-21 08:44:18] WARNING  main_window: Could not set window icon: '_tkinter.tkapp' object has no attribute '_icons'
[2026-09-21 08:49:50] INFO     main: PixelClick starting…
[2026-09-21 08:49:51] INFO     main_window: Global hotkeys registered.
[2026-09-21 08:49:51] INFO     main_window: MainWindow initialized.
[2026-09-21 08:50:24] INFO     main: PixelClick starting…
[2026-09-21 08:50:25] INFO     main_window: Global hotkeys registered.
[2026-09-21 08:50:25] INFO     main_window: MainWindow initialized.
[2026-09-21 08:50:58] INFO     main: PixelClick exited.
[2026-09-21 08:55:11] INFO     main: PixelClick starting…
[2026-09-21 08:55:13] INFO     main_window: Global hotkeys registered.
[2026-09-21 08:55:13] INFO     main_window: MainWindow initialized.
[2026-09-21 08:55:32] INFO     main: PixelClick starting…
[2026-09-21 08:55:34] INFO     main_window: Global hotkeys registered.
[2026-09-21 08:55:34] INFO     main_window: MainWindow initialized.
[2026-09-21 08:56:56] INFO     main: PixelClick exited.
[2026-09-21 08:59:28] INFO     main: PixelClick starting…
[2026-09-21 08:59:29] INFO     main_window: Global hotkeys registered.
[2026-09-21 08:59:29] INFO     main_window: MainWindow initialized.
[2026-09-21 08:59:55] INFO     main: PixelClick starting…
[2026-09-21 08:59:56] INFO     main_window: Global hotkeys registered.
[2026-09-21 08:59:56] INFO     main_window: MainWindow initialized.
[2026-09-21 09:00:35] INFO     main: PixelClick exited.
